family,seed,source,layout,arm,round,position,ns,prep_ns,ingest_ns
sparse,42,333,bfs,mean_ring,0,0,120700,889900,11216200
sparse,42,333,identity,mean_ring,0,1,102800,0,11216200
sparse,42,333,potential,fourary,0,2,524400,38538100,11216200
sparse,42,333,rcm,mean_ring,0,3,156200,691800,11216200
sparse,42,333,potential,mean_ring,0,4,127500,38538100,11216200
sparse,42,333,identity,fourary,0,5,196800,0,11216200
sparse,42,333,rcm,fourary,0,6,161600,691800,11216200
sparse,42,333,bfs,fourary,0,7,162300,889900,11216200
sparse,42,333,bfs,fourary,1,0,150300,889900,11216200
sparse,42,333,rcm,fourary,1,1,146400,691800,11216200
sparse,42,333,identity,fourary,1,2,145300,0,11216200
sparse,42,333,potential,mean_ring,1,3,254500,38538100,11216200
sparse,42,333,rcm,mean_ring,1,4,115700,691800,11216200
sparse,42,333,potential,fourary,1,5,177000,38538100,11216200
sparse,42,333,identity,mean_ring,1,6,147900,0,11216200
sparse,42,333,bfs,mean_ring,1,7,93300,889900,11216200
sparse,42,333,potential,fourary,2,0,171000,38538100,11216200
sparse,42,333,identity,mean_ring,2,1,86800,0,11216200
sparse,42,333,bfs,mean_ring,2,2,76100,889900,11216200
sparse,42,333,potential,mean_ring,2,3,70700,38538100,11216200
sparse,42,333,rcm,fourary,2,4,172700,691800,11216200
sparse,42,333,identity,fourary,2,5,162800,0,11216200
sparse,42,333,bfs,fourary,2,6,159400,889900,11216200
sparse,42,333,rcm,mean_ring,2,7,112100,691800,11216200
sparse,42,333,rcm,mean_ring,3,0,105300,691800,11216200
sparse,42,333,bfs,fourary,3,1,147300,889900,11216200
sparse,42,333,identity,fourary,3,2,143700,0,11216200
sparse,42,333,rcm,fourary,3,3,141500,691800,11216200
sparse,42,333,potential,mean_ring,3,4,103100,38538100,11216200
sparse,42,333,bfs,mean_ring,3,5,94200,889900,11216200
sparse,42,333,identity,mean_ring,3,6,79700,0,11216200
sparse,42,333,potential,fourary,3,7,206700,38538100,11216200
sparse,42,333,potential,fourary,4,0,164800,38538100,11216200
sparse,42,333,rcm,mean_ring,4,1,84300,691800,11216200
sparse,42,333,bfs,fourary,4,2,158300,889900,11216200
sparse,42,333,rcm,fourary,4,3,156300,691800,11216200
sparse,42,333,identity,fourary,4,4,154000,0,11216200
sparse,42,333,identity,mean_ring,4,5,82700,0,11216200
sparse,42,333,bfs,mean_ring,4,6,127100,889900,11216200
sparse,42,333,potential,mean_ring,4,7,80500,38538100,11216200
sparse,42,333,potential,mean_ring,5,0,65000,38538100,11216200
sparse,42,333,bfs,mean_ring,5,1,58800,889900,11216200
sparse,42,333,identity,mean_ring,5,2,58000,0,11216200
sparse,42,333,identity,fourary,5,3,171900,0,11216200
sparse,42,333,rcm,fourary,5,4,165400,691800,11216200
sparse,42,333,bfs,fourary,5,5,152200,889900,11216200
sparse,42,333,rcm,mean_ring,5,6,109100,691800,11216200
sparse,42,333,potential,fourary,5,7,159800,38538100,11216200
sparse,42,333,identity,mean_ring,6,0,110300,0,11216200
sparse,42,333,rcm,fourary,6,1,166700,691800,11216200
sparse,42,333,potential,mean_ring,6,2,107900,38538100,11216200
sparse,42,333,potential,fourary,6,3,161000,38538100,11216200
sparse,42,333,identity,fourary,6,4,154800,0,11216200
sparse,42,333,rcm,mean_ring,6,5,103800,691800,11216200
sparse,42,333,bfs,mean_ring,6,6,104200,889900,11216200
sparse,42,333,bfs,fourary,6,7,148600,889900,11216200
sparse,42,333,bfs,fourary,7,0,148400,889900,11216200
sparse,42,333,bfs,mean_ring,7,1,94400,889900,11216200
sparse,42,333,rcm,mean_ring,7,2,92900,691800,11216200
sparse,42,333,identity,fourary,7,3,162700,0,11216200
sparse,42,333,potential,fourary,7,4,158100,38538100,11216200
sparse,42,333,potential,mean_ring,7,5,102200,38538100,11216200
sparse,42,333,rcm,fourary,7,6,169500,691800,11216200
sparse,42,333,identity,mean_ring,7,7,101000,0,11216200
sparse,42,333,bfs,mean_ring,8,0,145900,889900,11216200
sparse,42,333,rcm,mean_ring,8,1,117900,691800,11216200
sparse,42,333,identity,mean_ring,8,2,95400,0,11216200
sparse,42,333,identity,fourary,8,3,200900,0,11216200
sparse,42,333,potential,mean_ring,8,4,96100,38538100,11216200
sparse,42,333,rcm,fourary,8,5,169800,691800,11216200
sparse,42,333,potential,fourary,8,6,165400,38538100,11216200
sparse,42,333,bfs,fourary,8,7,164800,889900,11216200
sparse,42,333,bfs,fourary,9,0,161000,889900,11216200
sparse,42,333,potential,fourary,9,1,149400,38538100,11216200
sparse,42,333,rcm,fourary,9,2,144300,691800,11216200
sparse,42,333,potential,mean_ring,9,3,110200,38538100,11216200
sparse,42,333,identity,fourary,9,4,151700,0,11216200
sparse,42,333,identity,mean_ring,9,5,108300,0,11216200
sparse,42,333,rcm,mean_ring,9,6,105500,691800,11216200
sparse,42,333,bfs,mean_ring,9,7,104600,889900,11216200
sparse,42,333,bfs,mean_ring,10,0,82800,889900,11216200
sparse,42,333,potential,mean_ring,10,1,82900,38538100,11216200
sparse,42,333,rcm,fourary,10,2,184400,691800,11216200
sparse,42,333,identity,mean_ring,10,3,89300,0,11216200
sparse,42,333,potential,fourary,10,4,168000,38538100,11216200
sparse,42,333,identity,fourary,10,5,168100,0,11216200
sparse,42,333,bfs,fourary,10,6,155200,889900,11216200
sparse,42,333,rcm,mean_ring,10,7,115500,691800,11216200
sparse,42,333,rcm,mean_ring,11,0,103900,691800,11216200
sparse,42,333,bfs,fourary,11,1,152200,889900,11216200
sparse,42,333,identity,fourary,11,2,178700,0,11216200
sparse,42,333,potential,fourary,11,3,148600,38538100,11216200
sparse,42,333,identity,mean_ring,11,4,101200,0,11216200
sparse,42,333,rcm,fourary,11,5,146000,691800,11216200
sparse,42,333,potential,mean_ring,11,6,99800,38538100,11216200
sparse,42,333,bfs,mean_ring,11,7,102400,889900,11216200
sparse,42,666,identity,mean_ring,0,0,106300,0,11216200
sparse,42,666,rcm,mean_ring,0,1,83200,691800,11216200
sparse,42,666,identity,fourary,0,2,156700,0,11216200
sparse,42,666,bfs,mean_ring,0,3,89500,889900,11216200
sparse,42,666,bfs,fourary,0,4,155400,889900,11216200
sparse,42,666,rcm,fourary,0,5,154300,691800,11216200
sparse,42,666,potential,fourary,0,6,157100,38538100,11216200
sparse,42,666,potential,mean_ring,0,7,89300,38538100,11216200
sparse,42,666,potential,mean_ring,1,0,82100,38538100,11216200
sparse,42,666,potential,fourary,1,1,168700,38538100,11216200
sparse,42,666,rcm,fourary,1,2,163500,691800,11216200
sparse,42,666,bfs,fourary,1,3,155000,889900,11216200
sparse,42,666,bfs,mean_ring,1,4,84400,889900,11216200
sparse,42,666,identity,fourary,1,5,160200,0,11216200
sparse,42,666,rcm,mean_ring,1,6,175700,691800,11216200
sparse,42,666,identity,mean_ring,1,7,108800,0,11216200
sparse,42,666,potential,mean_ring,2,0,89700,38538100,11216200
sparse,42,666,identity,fourary,2,1,174200,0,11216200
sparse,42,666,bfs,mean_ring,2,2,91700,889900,11216200
sparse,42,666,potential,fourary,2,3,168300,38538100,11216200
sparse,42,666,bfs,fourary,2,4,204400,889900,11216200
sparse,42,666,identity,mean_ring,2,5,148100,0,11216200
sparse,42,666,rcm,mean_ring,2,6,129400,691800,11216200
sparse,42,666,rcm,fourary,2,7,181300,691800,11216200
sparse,42,666,rcm,fourary,3,0,166200,691800,11216200
sparse,42,666,rcm,mean_ring,3,1,100000,691800,11216200
sparse,42,666,identity,mean_ring,3,2,90300,0,11216200
sparse,42,666,bfs,fourary,3,3,160400,889900,11216200
sparse,42,666,potential,fourary,3,4,157900,38538100,11216200
sparse,42,666,bfs,mean_ring,3,5,88000,889900,11216200
sparse,42,666,identity,fourary,3,6,150900,0,11216200
sparse,42,666,potential,mean_ring,3,7,86500,38538100,11216200
sparse,42,666,identity,fourary,4,0,149900,0,11216200
sparse,42,666,rcm,fourary,4,1,164700,691800,11216200
sparse,42,666,bfs,mean_ring,4,2,93800,889900,11216200
sparse,42,666,identity,mean_ring,4,3,82100,0,11216200
sparse,42,666,rcm,mean_ring,4,4,68200,691800,11216200
sparse,42,666,potential,fourary,4,5,187500,38538100,11216200
sparse,42,666,potential,mean_ring,4,6,72800,38538100,11216200
sparse,42,666,bfs,fourary,4,7,166400,889900,11216200
sparse,42,666,bfs,fourary,5,0,162200,889900,11216200
sparse,42,666,potential,mean_ring,5,1,71400,38538100,11216200
sparse,42,666,potential,fourary,5,2,158400,38538100,11216200
sparse,42,666,rcm,mean_ring,5,3,72300,691800,11216200
sparse,42,666,identity,mean_ring,5,4,71100,0,11216200
sparse,42,666,bfs,mean_ring,5,5,68900,889900,11216200
sparse,42,666,rcm,fourary,5,6,170600,691800,11216200
sparse,42,666,identity,fourary,5,7,164400,0,11216200
sparse,42,666,bfs,mean_ring,6,0,74300,889900,11216200
sparse,42,666,potential,mean_ring,6,1,64400,38538100,11216200
sparse,42,666,rcm,mean_ring,6,2,101400,691800,11216200
sparse,42,666,potential,fourary,6,3,180800,38538100,11216200
sparse,42,666,rcm,fourary,6,4,167200,691800,11216200
sparse,42,666,identity,fourary,6,5,160000,0,11216200
sparse,42,666,identity,mean_ring,6,6,91500,0,11216200
sparse,42,666,bfs,fourary,6,7,153500,889900,11216200
sparse,42,666,bfs,fourary,7,0,150200,889900,11216200
sparse,42,666,identity,mean_ring,7,1,88700,0,11216200
sparse,42,666,identity,fourary,7,2,161800,0,11216200
sparse,42,666,rcm,fourary,7,3,192300,691800,11216200
sparse,42,666,potential,fourary,7,4,174400,38538100,11216200
sparse,42,666,rcm,mean_ring,7,5,142800,691800,11216200
sparse,42,666,potential,mean_ring,7,6,133900,38538100,11216200
sparse,42,666,bfs,mean_ring,7,7,179600,889900,11216200
sparse,42,666,potential,fourary,8,0,179600,38538100,11216200
sparse,42,666,rcm,mean_ring,8,1,140600,691800,11216200
sparse,42,666,identity,fourary,8,2,167700,0,11216200
sparse,42,666,bfs,fourary,8,3,146000,889900,11216200
sparse,42,666,potential,mean_ring,8,4,103600,38538100,11216200
sparse,42,666,rcm,fourary,8,5,189200,691800,11216200
sparse,42,666,identity,mean_ring,8,6,127100,0,11216200
sparse,42,666,bfs,mean_ring,8,7,120400,889900,11216200
sparse,42,666,bfs,mean_ring,9,0,103700,889900,11216200
sparse,42,666,identity,mean_ring,9,1,97800,0,11216200
sparse,42,666,rcm,fourary,9,2,203200,691800,11216200
sparse,42,666,potential,mean_ring,9,3,132300,38538100,11216200
sparse,42,666,bfs,fourary,9,4,213100,889900,11216200
sparse,42,666,identity,fourary,9,5,195600,0,11216200
sparse,42,666,rcm,mean_ring,9,6,134800,691800,11216200
sparse,42,666,potential,fourary,9,7,202600,38538100,11216200
sparse,42,666,identity,fourary,10,0,159600,0,11216200
sparse,42,666,bfs,fourary,10,1,160100,889900,11216200
sparse,42,666,rcm,mean_ring,10,2,105200,691800,11216200
sparse,42,666,bfs,mean_ring,10,3,94900,889900,11216200
sparse,42,666,potential,mean_ring,10,4,93600,38538100,11216200
sparse,42,666,potential,fourary,10,5,165900,38538100,11216200
sparse,42,666,identity,mean_ring,10,6,95000,0,11216200
sparse,42,666,rcm,fourary,10,7,169300,691800,11216200
sparse,42,666,rcm,fourary,11,0,190900,691800,11216200
sparse,42,666,identity,mean_ring,11,1,120500,0,11216200
sparse,42,666,potential,fourary,11,2,182600,38538100,11216200
sparse,42,666,potential,mean_ring,11,3,115800,38538100,11216200
sparse,42,666,bfs,mean_ring,11,4,124200,889900,11216200
sparse,42,666,rcm,mean_ring,11,5,105700,691800,11216200
sparse,42,666,bfs,fourary,11,6,173700,889900,11216200
sparse,42,666,identity,fourary,11,7,156400,0,11216200
clustered,42,333,bfs,mean_ring,0,0,253800,2833100,63954400
clustered,42,333,identity,mean_ring,0,1,257000,0,63954400
clustered,42,333,potential,fourary,0,2,292500,154915200,63954400
clustered,42,333,rcm,mean_ring,0,3,231900,2968400,63954400
clustered,42,333,potential,mean_ring,0,4,225100,154915200,63954400
clustered,42,333,identity,fourary,0,5,355500,0,63954400
clustered,42,333,rcm,fourary,0,6,331400,2968400,63954400
clustered,42,333,bfs,fourary,0,7,295800,2833100,63954400
clustered,42,333,bfs,fourary,1,0,285700,2833100,63954400
clustered,42,333,rcm,fourary,1,1,277700,2968400,63954400
clustered,42,333,identity,fourary,1,2,293200,0,63954400
clustered,42,333,potential,mean_ring,1,3,269700,154915200,63954400
clustered,42,333,rcm,mean_ring,1,4,320400,2968400,63954400
clustered,42,333,potential,fourary,1,5,310400,154915200,63954400
clustered,42,333,identity,mean_ring,1,6,233500,0,63954400
clustered,42,333,bfs,mean_ring,1,7,238400,2833100,63954400
clustered,42,333,potential,fourary,2,0,310200,154915200,63954400
clustered,42,333,identity,mean_ring,2,1,320700,0,63954400
clustered,42,333,bfs,mean_ring,2,2,277200,2833100,63954400
clustered,42,333,potential,mean_ring,2,3,233100,154915200,63954400
clustered,42,333,rcm,fourary,2,4,318600,2968400,63954400
clustered,42,333,identity,fourary,2,5,295500,0,63954400
clustered,42,333,bfs,fourary,2,6,289300,2833100,63954400
clustered,42,333,rcm,mean_ring,2,7,225400,2968400,63954400
clustered,42,333,rcm,mean_ring,3,0,228400,2968400,63954400
clustered,42,333,bfs,fourary,3,1,394900,2833100,63954400
clustered,42,333,identity,fourary,3,2,390100,0,63954400
clustered,42,333,rcm,fourary,3,3,386200,2968400,63954400
clustered,42,333,potential,mean_ring,3,4,275400,154915200,63954400
clustered,42,333,bfs,mean_ring,3,5,237100,2833100,63954400
clustered,42,333,identity,mean_ring,3,6,233100,0,63954400
clustered,42,333,potential,fourary,3,7,315200,154915200,63954400
clustered,42,333,potential,fourary,4,0,302800,154915200,63954400
clustered,42,333,rcm,mean_ring,4,1,243600,2968400,63954400
clustered,42,333,bfs,fourary,4,2,347900,2833100,63954400
clustered,42,333,rcm,fourary,4,3,341100,2968400,63954400
clustered,42,333,identity,fourary,4,4,681300,0,63954400
clustered,42,333,identity,mean_ring,4,5,308700,0,63954400
clustered,42,333,bfs,mean_ring,4,6,306000,2833100,63954400
clustered,42,333,potential,mean_ring,4,7,259500,154915200,63954400
clustered,42,333,potential,mean_ring,5,0,224500,154915200,63954400
clustered,42,333,bfs,mean_ring,5,1,311400,2833100,63954400
clustered,42,333,identity,mean_ring,5,2,257900,0,63954400
clustered,42,333,identity,fourary,5,3,306600,0,63954400
clustered,42,333,rcm,fourary,5,4,312000,2968400,63954400
clustered,42,333,bfs,fourary,5,5,334300,2833100,63954400
clustered,42,333,rcm,mean_ring,5,6,1068500,2968400,63954400
clustered,42,333,potential,fourary,5,7,350300,154915200,63954400
clustered,42,333,identity,mean_ring,6,0,284700,0,63954400
clustered,42,333,rcm,fourary,6,1,387400,2968400,63954400
clustered,42,333,potential,mean_ring,6,2,270600,154915200,63954400
clustered,42,333,potential,fourary,6,3,307100,154915200,63954400
clustered,42,333,identity,fourary,6,4,369600,0,63954400
clustered,42,333,rcm,mean_ring,6,5,314500,2968400,63954400
clustered,42,333,bfs,mean_ring,6,6,341700,2833100,63954400
clustered,42,333,bfs,fourary,6,7,364400,2833100,63954400
clustered,42,333,bfs,fourary,7,0,378200,2833100,63954400
clustered,42,333,bfs,mean_ring,7,1,324100,2833100,63954400
clustered,42,333,rcm,mean_ring,7,2,255100,2968400,63954400
clustered,42,333,identity,fourary,7,3,312100,0,63954400
clustered,42,333,potential,fourary,7,4,316900,154915200,63954400
clustered,42,333,potential,mean_ring,7,5,243100,154915200,63954400
clustered,42,333,rcm,fourary,7,6,316700,2968400,63954400
clustered,42,333,identity,mean_ring,7,7,256600,0,63954400
clustered,42,333,bfs,mean_ring,8,0,257100,2833100,63954400
clustered,42,333,rcm,mean_ring,8,1,229300,2968400,63954400
clustered,42,333,identity,mean_ring,8,2,223500,0,63954400
clustered,42,333,identity,fourary,8,3,308600,0,63954400
clustered,42,333,potential,mean_ring,8,4,257900,154915200,63954400
clustered,42,333,rcm,fourary,8,5,306900,2968400,63954400
clustered,42,333,potential,fourary,8,6,309200,154915200,63954400
clustered,42,333,bfs,fourary,8,7,309200,2833100,63954400
clustered,42,333,bfs,fourary,9,0,297500,2833100,63954400
clustered,42,333,potential,fourary,9,1,292000,154915200,63954400
clustered,42,333,rcm,fourary,9,2,294000,2968400,63954400
clustered,42,333,potential,mean_ring,9,3,249200,154915200,63954400
clustered,42,333,identity,fourary,9,4,322200,0,63954400
clustered,42,333,identity,mean_ring,9,5,242300,0,63954400
clustered,42,333,rcm,mean_ring,9,6,234700,2968400,63954400
clustered,42,333,bfs,mean_ring,9,7,225100,2833100,63954400
clustered,42,333,bfs,mean_ring,10,0,211700,2833100,63954400
clustered,42,333,potential,mean_ring,10,1,262000,154915200,63954400
clustered,42,333,rcm,fourary,10,2,327700,2968400,63954400
clustered,42,333,identity,mean_ring,10,3,235500,0,63954400
clustered,42,333,potential,fourary,10,4,311500,154915200,63954400
clustered,42,333,identity,fourary,10,5,302500,0,63954400
clustered,42,333,bfs,fourary,10,6,302300,2833100,63954400
clustered,42,333,rcm,mean_ring,10,7,234900,2968400,63954400
clustered,42,333,rcm,mean_ring,11,0,227300,2968400,63954400
clustered,42,333,bfs,fourary,11,1,309500,2833100,63954400
clustered,42,333,identity,fourary,11,2,322200,0,63954400
clustered,42,333,potential,fourary,11,3,310100,154915200,63954400
clustered,42,333,identity,mean_ring,11,4,264300,0,63954400
clustered,42,333,rcm,fourary,11,5,306500,2968400,63954400
clustered,42,333,potential,mean_ring,11,6,247800,154915200,63954400
clustered,42,333,bfs,mean_ring,11,7,242000,2833100,63954400
clustered,42,666,identity,mean_ring,0,0,264700,0,63954400
clustered,42,666,rcm,mean_ring,0,1,250600,2968400,63954400
clustered,42,666,identity,fourary,0,2,303000,0,63954400
clustered,42,666,bfs,mean_ring,0,3,242300,2833100,63954400
clustered,42,666,bfs,fourary,0,4,286600,2833100,63954400
clustered,42,666,rcm,fourary,0,5,370500,2968400,63954400
clustered,42,666,potential,fourary,0,6,298900,154915200,63954400
clustered,42,666,potential,mean_ring,0,7,262500,154915200,63954400
clustered,42,666,potential,mean_ring,1,0,239600,154915200,63954400
clustered,42,666,potential,fourary,1,1,298200,154915200,63954400
clustered,42,666,rcm,fourary,1,2,298400,2968400,63954400
clustered,42,666,bfs,fourary,1,3,309700,2833100,63954400
clustered,42,666,bfs,mean_ring,1,4,235200,2833100,63954400
clustered,42,666,identity,fourary,1,5,302100,0,63954400
clustered,42,666,rcm,mean_ring,1,6,239400,2968400,63954400
clustered,42,666,identity,mean_ring,1,7,236000,0,63954400
clustered,42,666,potential,mean_ring,2,0,242100,154915200,63954400
clustered,42,666,identity,fourary,2,1,308800,0,63954400
clustered,42,666,bfs,mean_ring,2,2,257500,2833100,63954400
clustered,42,666,potential,fourary,2,3,301600,154915200,63954400
clustered,42,666,bfs,fourary,2,4,294100,2833100,63954400
clustered,42,666,identity,mean_ring,2,5,239800,0,63954400
clustered,42,666,rcm,mean_ring,2,6,234000,2968400,63954400
clustered,42,666,rcm,fourary,2,7,297400,2968400,63954400
clustered,42,666,rcm,fourary,3,0,290600,2968400,63954400
clustered,42,666,rcm,mean_ring,3,1,256200,2968400,63954400
clustered,42,666,identity,mean_ring,3,2,253800,0,63954400
clustered,42,666,bfs,fourary,3,3,291000,2833100,63954400
clustered,42,666,potential,fourary,3,4,289800,154915200,63954400
clustered,42,666,bfs,mean_ring,3,5,304000,2833100,63954400
clustered,42,666,identity,fourary,3,6,322100,0,63954400
clustered,42,666,potential,mean_ring,3,7,271400,154915200,63954400
clustered,42,666,identity,fourary,4,0,498800,0,63954400
clustered,42,666,rcm,fourary,4,1,323200,2968400,63954400
clustered,42,666,bfs,mean_ring,4,2,266600,2833100,63954400
clustered,42,666,identity,mean_ring,4,3,651600,0,63954400
clustered,42,666,rcm,mean_ring,4,4,315700,2968400,63954400
clustered,42,666,potential,fourary,4,5,383800,154915200,63954400
clustered,42,666,potential,mean_ring,4,6,237000,154915200,63954400
clustered,42,666,bfs,fourary,4,7,317700,2833100,63954400
clustered,42,666,bfs,fourary,5,0,387300,2833100,63954400
clustered,42,666,potential,mean_ring,5,1,269200,154915200,63954400
clustered,42,666,potential,fourary,5,2,301200,154915200,63954400
clustered,42,666,rcm,mean_ring,5,3,259000,2968400,63954400
clustered,42,666,identity,mean_ring,5,4,252000,0,63954400
clustered,42,666,bfs,mean_ring,5,5,256600,2833100,63954400
clustered,42,666,rcm,fourary,5,6,321700,2968400,63954400
clustered,42,666,identity,fourary,5,7,308600,0,63954400
clustered,42,666,bfs,mean_ring,6,0,277800,2833100,63954400
clustered,42,666,potential,mean_ring,6,1,305200,154915200,63954400
clustered,42,666,rcm,mean_ring,6,2,300400,2968400,63954400
clustered,42,666,potential,fourary,6,3,703200,154915200,63954400
clustered,42,666,rcm,fourary,6,4,325100,2968400,63954400
clustered,42,666,identity,fourary,6,5,318700,0,63954400
clustered,42,666,identity,mean_ring,6,6,285700,0,63954400
clustered,42,666,bfs,fourary,6,7,318700,2833100,63954400
clustered,42,666,bfs,fourary,7,0,286100,2833100,63954400
clustered,42,666,identity,mean_ring,7,1,335800,0,63954400
clustered,42,666,identity,fourary,7,2,310800,0,63954400
clustered,42,666,rcm,fourary,7,3,306100,2968400,63954400
clustered,42,666,potential,fourary,7,4,307700,154915200,63954400
clustered,42,666,rcm,mean_ring,7,5,278400,2968400,63954400
clustered,42,666,potential,mean_ring,7,6,253100,154915200,63954400
clustered,42,666,bfs,mean_ring,7,7,237600,2833100,63954400
clustered,42,666,potential,fourary,8,0,442100,154915200,63954400
clustered,42,666,rcm,mean_ring,8,1,293200,2968400,63954400
clustered,42,666,identity,fourary,8,2,356700,0,63954400
clustered,42,666,bfs,fourary,8,3,324100,2833100,63954400
clustered,42,666,potential,mean_ring,8,4,267000,154915200,63954400
clustered,42,666,rcm,fourary,8,5,297800,2968400,63954400
clustered,42,666,identity,mean_ring,8,6,252400,0,63954400
clustered,42,666,bfs,mean_ring,8,7,289900,2833100,63954400
clustered,42,666,bfs,mean_ring,9,0,231700,2833100,63954400
clustered,42,666,identity,mean_ring,9,1,229400,0,63954400
clustered,42,666,rcm,fourary,9,2,326600,2968400,63954400
clustered,42,666,potential,mean_ring,9,3,241800,154915200,63954400
clustered,42,666,bfs,fourary,9,4,291100,2833100,63954400
clustered,42,666,identity,fourary,9,5,287800,0,63954400
clustered,42,666,rcm,mean_ring,9,6,265600,2968400,63954400
clustered,42,666,potential,fourary,9,7,301700,154915200,63954400
clustered,42,666,identity,fourary,10,0,294500,0,63954400
clustered,42,666,bfs,fourary,10,1,316000,2833100,63954400
clustered,42,666,rcm,mean_ring,10,2,234800,2968400,63954400
clustered,42,666,bfs,mean_ring,10,3,233900,2833100,63954400
clustered,42,666,potential,mean_ring,10,4,248800,154915200,63954400
clustered,42,666,potential,fourary,10,5,321600,154915200,63954400
clustered,42,666,identity,mean_ring,10,6,223500,0,63954400
clustered,42,666,rcm,fourary,10,7,301600,2968400,63954400
clustered,42,666,rcm,fourary,11,0,352200,2968400,63954400
clustered,42,666,identity,mean_ring,11,1,448400,0,63954400
clustered,42,666,potential,fourary,11,2,335100,154915200,63954400
clustered,42,666,potential,mean_ring,11,3,260800,154915200,63954400
clustered,42,666,bfs,mean_ring,11,4,279400,2833100,63954400
clustered,42,666,rcm,mean_ring,11,5,251600,2968400,63954400
clustered,42,666,bfs,fourary,11,6,314500,2833100,63954400
clustered,42,666,identity,fourary,11,7,309700,0,63954400
grid,42,333,rcm,fourary,0,0,105100,341700,11206100
grid,42,333,identity,mean_ring,0,1,100300,0,11206100
grid,42,333,bfs,fourary,0,2,115800,394700,11206100
grid,42,333,rcm,mean_ring,0,3,96100,341700,11206100
grid,42,333,identity,fourary,0,4,101500,0,11206100
grid,42,333,bfs,mean_ring,0,5,93000,394700,11206100
grid,42,333,bfs,mean_ring,1,0,87700,394700,11206100
grid,42,333,identity,fourary,1,1,101600,0,11206100
grid,42,333,rcm,mean_ring,1,2,86100,341700,11206100
grid,42,333,bfs,fourary,1,3,100200,394700,11206100
grid,42,333,identity,mean_ring,1,4,99200,0,11206100
grid,42,333,rcm,fourary,1,5,113100,341700,11206100
grid,42,333,rcm,fourary,2,0,97800,341700,11206100
grid,42,333,identity,mean_ring,2,1,91300,0,11206100
grid,42,333,rcm,mean_ring,2,2,84400,341700,11206100
grid,42,333,identity,fourary,2,3,114400,0,11206100
grid,42,333,bfs,mean_ring,2,4,81500,394700,11206100
grid,42,333,bfs,fourary,2,5,110800,394700,11206100
grid,42,333,bfs,fourary,3,0,104200,394700,11206100
grid,42,333,bfs,mean_ring,3,1,78400,394700,11206100
grid,42,333,identity,fourary,3,2,100900,0,11206100
grid,42,333,rcm,mean_ring,3,3,99100,341700,11206100
grid,42,333,identity,mean_ring,3,4,73800,0,11206100
grid,42,333,rcm,fourary,3,5,112300,341700,11206100
grid,42,333,rcm,mean_ring,4,0,89600,341700,11206100
grid,42,333,bfs,fourary,4,1,131400,394700,11206100
grid,42,333,rcm,fourary,4,2,126900,341700,11206100
grid,42,333,bfs,mean_ring,4,3,156300,394700,11206100
grid,42,333,identity,fourary,4,4,133000,0,11206100
grid,42,333,identity,mean_ring,4,5,144000,0,11206100
grid,42,333,identity,mean_ring,5,0,143600,0,11206100
grid,42,333,identity,fourary,5,1,106300,0,11206100
grid,42,333,bfs,mean_ring,5,2,97400,394700,11206100
grid,42,333,rcm,fourary,5,3,101200,341700,11206100
grid,42,333,bfs,fourary,5,4,93900,394700,11206100
grid,42,333,rcm,mean_ring,5,5,90700,341700,11206100
grid,42,333,bfs,mean_ring,6,0,86000,394700,11206100
grid,42,333,identity,mean_ring,6,1,86000,0,11206100
grid,42,333,identity,fourary,6,2,114100,0,11206100
grid,42,333,rcm,mean_ring,6,3,82800,341700,11206100
grid,42,333,bfs,fourary,6,4,109100,394700,11206100
grid,42,333,rcm,fourary,6,5,114700,341700,11206100
grid,42,333,rcm,fourary,7,0,99700,341700,11206100
grid,42,333,bfs,fourary,7,1,96300,394700,11206100
grid,42,333,rcm,mean_ring,7,2,84000,341700,11206100
grid,42,333,identity,fourary,7,3,110500,0,11206100
grid,42,333,identity,mean_ring,7,4,84600,0,11206100
grid,42,333,bfs,mean_ring,7,5,72100,394700,11206100
grid,42,333,rcm,mean_ring,8,0,65600,341700,11206100
grid,42,333,identity,mean_ring,8,1,66100,0,11206100
grid,42,333,bfs,mean_ring,8,2,60400,394700,11206100
grid,42,333,bfs,fourary,8,3,110900,394700,11206100
grid,42,333,identity,fourary,8,4,106100,0,11206100
grid,42,333,rcm,fourary,8,5,96300,341700,11206100
grid,42,333,rcm,fourary,9,0,92400,341700,11206100
grid,42,333,identity,fourary,9,1,90100,0,11206100
grid,42,333,bfs,fourary,9,2,87800,394700,11206100
grid,42,333,bfs,mean_ring,9,3,101300,394700,11206100
grid,42,333,identity,mean_ring,9,4,96600,0,11206100
grid,42,333,rcm,mean_ring,9,5,90700,341700,11206100
grid,42,333,rcm,mean_ring,10,0,84900,341700,11206100
grid,42,333,identity,mean_ring,10,1,73100,0,11206100
grid,42,333,bfs,fourary,10,2,114900,394700,11206100
grid,42,333,identity,fourary,10,3,131000,0,11206100
grid,42,333,bfs,mean_ring,10,4,78300,394700,11206100
grid,42,333,rcm,fourary,10,5,104800,341700,11206100
grid,42,333,rcm,fourary,11,0,106800,341700,11206100
grid,42,333,bfs,mean_ring,11,1,95000,394700,11206100
grid,42,333,identity,fourary,11,2,101900,0,11206100
grid,42,333,bfs,fourary,11,3,95400,394700,11206100
grid,42,333,identity,mean_ring,11,4,93300,0,11206100
grid,42,333,rcm,mean_ring,11,5,84400,341700,11206100
grid,42,666,identity,mean_ring,0,0,95100,0,11206100
grid,42,666,bfs,fourary,0,1,107400,394700,11206100
grid,42,666,identity,fourary,0,2,113300,0,11206100
grid,42,666,bfs,mean_ring,0,3,93500,394700,11206100
grid,42,666,rcm,fourary,0,4,99900,341700,11206100
grid,42,666,rcm,mean_ring,0,5,91400,341700,11206100
grid,42,666,rcm,mean_ring,1,0,85000,341700,11206100
grid,42,666,rcm,fourary,1,1,119000,341700,11206100
grid,42,666,bfs,mean_ring,1,2,84600,394700,11206100
grid,42,666,identity,fourary,1,3,98500,0,11206100
grid,42,666,bfs,fourary,1,4,105600,394700,11206100
grid,42,666,identity,mean_ring,1,5,117800,0,11206100
grid,42,666,rcm,mean_ring,2,0,91200,341700,11206100
grid,42,666,bfs,fourary,2,1,110800,394700,11206100
grid,42,666,identity,fourary,2,2,103500,0,11206100
grid,42,666,identity,mean_ring,2,3,87100,0,11206100
grid,42,666,bfs,mean_ring,2,4,79900,394700,11206100
grid,42,666,rcm,fourary,2,5,100900,341700,11206100
grid,42,666,rcm,fourary,3,0,99100,341700,11206100
grid,42,666,bfs,mean_ring,3,1,76300,394700,11206100
grid,42,666,identity,mean_ring,3,2,75000,0,11206100
grid,42,666,identity,fourary,3,3,103300,0,11206100
grid,42,666,bfs,fourary,3,4,100900,394700,11206100
grid,42,666,rcm,mean_ring,3,5,102700,341700,11206100
grid,42,666,rcm,mean_ring,4,0,89100,341700,11206100
grid,42,666,rcm,fourary,4,1,98600,341700,11206100
grid,42,666,bfs,fourary,4,2,96000,394700,11206100
grid,42,666,bfs,mean_ring,4,3,86300,394700,11206100
grid,42,666,identity,fourary,4,4,92700,0,11206100
grid,42,666,identity,mean_ring,4,5,82700,0,11206100
grid,42,666,identity,mean_ring,5,0,77800,0,11206100
grid,42,666,identity,fourary,5,1,94100,0,11206100
grid,42,666,bfs,mean_ring,5,2,82300,394700,11206100
grid,42,666,bfs,fourary,5,3,108900,394700,11206100
grid,42,666,rcm,fourary,5,4,192500,341700,11206100
grid,42,666,rcm,mean_ring,5,5,123000,341700,11206100
grid,42,666,rcm,mean_ring,6,0,98200,341700,11206100
grid,42,666,identity,fourary,6,1,126200,0,11206100
grid,42,666,bfs,fourary,6,2,269500,394700,11206100
grid,42,666,identity,mean_ring,6,3,124700,0,11206100
grid,42,666,bfs,mean_ring,6,4,100100,394700,11206100
grid,42,666,rcm,fourary,6,5,125100,341700,11206100
grid,42,666,rcm,fourary,7,0,110300,341700,11206100
grid,42,666,bfs,mean_ring,7,1,94500,394700,11206100
grid,42,666,identity,mean_ring,7,2,82900,0,11206100
grid,42,666,bfs,fourary,7,3,107000,394700,11206100
grid,42,666,identity,fourary,7,4,103500,0,11206100
grid,42,666,rcm,mean_ring,7,5,80200,341700,11206100
grid,42,666,identity,mean_ring,8,0,76100,0,11206100
grid,42,666,rcm,fourary,8,1,101500,341700,11206100
grid,42,666,bfs,fourary,8,2,103700,394700,11206100
grid,42,666,rcm,mean_ring,8,3,91700,341700,11206100
grid,42,666,bfs,mean_ring,8,4,83100,394700,11206100
grid,42,666,identity,fourary,8,5,109800,0,11206100
grid,42,666,identity,fourary,9,0,104200,0,11206100
grid,42,666,bfs,mean_ring,9,1,91400,394700,11206100
grid,42,666,rcm,mean_ring,9,2,76400,341700,11206100
grid,42,666,bfs,fourary,9,3,101700,394700,11206100
grid,42,666,rcm,fourary,9,4,99600,341700,11206100
grid,42,666,identity,mean_ring,9,5,74200,0,11206100
grid,42,666,bfs,mean_ring,10,0,72600,394700,11206100
grid,42,666,rcm,mean_ring,10,1,91200,341700,11206100
grid,42,666,identity,fourary,10,2,123500,0,11206100
grid,42,666,bfs,fourary,10,3,120000,394700,11206100
grid,42,666,rcm,fourary,10,4,103200,341700,11206100
grid,42,666,identity,mean_ring,10,5,79100,0,11206100
grid,42,666,identity,mean_ring,11,0,71900,0,11206100
grid,42,666,rcm,fourary,11,1,101600,341700,11206100
grid,42,666,bfs,fourary,11,2,99600,394700,11206100
grid,42,666,identity,fourary,11,3,96000,0,11206100
grid,42,666,rcm,mean_ring,11,4,75600,341700,11206100
grid,42,666,bfs,mean_ring,11,5,73200,394700,11206100
sparse,1729,333,rcm,fourary,0,0,165000,691900,12018000
sparse,1729,333,identity,fourary,0,1,175400,0,12018000
sparse,1729,333,bfs,mean_ring,0,2,117500,756300,12018000
sparse,1729,333,potential,fourary,0,3,157200,38813500,12018000
sparse,1729,333,identity,mean_ring,0,4,108700,0,12018000
sparse,1729,333,rcm,mean_ring,0,5,100200,691900,12018000
sparse,1729,333,potential,mean_ring,0,6,97300,38813500,12018000
sparse,1729,333,bfs,fourary,0,7,167600,756300,12018000
sparse,1729,333,bfs,fourary,1,0,161900,756300,12018000
sparse,1729,333,potential,mean_ring,1,1,114500,38813500,12018000
sparse,1729,333,rcm,mean_ring,1,2,107700,691900,12018000
sparse,1729,333,identity,mean_ring,1,3,96400,0,12018000
sparse,1729,333,potential,fourary,1,4,166900,38813500,12018000
sparse,1729,333,bfs,mean_ring,1,5,109900,756300,12018000
sparse,1729,333,identity,fourary,1,6,164300,0,12018000
sparse,1729,333,rcm,fourary,1,7,166900,691900,12018000
sparse,1729,333,bfs,fourary,2,0,149900,756300,12018000
sparse,1729,333,identity,fourary,2,1,146400,0,12018000
sparse,1729,333,identity,mean_ring,2,2,106900,0,12018000
sparse,1729,333,rcm,fourary,2,3,144800,691900,12018000
sparse,1729,333,rcm,mean_ring,2,4,106500,691900,12018000
sparse,1729,333,potential,fourary,2,5,144700,38813500,12018000
sparse,1729,333,bfs,mean_ring,2,6,103800,756300,12018000
sparse,1729,333,potential,mean_ring,2,7,104300,38813500,12018000
sparse,1729,333,potential,mean_ring,3,0,95100,38813500,12018000
sparse,1729,333,bfs,mean_ring,3,1,93200,756300,12018000
sparse,1729,333,potential,fourary,3,2,166400,38813500,12018000
sparse,1729,333,rcm,mean_ring,3,3,107300,691900,12018000
sparse,1729,333,rcm,fourary,3,4,163500,691900,12018000
sparse,1729,333,identity,mean_ring,3,5,109100,0,12018000
sparse,1729,333,identity,fourary,3,6,159500,0,12018000
sparse,1729,333,bfs,fourary,3,7,161700,756300,12018000
sparse,1729,333,rcm,fourary,4,0,151000,691900,12018000
sparse,1729,333,identity,mean_ring,4,1,102000,0,12018000
sparse,1729,333,potential,fourary,4,2,148800,38813500,12018000
sparse,1729,333,identity,fourary,4,3,146700,0,12018000
sparse,1729,333,bfs,mean_ring,4,4,104000,756300,12018000
sparse,1729,333,bfs,fourary,4,5,171600,756300,12018000
sparse,1729,333,potential,mean_ring,4,6,106600,38813500,12018000
sparse,1729,333,rcm,mean_ring,4,7,95000,691900,12018000
sparse,1729,333,rcm,mean_ring,5,0,91400,691900,12018000
sparse,1729,333,potential,mean_ring,5,1,75100,38813500,12018000
sparse,1729,333,bfs,fourary,5,2,170500,756300,12018000
sparse,1729,333,bfs,mean_ring,5,3,103000,756300,12018000
sparse,1729,333,identity,fourary,5,4,173600,0,12018000
sparse,1729,333,potential,fourary,5,5,164600,38813500,12018000
sparse,1729,333,identity,mean_ring,5,6,105500,0,12018000
sparse,1729,333,rcm,fourary,5,7,157600,691900,12018000
sparse,1729,333,rcm,mean_ring,6,0,99500,691900,12018000
sparse,1729,333,bfs,fourary,6,1,155700,756300,12018000
sparse,1729,333,rcm,fourary,6,2,153200,691900,12018000
sparse,1729,333,potential,mean_ring,6,3,98100,38813500,12018000
sparse,1729,333,identity,mean_ring,6,4,96200,0,12018000
sparse,1729,333,potential,fourary,6,5,172900,38813500,12018000
sparse,1729,333,bfs,mean_ring,6,6,97200,756300,12018000
sparse,1729,333,identity,fourary,6,7,167900,0,12018000
sparse,1729,333,identity,fourary,7,0,162900,0,12018000
sparse,1729,333,bfs,mean_ring,7,1,98700,756300,12018000
sparse,1729,333,potential,fourary,7,2,157300,38813500,12018000
sparse,1729,333,identity,mean_ring,7,3,101000,0,12018000
sparse,1729,333,potential,mean_ring,7,4,113200,38813500,12018000
sparse,1729,333,rcm,fourary,7,5,159400,691900,12018000
sparse,1729,333,bfs,fourary,7,6,163500,756300,12018000
sparse,1729,333,rcm,mean_ring,7,7,92300,691900,12018000
sparse,1729,333,identity,fourary,8,0,174400,0,12018000
sparse,1729,333,bfs,mean_ring,8,1,97100,756300,12018000
sparse,1729,333,rcm,fourary,8,2,167700,691900,12018000
sparse,1729,333,identity,mean_ring,8,3,93400,0,12018000
sparse,1729,333,potential,fourary,8,4,163600,38813500,12018000
sparse,1729,333,potential,mean_ring,8,5,99100,38813500,12018000
sparse,1729,333,rcm,mean_ring,8,6,91300,691900,12018000
sparse,1729,333,bfs,fourary,8,7,161400,756300,12018000
sparse,1729,333,bfs,fourary,9,0,159100,756300,12018000
sparse,1729,333,rcm,mean_ring,9,1,82600,691900,12018000
sparse,1729,333,potential,mean_ring,9,2,75200,38813500,12018000
sparse,1729,333,potential,fourary,9,3,173400,38813500,12018000
sparse,1729,333,identity,mean_ring,9,4,111600,0,12018000
sparse,1729,333,rcm,fourary,9,5,187000,691900,12018000
sparse,1729,333,bfs,mean_ring,9,6,120800,756300,12018000
sparse,1729,333,identity,fourary,9,7,164500,0,12018000
sparse,1729,333,potential,fourary,10,0,159400,38813500,12018000
sparse,1729,333,potential,mean_ring,10,1,105700,38813500,12018000
sparse,1729,333,bfs,mean_ring,10,2,96000,756300,12018000
sparse,1729,333,identity,mean_ring,10,3,89700,0,12018000
sparse,1729,333,rcm,fourary,10,4,195300,691900,12018000
sparse,1729,333,rcm,mean_ring,10,5,149500,691900,12018000
sparse,1729,333,bfs,fourary,10,6,181500,756300,12018000
sparse,1729,333,identity,fourary,10,7,172100,0,12018000
sparse,1729,333,identity,fourary,11,0,157700,0,12018000
sparse,1729,333,bfs,fourary,11,1,152500,756300,12018000
sparse,1729,333,rcm,mean_ring,11,2,117000,691900,12018000
sparse,1729,333,rcm,fourary,11,3,149800,691900,12018000
sparse,1729,333,identity,mean_ring,11,4,112800,0,12018000
sparse,1729,333,bfs,mean_ring,11,5,103200,756300,12018000
sparse,1729,333,potential,mean_ring,11,6,100600,38813500,12018000
sparse,1729,333,potential,fourary,11,7,151000,38813500,12018000
sparse,1729,666,bfs,fourary,0,0,160500,756300,12018000
sparse,1729,666,identity,mean_ring,0,1,121900,0,12018000
sparse,1729,666,potential,mean_ring,0,2,105800,38813500,12018000
sparse,1729,666,bfs,mean_ring,0,3,95100,756300,12018000
sparse,1729,666,identity,fourary,0,4,168300,0,12018000
sparse,1729,666,rcm,mean_ring,0,5,233600,691900,12018000
sparse,1729,666,rcm,fourary,0,6,179700,691900,12018000
sparse,1729,666,potential,fourary,0,7,190700,38813500,12018000
sparse,1729,666,potential,fourary,1,0,187400,38813500,12018000
sparse,1729,666,rcm,fourary,1,1,194800,691900,12018000
sparse,1729,666,rcm,mean_ring,1,2,142600,691900,12018000
sparse,1729,666,identity,fourary,1,3,180200,0,12018000
sparse,1729,666,bfs,mean_ring,1,4,549900,756300,12018000
sparse,1729,666,potential,mean_ring,1,5,167900,38813500,12018000
sparse,1729,666,identity,mean_ring,1,6,132400,0,12018000
sparse,1729,666,bfs,fourary,1,7,238300,756300,12018000
sparse,1729,666,identity,fourary,2,0,245400,0,12018000
sparse,1729,666,rcm,mean_ring,2,1,199500,691900,12018000
sparse,1729,666,identity,mean_ring,2,2,169600,0,12018000
sparse,1729,666,bfs,mean_ring,2,3,139600,756300,12018000
sparse,1729,666,rcm,fourary,2,4,217000,691900,12018000
sparse,1729,666,bfs,fourary,2,5,203700,756300,12018000
sparse,1729,666,potential,mean_ring,2,6,121000,38813500,12018000
sparse,1729,666,potential,fourary,2,7,201200,38813500,12018000
sparse,1729,666,potential,fourary,3,0,169700,38813500,12018000
sparse,1729,666,potential,mean_ring,3,1,114100,38813500,12018000
sparse,1729,666,bfs,fourary,3,2,166900,756300,12018000
sparse,1729,666,rcm,fourary,3,3,167400,691900,12018000
sparse,1729,666,bfs,mean_ring,3,4,114700,756300,12018000
sparse,1729,666,identity,mean_ring,3,5,108600,0,12018000
sparse,1729,666,rcm,mean_ring,3,6,97500,691900,12018000
sparse,1729,666,identity,fourary,3,7,158200,0,12018000
sparse,1729,666,identity,fourary,4,0,160700,0,12018000
sparse,1729,666,bfs,fourary,4,1,155100,756300,12018000
sparse,1729,666,bfs,mean_ring,4,2,114100,756300,12018000
sparse,1729,666,potential,mean_ring,4,3,106300,38813500,12018000
sparse,1729,666,rcm,mean_ring,4,4,103800,691900,12018000
sparse,1729,666,rcm,fourary,4,5,149200,691900,12018000
sparse,1729,666,identity,mean_ring,4,6,101900,0,12018000
sparse,1729,666,potential,fourary,4,7,147300,38813500,12018000
sparse,1729,666,potential,fourary,5,0,146000,38813500,12018000
sparse,1729,666,identity,mean_ring,5,1,99400,0,12018000
sparse,1729,666,rcm,fourary,5,2,167000,691900,12018000
sparse,1729,666,rcm,mean_ring,5,3,115900,691900,12018000
sparse,1729,666,potential,mean_ring,5,4,94600,38813500,12018000
sparse,1729,666,bfs,mean_ring,5,5,98200,756300,12018000
sparse,1729,666,bfs,fourary,5,6,165900,756300,12018000
sparse,1729,666,identity,fourary,5,7,166300,0,12018000
sparse,1729,666,potential,mean_ring,6,0,92800,38813500,12018000
sparse,1729,666,bfs,fourary,6,1,170800,756300,12018000
sparse,1729,666,rcm,mean_ring,6,2,112600,691900,12018000
sparse,1729,666,bfs,mean_ring,6,3,113300,756300,12018000
sparse,1729,666,rcm,fourary,6,4,202100,691900,12018000
sparse,1729,666,potential,fourary,6,5,249400,38813500,12018000
sparse,1729,666,identity,mean_ring,6,6,135100,0,12018000
sparse,1729,666,identity,fourary,6,7,164000,0,12018000
sparse,1729,666,identity,fourary,7,0,168300,0,12018000
sparse,1729,666,identity,mean_ring,7,1,111000,0,12018000
sparse,1729,666,potential,fourary,7,2,153600,38813500,12018000
sparse,1729,666,rcm,fourary,7,3,162300,691900,12018000
sparse,1729,666,bfs,mean_ring,7,4,113800,756300,12018000
sparse,1729,666,rcm,mean_ring,7,5,96700,691900,12018000
sparse,1729,666,bfs,fourary,7,6,174700,756300,12018000
sparse,1729,666,potential,mean_ring,7,7,97300,38813500,12018000
sparse,1729,666,bfs,fourary,8,0,170600,756300,12018000
sparse,1729,666,potential,fourary,8,1,162600,38813500,12018000
sparse,1729,666,identity,mean_ring,8,2,97300,0,12018000
sparse,1729,666,identity,fourary,8,3,157400,0,12018000
sparse,1729,666,bfs,mean_ring,8,4,94000,756300,12018000
sparse,1729,666,potential,mean_ring,8,5,84900,38813500,12018000
sparse,1729,666,rcm,fourary,8,6,157600,691900,12018000
sparse,1729,666,rcm,mean_ring,8,7,94200,691900,12018000
sparse,1729,666,rcm,mean_ring,9,0,78900,691900,12018000
sparse,1729,666,rcm,fourary,9,1,167100,691900,12018000
sparse,1729,666,potential,mean_ring,9,2,105500,38813500,12018000
sparse,1729,666,bfs,mean_ring,9,3,93200,756300,12018000
sparse,1729,666,identity,fourary,9,4,166400,0,12018000
sparse,1729,666,identity,mean_ring,9,5,91100,0,12018000
sparse,1729,666,potential,fourary,9,6,161900,38813500,12018000
sparse,1729,666,bfs,fourary,9,7,158600,756300,12018000
sparse,1729,666,potential,fourary,10,0,152300,38813500,12018000
sparse,1729,666,potential,mean_ring,10,1,91100,38813500,12018000
sparse,1729,666,rcm,mean_ring,10,2,84400,691900,12018000
sparse,1729,666,identity,mean_ring,10,3,84000,0,12018000
sparse,1729,666,rcm,fourary,10,4,169900,691900,12018000
sparse,1729,666,identity,fourary,10,5,166000,0,12018000
sparse,1729,666,bfs,mean_ring,10,6,93300,756300,12018000
sparse,1729,666,bfs,fourary,10,7,162200,756300,12018000
sparse,1729,666,bfs,fourary,11,0,154900,756300,12018000
sparse,1729,666,bfs,mean_ring,11,1,106100,756300,12018000
sparse,1729,666,identity,fourary,11,2,1034700,0,12018000
sparse,1729,666,rcm,fourary,11,3,437600,691900,12018000
sparse,1729,666,identity,mean_ring,11,4,149700,0,12018000
sparse,1729,666,rcm,mean_ring,11,5,108800,691900,12018000
sparse,1729,666,potential,mean_ring,11,6,92200,38813500,12018000
sparse,1729,666,potential,fourary,11,7,169900,38813500,12018000
clustered,1729,333,rcm,fourary,0,0,297200,3507300,63758000
clustered,1729,333,identity,fourary,0,1,316400,0,63758000
clustered,1729,333,bfs,mean_ring,0,2,256900,3523400,63758000
clustered,1729,333,potential,fourary,0,3,319600,165636800,63758000
clustered,1729,333,identity,mean_ring,0,4,242300,0,63758000
clustered,1729,333,rcm,mean_ring,0,5,235300,3507300,63758000
clustered,1729,333,potential,mean_ring,0,6,229100,165636800,63758000
clustered,1729,333,bfs,fourary,0,7,300800,3523400,63758000
clustered,1729,333,bfs,fourary,1,0,293200,3523400,63758000
clustered,1729,333,potential,mean_ring,1,1,224700,165636800,63758000
clustered,1729,333,rcm,mean_ring,1,2,231000,3507300,63758000
clustered,1729,333,identity,mean_ring,1,3,230400,0,63758000
clustered,1729,333,potential,fourary,1,4,315100,165636800,63758000
clustered,1729,333,bfs,mean_ring,1,5,218400,3523400,63758000
clustered,1729,333,identity,fourary,1,6,352900,0,63758000
clustered,1729,333,rcm,fourary,1,7,316700,3507300,63758000
clustered,1729,333,bfs,fourary,2,0,300800,3523400,63758000
clustered,1729,333,identity,fourary,2,1,292600,0,63758000
clustered,1729,333,identity,mean_ring,2,2,252400,0,63758000
clustered,1729,333,rcm,fourary,2,3,290000,3507300,63758000
clustered,1729,333,rcm,mean_ring,2,4,378400,3507300,63758000
clustered,1729,333,potential,fourary,2,5,328500,165636800,63758000
clustered,1729,333,bfs,mean_ring,2,6,248400,3523400,63758000
clustered,1729,333,potential,mean_ring,2,7,250300,165636800,63758000
clustered,1729,333,potential,mean_ring,3,0,227000,165636800,63758000
clustered,1729,333,bfs,mean_ring,3,1,221300,3523400,63758000
clustered,1729,333,potential,fourary,3,2,326100,165636800,63758000
clustered,1729,333,rcm,mean_ring,3,3,252400,3507300,63758000
clustered,1729,333,rcm,fourary,3,4,299900,3507300,63758000
clustered,1729,333,identity,mean_ring,3,5,249200,0,63758000
clustered,1729,333,identity,fourary,3,6,294900,0,63758000
clustered,1729,333,bfs,fourary,3,7,300400,3523400,63758000
clustered,1729,333,rcm,fourary,4,0,292500,3507300,63758000
clustered,1729,333,identity,mean_ring,4,1,253000,0,63758000
clustered,1729,333,potential,fourary,4,2,302000,165636800,63758000
clustered,1729,333,identity,fourary,4,3,293200,0,63758000
clustered,1729,333,bfs,mean_ring,4,4,243300,3523400,63758000
clustered,1729,333,bfs,fourary,4,5,307400,3523400,63758000
clustered,1729,333,potential,mean_ring,4,6,259100,165636800,63758000
clustered,1729,333,rcm,mean_ring,4,7,242300,3507300,63758000
clustered,1729,333,rcm,mean_ring,5,0,224200,3507300,63758000
clustered,1729,333,potential,mean_ring,5,1,231300,165636800,63758000
clustered,1729,333,bfs,fourary,5,2,322600,3523400,63758000
clustered,1729,333,bfs,mean_ring,5,3,243200,3523400,63758000
clustered,1729,333,identity,fourary,5,4,313200,0,63758000
clustered,1729,333,potential,fourary,5,5,315100,165636800,63758000
clustered,1729,333,identity,mean_ring,5,6,247800,0,63758000
clustered,1729,333,rcm,fourary,5,7,295400,3507300,63758000
clustered,1729,333,rcm,mean_ring,6,0,245600,3507300,63758000
clustered,1729,333,bfs,fourary,6,1,295600,3523400,63758000
clustered,1729,333,rcm,fourary,6,2,289200,3507300,63758000
clustered,1729,333,potential,mean_ring,6,3,678500,165636800,63758000
clustered,1729,333,identity,mean_ring,6,4,324100,0,63758000
clustered,1729,333,potential,fourary,6,5,489400,165636800,63758000
clustered,1729,333,bfs,mean_ring,6,6,312700,3523400,63758000
clustered,1729,333,identity,fourary,6,7,438500,0,63758000
clustered,1729,333,identity,fourary,7,0,327100,0,63758000
clustered,1729,333,bfs,mean_ring,7,1,265900,3523400,63758000
clustered,1729,333,potential,fourary,7,2,327000,165636800,63758000
clustered,1729,333,identity,mean_ring,7,3,246100,0,63758000
clustered,1729,333,potential,mean_ring,7,4,253400,165636800,63758000
clustered,1729,333,rcm,fourary,7,5,331400,3507300,63758000
clustered,1729,333,bfs,fourary,7,6,303900,3523400,63758000
clustered,1729,333,rcm,mean_ring,7,7,247200,3507300,63758000
clustered,1729,333,identity,fourary,8,0,296600,0,63758000
clustered,1729,333,bfs,mean_ring,8,1,244600,3523400,63758000
clustered,1729,333,rcm,fourary,8,2,300500,3507300,63758000
clustered,1729,333,identity,mean_ring,8,3,244500,0,63758000
clustered,1729,333,potential,fourary,8,4,305800,165636800,63758000
clustered,1729,333,potential,mean_ring,8,5,238500,165636800,63758000
clustered,1729,333,rcm,mean_ring,8,6,241600,3507300,63758000
clustered,1729,333,bfs,fourary,8,7,753600,3523400,63758000
clustered,1729,333,bfs,fourary,9,0,397600,3523400,63758000
clustered,1729,333,rcm,mean_ring,9,1,312400,3507300,63758000
clustered,1729,333,potential,mean_ring,9,2,318000,165636800,63758000
clustered,1729,333,potential,fourary,9,3,436200,165636800,63758000
clustered,1729,333,identity,mean_ring,9,4,285400,0,63758000
clustered,1729,333,rcm,fourary,9,5,322000,3507300,63758000
clustered,1729,333,bfs,mean_ring,9,6,248800,3523400,63758000
clustered,1729,333,identity,fourary,9,7,327100,0,63758000
clustered,1729,333,potential,fourary,10,0,311900,165636800,63758000
clustered,1729,333,potential,mean_ring,10,1,242800,165636800,63758000
clustered,1729,333,bfs,mean_ring,10,2,238400,3523400,63758000
clustered,1729,333,identity,mean_ring,10,3,306600,0,63758000
clustered,1729,333,rcm,fourary,10,4,312900,3507300,63758000
clustered,1729,333,rcm,mean_ring,10,5,226700,3507300,63758000
clustered,1729,333,bfs,fourary,10,6,409100,3523400,63758000
clustered,1729,333,identity,fourary,10,7,304900,0,63758000
clustered,1729,333,identity,fourary,11,0,294500,0,63758000
clustered,1729,333,bfs,fourary,11,1,307800,3523400,63758000
clustered,1729,333,rcm,mean_ring,11,2,233600,3507300,63758000
clustered,1729,333,rcm,fourary,11,3,288700,3507300,63758000
clustered,1729,333,identity,mean_ring,11,4,239700,0,63758000
clustered,1729,333,bfs,mean_ring,11,5,274800,3523400,63758000
clustered,1729,333,potential,mean_ring,11,6,270400,165636800,63758000
clustered,1729,333,potential,fourary,11,7,312400,165636800,63758000
clustered,1729,666,bfs,fourary,0,0,355900,3523400,63758000
clustered,1729,666,identity,mean_ring,0,1,261100,0,63758000
clustered,1729,666,potential,mean_ring,0,2,256200,165636800,63758000
clustered,1729,666,bfs,mean_ring,0,3,235300,3523400,63758000
clustered,1729,666,identity,fourary,0,4,332700,0,63758000
clustered,1729,666,rcm,mean_ring,0,5,256200,3507300,63758000
clustered,1729,666,rcm,fourary,0,6,300300,3507300,63758000
clustered,1729,666,potential,fourary,0,7,318100,165636800,63758000
clustered,1729,666,potential,fourary,1,0,288600,165636800,63758000
clustered,1729,666,rcm,fourary,1,1,288400,3507300,63758000
clustered,1729,666,rcm,mean_ring,1,2,260100,3507300,63758000
clustered,1729,666,identity,fourary,1,3,302600,0,63758000
clustered,1729,666,bfs,mean_ring,1,4,252500,3523400,63758000
clustered,1729,666,potential,mean_ring,1,5,247400,165636800,63758000
clustered,1729,666,identity,mean_ring,1,6,249400,0,63758000
clustered,1729,666,bfs,fourary,1,7,308300,3523400,63758000
clustered,1729,666,identity,fourary,2,0,296100,0,63758000
clustered,1729,666,rcm,mean_ring,2,1,256300,3507300,63758000
clustered,1729,666,identity,mean_ring,2,2,357000,0,63758000
clustered,1729,666,bfs,mean_ring,2,3,256200,3523400,63758000
clustered,1729,666,rcm,fourary,2,4,346500,3507300,63758000
clustered,1729,666,bfs,fourary,2,5,345100,3523400,63758000
clustered,1729,666,potential,mean_ring,2,6,292700,165636800,63758000
clustered,1729,666,potential,fourary,2,7,294000,165636800,63758000
clustered,1729,666,potential,fourary,3,0,290900,165636800,63758000
clustered,1729,666,potential,mean_ring,3,1,265000,165636800,63758000
clustered,1729,666,bfs,fourary,3,2,328700,3523400,63758000
clustered,1729,666,rcm,fourary,3,3,301900,3507300,63758000
clustered,1729,666,bfs,mean_ring,3,4,249100,3523400,63758000
clustered,1729,666,identity,mean_ring,3,5,256700,0,63758000
clustered,1729,666,rcm,mean_ring,3,6,267700,3507300,63758000
clustered,1729,666,identity,fourary,3,7,310600,0,63758000
clustered,1729,666,identity,fourary,4,0,293000,0,63758000
clustered,1729,666,bfs,fourary,4,1,305700,3523400,63758000
clustered,1729,666,bfs,mean_ring,4,2,252400,3523400,63758000
clustered,1729,666,potential,mean_ring,4,3,266900,165636800,63758000
clustered,1729,666,rcm,mean_ring,4,4,244000,3507300,63758000
clustered,1729,666,rcm,fourary,4,5,306800,3507300,63758000
clustered,1729,666,identity,mean_ring,4,6,248600,0,63758000
clustered,1729,666,potential,fourary,4,7,312100,165636800,63758000
clustered,1729,666,potential,fourary,5,0,307100,165636800,63758000
clustered,1729,666,identity,mean_ring,5,1,242700,0,63758000
clustered,1729,666,rcm,fourary,5,2,296800,3507300,63758000
clustered,1729,666,rcm,mean_ring,5,3,248800,3507300,63758000
clustered,1729,666,potential,mean_ring,5,4,243200,165636800,63758000
clustered,1729,666,bfs,mean_ring,5,5,236500,3523400,63758000
clustered,1729,666,bfs,fourary,5,6,307800,3523400,63758000
clustered,1729,666,identity,fourary,5,7,376400,0,63758000
clustered,1729,666,potential,mean_ring,6,0,297700,165636800,63758000
clustered,1729,666,bfs,fourary,6,1,335700,3523400,63758000
clustered,1729,666,rcm,mean_ring,6,2,322200,3507300,63758000
clustered,1729,666,bfs,mean_ring,6,3,338600,3523400,63758000
clustered,1729,666,rcm,fourary,6,4,333400,3507300,63758000
clustered,1729,666,potential,fourary,6,5,696500,165636800,63758000
clustered,1729,666,identity,mean_ring,6,6,369100,0,63758000
clustered,1729,666,identity,fourary,6,7,365900,0,63758000
clustered,1729,666,identity,fourary,7,0,325700,0,63758000
clustered,1729,666,identity,mean_ring,7,1,252500,0,63758000
clustered,1729,666,potential,fourary,7,2,478600,165636800,63758000
clustered,1729,666,rcm,fourary,7,3,328000,3507300,63758000
clustered,1729,666,bfs,mean_ring,7,4,293100,3523400,63758000
clustered,1729,666,rcm,mean_ring,7,5,264200,3507300,63758000
clustered,1729,666,bfs,fourary,7,6,323600,3523400,63758000
clustered,1729,666,potential,mean_ring,7,7,266400,165636800,63758000
clustered,1729,666,bfs,fourary,8,0,298000,3523400,63758000
clustered,1729,666,potential,fourary,8,1,320600,165636800,63758000
clustered,1729,666,identity,mean_ring,8,2,262500,0,63758000
clustered,1729,666,identity,fourary,8,3,288200,0,63758000
clustered,1729,666,bfs,mean_ring,8,4,256100,3523400,63758000
clustered,1729,666,potential,mean_ring,8,5,275100,165636800,63758000
clustered,1729,666,rcm,fourary,8,6,303700,3507300,63758000
clustered,1729,666,rcm,mean_ring,8,7,255300,3507300,63758000
clustered,1729,666,rcm,mean_ring,9,0,250700,3507300,63758000
clustered,1729,666,rcm,fourary,9,1,299200,3507300,63758000
clustered,1729,666,potential,mean_ring,9,2,332900,165636800,63758000
clustered,1729,666,bfs,mean_ring,9,3,269000,3523400,63758000
clustered,1729,666,identity,fourary,9,4,328900,0,63758000
clustered,1729,666,identity,mean_ring,9,5,245900,0,63758000
clustered,1729,666,potential,fourary,9,6,330400,165636800,63758000
clustered,1729,666,bfs,fourary,9,7,300100,3523400,63758000
clustered,1729,666,potential,fourary,10,0,306000,165636800,63758000
clustered,1729,666,potential,mean_ring,10,1,245200,165636800,63758000
clustered,1729,666,rcm,mean_ring,10,2,247900,3507300,63758000
clustered,1729,666,identity,mean_ring,10,3,236900,0,63758000
clustered,1729,666,rcm,fourary,10,4,297900,3507300,63758000
clustered,1729,666,identity,fourary,10,5,296100,0,63758000
clustered,1729,666,bfs,mean_ring,10,6,276600,3523400,63758000
clustered,1729,666,bfs,fourary,10,7,319800,3523400,63758000
clustered,1729,666,bfs,fourary,11,0,931900,3523400,63758000
clustered,1729,666,bfs,mean_ring,11,1,286400,3523400,63758000
clustered,1729,666,identity,fourary,11,2,327800,0,63758000
clustered,1729,666,rcm,fourary,11,3,315700,3507300,63758000
clustered,1729,666,identity,mean_ring,11,4,267200,0,63758000
clustered,1729,666,rcm,mean_ring,11,5,272200,3507300,63758000
clustered,1729,666,potential,mean_ring,11,6,276400,165636800,63758000
clustered,1729,666,potential,fourary,11,7,310800,165636800,63758000
grid,1729,333,identity,fourary,0,0,98600,0,8519700
grid,1729,333,bfs,fourary,0,1,92800,343900,8519700
grid,1729,333,bfs,mean_ring,0,2,209100,343900,8519700
grid,1729,333,rcm,fourary,0,3,126200,322600,8519700
grid,1729,333,rcm,mean_ring,0,4,108100,322600,8519700
grid,1729,333,identity,mean_ring,0,5,94200,0,8519700
grid,1729,333,identity,mean_ring,1,0,74400,0,8519700
grid,1729,333,rcm,mean_ring,1,1,65500,322600,8519700
grid,1729,333,rcm,fourary,1,2,113200,322600,8519700
grid,1729,333,bfs,mean_ring,1,3,70500,343900,8519700
grid,1729,333,bfs,fourary,1,4,109300,343900,8519700
grid,1729,333,identity,fourary,1,5,104700,0,8519700
grid,1729,333,identity,mean_ring,2,0,67000,0,8519700
grid,1729,333,rcm,mean_ring,2,1,63400,322600,8519700
grid,1729,333,rcm,fourary,2,2,101200,322600,8519700
grid,1729,333,identity,fourary,2,3,100300,0,8519700
grid,1729,333,bfs,mean_ring,2,4,69400,343900,8519700
grid,1729,333,bfs,fourary,2,5,105400,343900,8519700
grid,1729,333,bfs,fourary,3,0,99400,343900,8519700
grid,1729,333,bfs,mean_ring,3,1,79300,343900,8519700
grid,1729,333,identity,fourary,3,2,124500,0,8519700
grid,1729,333,rcm,fourary,3,3,95400,322600,8519700
grid,1729,333,rcm,mean_ring,3,4,79300,322600,8519700
grid,1729,333,identity,mean_ring,3,5,74100,0,8519700
grid,1729,333,bfs,fourary,4,0,109200,343900,8519700
grid,1729,333,identity,mean_ring,4,1,72400,0,8519700
grid,1729,333,rcm,fourary,4,2,104100,322600,8519700
grid,1729,333,bfs,mean_ring,4,3,70500,343900,8519700
grid,1729,333,identity,fourary,4,4,99300,0,8519700
grid,1729,333,rcm,mean_ring,4,5,65900,322600,8519700
grid,1729,333,rcm,mean_ring,5,0,68300,322600,8519700
grid,1729,333,identity,fourary,5,1,104500,0,8519700
grid,1729,333,bfs,mean_ring,5,2,69900,343900,8519700
grid,1729,333,rcm,fourary,5,3,101800,322600,8519700
grid,1729,333,identity,mean_ring,5,4,68300,0,8519700
grid,1729,333,bfs,fourary,5,5,97100,343900,8519700
grid,1729,333,bfs,mean_ring,6,0,67200,343900,8519700
grid,1729,333,identity,mean_ring,6,1,63600,0,8519700
grid,1729,333,rcm,fourary,6,2,95000,322600,8519700
grid,1729,333,bfs,fourary,6,3,93600,343900,8519700
grid,1729,333,rcm,mean_ring,6,4,64500,322600,8519700
grid,1729,333,identity,fourary,6,5,102000,0,8519700
grid,1729,333,identity,fourary,7,0,97500,0,8519700
grid,1729,333,rcm,mean_ring,7,1,75400,322600,8519700
grid,1729,333,bfs,fourary,7,2,99100,343900,8519700
grid,1729,333,rcm,fourary,7,3,92200,322600,8519700
grid,1729,333,identity,mean_ring,7,4,75200,0,8519700
grid,1729,333,bfs,mean_ring,7,5,75200,343900,8519700
grid,1729,333,identity,fourary,8,0,104000,0,8519700
grid,1729,333,rcm,fourary,8,1,100300,322600,8519700
grid,1729,333,bfs,mean_ring,8,2,125300,343900,8519700
grid,1729,333,bfs,fourary,8,3,120000,343900,8519700
grid,1729,333,rcm,mean_ring,8,4,111800,322600,8519700
grid,1729,333,identity,mean_ring,8,5,94400,0,8519700
grid,1729,333,identity,mean_ring,9,0,76100,0,8519700
grid,1729,333,rcm,mean_ring,9,1,68300,322600,8519700
grid,1729,333,bfs,fourary,9,2,113900,343900,8519700
grid,1729,333,bfs,mean_ring,9,3,71700,343900,8519700
grid,1729,333,rcm,fourary,9,4,108100,322600,8519700
grid,1729,333,identity,fourary,9,5,107600,0,8519700
grid,1729,333,identity,mean_ring,10,0,69800,0,8519700
grid,1729,333,identity,fourary,10,1,106500,0,8519700
grid,1729,333,rcm,mean_ring,10,2,166600,322600,8519700
grid,1729,333,rcm,fourary,10,3,102300,322600,8519700
grid,1729,333,bfs,mean_ring,10,4,90400,343900,8519700
grid,1729,333,bfs,fourary,10,5,96700,343900,8519700
grid,1729,333,bfs,fourary,11,0,92600,343900,8519700
grid,1729,333,bfs,mean_ring,11,1,170400,343900,8519700
grid,1729,333,rcm,fourary,11,2,126900,322600,8519700
grid,1729,333,rcm,mean_ring,11,3,159200,322600,8519700
grid,1729,333,identity,fourary,11,4,142200,0,8519700
grid,1729,333,identity,mean_ring,11,5,104200,0,8519700
grid,1729,666,identity,fourary,0,0,102200,0,8519700
grid,1729,666,rcm,fourary,0,1,99300,322600,8519700
grid,1729,666,identity,mean_ring,0,2,97000,0,8519700
grid,1729,666,bfs,fourary,0,3,123100,343900,8519700
grid,1729,666,rcm,mean_ring,0,4,97300,322600,8519700
grid,1729,666,bfs,mean_ring,0,5,81500,343900,8519700
grid,1729,666,bfs,mean_ring,1,0,69000,343900,8519700
grid,1729,666,rcm,mean_ring,1,1,65100,322600,8519700
grid,1729,666,bfs,fourary,1,2,109400,343900,8519700
grid,1729,666,identity,mean_ring,1,3,67000,0,8519700
grid,1729,666,rcm,fourary,1,4,105500,322600,8519700
grid,1729,666,identity,fourary,1,5,101700,0,8519700
grid,1729,666,identity,mean_ring,2,0,68900,0,8519700
grid,1729,666,bfs,mean_ring,2,1,65800,343900,8519700
grid,1729,666,identity,fourary,2,2,103900,0,8519700
grid,1729,666,bfs,fourary,2,3,99300,343900,8519700
grid,1729,666,rcm,mean_ring,2,4,93300,322600,8519700
grid,1729,666,rcm,fourary,2,5,94000,322600,8519700
grid,1729,666,rcm,fourary,3,0,90800,322600,8519700
grid,1729,666,rcm,mean_ring,3,1,90700,322600,8519700
grid,1729,666,bfs,fourary,3,2,87600,343900,8519700
grid,1729,666,identity,fourary,3,3,85500,0,8519700
grid,1729,666,bfs,mean_ring,3,4,86600,343900,8519700
grid,1729,666,identity,mean_ring,3,5,80800,0,8519700
grid,1729,666,rcm,mean_ring,4,0,75000,322600,8519700
grid,1729,666,bfs,fourary,4,1,99400,343900,8519700
grid,1729,666,bfs,mean_ring,4,2,97400,343900,8519700
grid,1729,666,identity,mean_ring,4,3,81400,0,8519700
grid,1729,666,identity,fourary,4,4,99500,0,8519700
grid,1729,666,rcm,fourary,4,5,94600,322600,8519700
grid,1729,666,rcm,fourary,5,0,91300,322600,8519700
grid,1729,666,identity,fourary,5,1,89100,0,8519700
grid,1729,666,identity,mean_ring,5,2,79300,0,8519700
grid,1729,666,bfs,mean_ring,5,3,77200,343900,8519700
grid,1729,666,bfs,fourary,5,4,90900,343900,8519700
grid,1729,666,rcm,mean_ring,5,5,74100,322600,8519700
grid,1729,666,bfs,fourary,6,0,90900,343900,8519700
grid,1729,666,identity,fourary,6,1,89500,0,8519700
grid,1729,666,rcm,mean_ring,6,2,76000,322600,8519700
grid,1729,666,bfs,mean_ring,6,3,76000,343900,8519700
grid,1729,666,rcm,fourary,6,4,108500,322600,8519700
grid,1729,666,identity,mean_ring,6,5,70400,0,8519700
grid,1729,666,identity,mean_ring,7,0,65200,0,8519700
grid,1729,666,rcm,fourary,7,1,105200,322600,8519700
grid,1729,666,bfs,mean_ring,7,2,65900,343900,8519700
grid,1729,666,rcm,mean_ring,7,3,61300,322600,8519700
grid,1729,666,identity,fourary,7,4,100800,0,8519700
grid,1729,666,bfs,fourary,7,5,105000,343900,8519700
grid,1729,666,identity,mean_ring,8,0,63900,0,8519700
grid,1729,666,rcm,mean_ring,8,1,61400,322600,8519700
grid,1729,666,bfs,mean_ring,8,2,70900,343900,8519700
grid,1729,666,bfs,fourary,8,3,107800,343900,8519700
grid,1729,666,rcm,fourary,8,4,102200,322600,8519700
grid,1729,666,identity,fourary,8,5,98600,0,8519700
grid,1729,666,identity,fourary,9,0,122400,0,8519700
grid,1729,666,rcm,fourary,9,1,114400,322600,8519700
grid,1729,666,bfs,fourary,9,2,92100,343900,8519700
grid,1729,666,bfs,mean_ring,9,3,71500,343900,8519700
grid,1729,666,rcm,mean_ring,9,4,69900,322600,8519700
grid,1729,666,identity,mean_ring,9,5,68000,0,8519700
grid,1729,666,bfs,fourary,10,0,104900,343900,8519700
grid,1729,666,rcm,mean_ring,10,1,72300,322600,8519700
grid,1729,666,identity,mean_ring,10,2,66300,0,8519700
grid,1729,666,bfs,mean_ring,10,3,67000,343900,8519700
grid,1729,666,identity,fourary,10,4,109600,0,8519700
grid,1729,666,rcm,fourary,10,5,103500,322600,8519700
grid,1729,666,rcm,fourary,11,0,98100,322600,8519700
grid,1729,666,identity,fourary,11,1,93800,0,8519700
grid,1729,666,bfs,mean_ring,11,2,74000,343900,8519700
grid,1729,666,identity,mean_ring,11,3,68600,0,8519700
grid,1729,666,rcm,mean_ring,11,4,68000,322600,8519700
grid,1729,666,bfs,fourary,11,5,106300,343900,8519700
sparse,2026,333,potential,mean_ring,0,0,119600,47983100,14355500
sparse,2026,333,rcm,fourary,0,1,180200,702500,14355500
sparse,2026,333,identity,mean_ring,0,2,118900,0,14355500
sparse,2026,333,rcm,mean_ring,0,3,114200,702500,14355500
sparse,2026,333,identity,fourary,0,4,195400,0,14355500
sparse,2026,333,bfs,fourary,0,5,192800,833300,14355500
sparse,2026,333,potential,fourary,0,6,193900,47983100,14355500
sparse,2026,333,bfs,mean_ring,0,7,140800,833300,14355500
sparse,2026,333,bfs,mean_ring,1,0,145800,833300,14355500
sparse,2026,333,potential,fourary,1,1,170900,47983100,14355500
sparse,2026,333,bfs,fourary,1,2,174300,833300,14355500
sparse,2026,333,identity,fourary,1,3,167800,0,14355500
sparse,2026,333,rcm,mean_ring,1,4,121600,702500,14355500
sparse,2026,333,identity,mean_ring,1,5,103300,0,14355500
sparse,2026,333,rcm,fourary,1,6,192300,702500,14355500
sparse,2026,333,potential,mean_ring,1,7,102600,47983100,14355500
sparse,2026,333,identity,fourary,2,0,195900,0,14355500
sparse,2026,333,potential,fourary,2,1,177200,47983100,14355500
sparse,2026,333,rcm,fourary,2,2,173200,702500,14355500
sparse,2026,333,potential,mean_ring,2,3,98000,47983100,14355500
sparse,2026,333,bfs,fourary,2,4,169300,833300,14355500
sparse,2026,333,rcm,mean_ring,2,5,98200,702500,14355500
sparse,2026,333,identity,mean_ring,2,6,88600,0,14355500
sparse,2026,333,bfs,mean_ring,2,7,93200,833300,14355500
sparse,2026,333,bfs,mean_ring,3,0,81700,833300,14355500
sparse,2026,333,identity,mean_ring,3,1,77700,0,14355500
sparse,2026,333,rcm,mean_ring,3,2,64700,702500,14355500
sparse,2026,333,bfs,fourary,3,3,191900,833300,14355500
sparse,2026,333,potential,mean_ring,3,4,108300,47983100,14355500
sparse,2026,333,rcm,fourary,3,5,190300,702500,14355500
sparse,2026,333,potential,fourary,3,6,180900,47983100,14355500
sparse,2026,333,identity,fourary,3,7,226300,0,14355500
sparse,2026,333,potential,fourary,4,0,192000,47983100,14355500
sparse,2026,333,rcm,mean_ring,4,1,138000,702500,14355500
sparse,2026,333,bfs,fourary,4,2,179000,833300,14355500
sparse,2026,333,bfs,mean_ring,4,3,123700,833300,14355500
sparse,2026,333,identity,mean_ring,4,4,114400,0,14355500
sparse,2026,333,identity,fourary,4,5,179800,0,14355500
sparse,2026,333,potential,mean_ring,4,6,170000,47983100,14355500
sparse,2026,333,rcm,fourary,4,7,291500,702500,14355500
sparse,2026,333,rcm,fourary,5,0,220900,702500,14355500
sparse,2026,333,potential,mean_ring,5,1,160800,47983100,14355500
sparse,2026,333,identity,fourary,5,2,212500,0,14355500
sparse,2026,333,identity,mean_ring,5,3,151800,0,14355500
sparse,2026,333,bfs,mean_ring,5,4,145100,833300,14355500
sparse,2026,333,bfs,fourary,5,5,211300,833300,14355500
sparse,2026,333,rcm,mean_ring,5,6,147800,702500,14355500
sparse,2026,333,potential,fourary,5,7,220100,47983100,14355500
sparse,2026,333,identity,fourary,6,0,191000,0,14355500
sparse,2026,333,rcm,mean_ring,6,1,112600,702500,14355500
sparse,2026,333,identity,mean_ring,6,2,102900,0,14355500
sparse,2026,333,rcm,fourary,6,3,176200,702500,14355500
sparse,2026,333,potential,mean_ring,6,4,121900,47983100,14355500
sparse,2026,333,bfs,fourary,6,5,182600,833300,14355500
sparse,2026,333,bfs,mean_ring,6,6,116100,833300,14355500
sparse,2026,333,potential,fourary,6,7,182700,47983100,14355500
sparse,2026,333,potential,fourary,7,0,172200,47983100,14355500
sparse,2026,333,bfs,mean_ring,7,1,114300,833300,14355500
sparse,2026,333,bfs,fourary,7,2,165100,833300,14355500
sparse,2026,333,potential,mean_ring,7,3,113000,47983100,14355500
sparse,2026,333,rcm,fourary,7,4,208800,702500,14355500
sparse,2026,333,identity,mean_ring,7,5,155600,0,14355500
sparse,2026,333,rcm,mean_ring,7,6,171400,702500,14355500
sparse,2026,333,identity,fourary,7,7,216300,0,14355500
sparse,2026,333,rcm,mean_ring,8,0,132400,702500,14355500
sparse,2026,333,potential,mean_ring,8,1,133800,47983100,14355500
sparse,2026,333,bfs,fourary,8,2,210400,833300,14355500
sparse,2026,333,bfs,mean_ring,8,3,147600,833300,14355500
sparse,2026,333,rcm,fourary,8,4,193300,702500,14355500
sparse,2026,333,potential,fourary,8,5,184500,47983100,14355500
sparse,2026,333,identity,fourary,8,6,171000,0,14355500
sparse,2026,333,identity,mean_ring,8,7,121300,0,14355500
sparse,2026,333,identity,mean_ring,9,0,122300,0,14355500
sparse,2026,333,identity,fourary,9,1,165000,0,14355500
sparse,2026,333,potential,fourary,9,2,166200,47983100,14355500
sparse,2026,333,rcm,fourary,9,3,161900,702500,14355500
sparse,2026,333,bfs,mean_ring,9,4,111400,833300,14355500
sparse,2026,333,bfs,fourary,9,5,184300,833300,14355500
sparse,2026,333,potential,mean_ring,9,6,114200,47983100,14355500
sparse,2026,333,rcm,mean_ring,9,7,112700,702500,14355500
sparse,2026,333,identity,mean_ring,10,0,91600,0,14355500
sparse,2026,333,potential,fourary,10,1,196500,47983100,14355500
sparse,2026,333,rcm,fourary,10,2,220000,702500,14355500
sparse,2026,333,bfs,fourary,10,3,219000,833300,14355500
sparse,2026,333,identity,fourary,10,4,208900,0,14355500
sparse,2026,333,bfs,mean_ring,10,5,135700,833300,14355500
sparse,2026,333,potential,mean_ring,10,6,132800,47983100,14355500
sparse,2026,333,rcm,mean_ring,10,7,128400,702500,14355500
sparse,2026,333,rcm,mean_ring,11,0,141000,702500,14355500
sparse,2026,333,potential,mean_ring,11,1,132800,47983100,14355500
sparse,2026,333,bfs,mean_ring,11,2,120300,833300,14355500
sparse,2026,333,identity,fourary,11,3,248900,0,14355500
sparse,2026,333,bfs,fourary,11,4,245700,833300,14355500
sparse,2026,333,rcm,fourary,11,5,192700,702500,14355500
sparse,2026,333,potential,fourary,11,6,185900,47983100,14355500
sparse,2026,333,identity,mean_ring,11,7,124900,0,14355500
sparse,2026,666,rcm,fourary,0,0,183000,702500,14355500
sparse,2026,666,potential,mean_ring,0,1,122700,47983100,14355500
sparse,2026,666,bfs,mean_ring,0,2,110700,833300,14355500
sparse,2026,666,rcm,mean_ring,0,3,93700,702500,14355500
sparse,2026,666,identity,fourary,0,4,210500,0,14355500
sparse,2026,666,potential,fourary,0,5,197300,47983100,14355500
sparse,2026,666,identity,mean_ring,0,6,97300,0,14355500
sparse,2026,666,bfs,fourary,0,7,189900,833300,14355500
sparse,2026,666,bfs,fourary,1,0,193900,833300,14355500
sparse,2026,666,identity,mean_ring,1,1,126500,0,14355500
sparse,2026,666,potential,fourary,1,2,190200,47983100,14355500
sparse,2026,666,identity,fourary,1,3,175200,0,14355500
sparse,2026,666,rcm,mean_ring,1,4,137200,702500,14355500
sparse,2026,666,bfs,mean_ring,1,5,119200,833300,14355500
sparse,2026,666,potential,mean_ring,1,6,106600,47983100,14355500
sparse,2026,666,rcm,fourary,1,7,171000,702500,14355500
sparse,2026,666,bfs,fourary,2,0,169600,833300,14355500
sparse,2026,666,rcm,mean_ring,2,1,105200,702500,14355500
sparse,2026,666,potential,fourary,2,2,178100,47983100,14355500
sparse,2026,666,rcm,fourary,2,3,167700,702500,14355500
sparse,2026,666,identity,mean_ring,2,4,111300,0,14355500
sparse,2026,666,identity,fourary,2,5,162400,0,14355500
sparse,2026,666,bfs,mean_ring,2,6,108500,833300,14355500
sparse,2026,666,potential,mean_ring,2,7,120800,47983100,14355500
sparse,2026,666,potential,mean_ring,3,0,129600,47983100,14355500
sparse,2026,666,bfs,mean_ring,3,1,98500,833300,14355500
sparse,2026,666,identity,fourary,3,2,204900,0,14355500
sparse,2026,666,identity,mean_ring,3,3,89400,0,14355500
sparse,2026,666,rcm,fourary,3,4,194500,702500,14355500
sparse,2026,666,potential,fourary,3,5,184600,47983100,14355500
sparse,2026,666,rcm,mean_ring,3,6,90200,702500,14355500
sparse,2026,666,bfs,fourary,3,7,189500,833300,14355500
sparse,2026,666,bfs,fourary,4,0,181400,833300,14355500
sparse,2026,666,rcm,mean_ring,4,1,121400,702500,14355500
sparse,2026,666,identity,fourary,4,2,172700,0,14355500
sparse,2026,666,rcm,fourary,4,3,170700,702500,14355500
sparse,2026,666,bfs,mean_ring,4,4,119200,833300,14355500
sparse,2026,666,identity,mean_ring,4,5,116500,0,14355500
sparse,2026,666,potential,mean_ring,4,6,108900,47983100,14355500
sparse,2026,666,potential,fourary,4,7,164600,47983100,14355500
sparse,2026,666,potential,fourary,5,0,171400,47983100,14355500
sparse,2026,666,potential,mean_ring,5,1,106700,47983100,14355500
sparse,2026,666,identity,mean_ring,5,2,106500,0,14355500
sparse,2026,666,bfs,mean_ring,5,3,96400,833300,14355500
sparse,2026,666,rcm,fourary,5,4,178300,702500,14355500
sparse,2026,666,identity,fourary,5,5,174300,0,14355500
sparse,2026,666,rcm,mean_ring,5,6,125800,702500,14355500
sparse,2026,666,bfs,fourary,5,7,165500,833300,14355500
sparse,2026,666,bfs,fourary,6,0,164000,833300,14355500
sparse,2026,666,potential,fourary,6,1,160200,47983100,14355500
sparse,2026,666,potential,mean_ring,6,2,125500,47983100,14355500
sparse,2026,666,bfs,mean_ring,6,3,110300,833300,14355500
sparse,2026,666,rcm,fourary,6,4,192100,702500,14355500
sparse,2026,666,identity,mean_ring,6,5,106200,0,14355500
sparse,2026,666,rcm,mean_ring,6,6,97500,702500,14355500
sparse,2026,666,identity,fourary,6,7,201700,0,14355500
sparse,2026,666,identity,fourary,7,0,194000,0,14355500
sparse,2026,666,rcm,mean_ring,7,1,101800,702500,14355500
sparse,2026,666,identity,mean_ring,7,2,84200,0,14355500
sparse,2026,666,rcm,fourary,7,3,188100,702500,14355500
sparse,2026,666,bfs,mean_ring,7,4,129400,833300,14355500
sparse,2026,666,potential,mean_ring,7,5,129800,47983100,14355500
sparse,2026,666,potential,fourary,7,6,198200,47983100,14355500
sparse,2026,666,bfs,fourary,7,7,183200,833300,14355500
sparse,2026,666,identity,mean_ring,8,0,119400,0,14355500
sparse,2026,666,rcm,mean_ring,8,1,135300,702500,14355500
sparse,2026,666,potential,fourary,8,2,300200,47983100,14355500
sparse,2026,666,bfs,mean_ring,8,3,144100,833300,14355500
sparse,2026,666,potential,mean_ring,8,4,120600,47983100,14355500
sparse,2026,666,rcm,fourary,8,5,214900,702500,14355500
sparse,2026,666,identity,fourary,8,6,227400,0,14355500
sparse,2026,666,bfs,fourary,8,7,182700,833300,14355500
sparse,2026,666,bfs,fourary,9,0,175100,833300,14355500
sparse,2026,666,identity,fourary,9,1,177300,0,14355500
sparse,2026,666,rcm,fourary,9,2,172200,702500,14355500
sparse,2026,666,potential,mean_ring,9,3,133400,47983100,14355500
sparse,2026,666,bfs,mean_ring,9,4,121400,833300,14355500
sparse,2026,666,potential,fourary,9,5,225000,47983100,14355500
sparse,2026,666,rcm,mean_ring,9,6,102700,702500,14355500
sparse,2026,666,identity,mean_ring,9,7,89000,0,14355500
sparse,2026,666,potential,mean_ring,10,0,75800,47983100,14355500
sparse,2026,666,potential,fourary,10,1,196500,47983100,14355500
sparse,2026,666,identity,fourary,10,2,187400,0,14355500
sparse,2026,666,identity,mean_ring,10,3,532800,0,14355500
sparse,2026,666,bfs,mean_ring,10,4,164500,833300,14355500
sparse,2026,666,rcm,fourary,10,5,252700,702500,14355500
sparse,2026,666,bfs,fourary,10,6,234100,833300,14355500
sparse,2026,666,rcm,mean_ring,10,7,148100,702500,14355500
sparse,2026,666,rcm,mean_ring,11,0,134900,702500,14355500
sparse,2026,666,bfs,fourary,11,1,229500,833300,14355500
sparse,2026,666,rcm,fourary,11,2,225400,702500,14355500
sparse,2026,666,bfs,mean_ring,11,3,149000,833300,14355500
sparse,2026,666,identity,mean_ring,11,4,135100,0,14355500
sparse,2026,666,identity,fourary,11,5,193600,0,14355500
sparse,2026,666,potential,fourary,11,6,217900,47983100,14355500
sparse,2026,666,potential,mean_ring,11,7,141900,47983100,14355500
clustered,2026,333,potential,mean_ring,0,0,303300,210272300,87819700
clustered,2026,333,rcm,fourary,0,1,389400,3470000,87819700
clustered,2026,333,identity,mean_ring,0,2,334600,0,87819700
clustered,2026,333,rcm,mean_ring,0,3,294000,3470000,87819700
clustered,2026,333,identity,fourary,0,4,385300,0,87819700
clustered,2026,333,bfs,fourary,0,5,425500,3456900,87819700
clustered,2026,333,potential,fourary,0,6,382600,210272300,87819700
clustered,2026,333,bfs,mean_ring,0,7,323900,3456900,87819700
clustered,2026,333,bfs,mean_ring,1,0,301500,3456900,87819700
clustered,2026,333,potential,fourary,1,1,354000,210272300,87819700
clustered,2026,333,bfs,fourary,1,2,371000,3456900,87819700
clustered,2026,333,identity,fourary,1,3,384100,0,87819700
clustered,2026,333,rcm,mean_ring,1,4,347300,3470000,87819700
clustered,2026,333,identity,mean_ring,1,5,313200,0,87819700
clustered,2026,333,rcm,fourary,1,6,354000,3470000,87819700
clustered,2026,333,potential,mean_ring,1,7,314700,210272300,87819700
clustered,2026,333,identity,fourary,2,0,404500,0,87819700
clustered,2026,333,potential,fourary,2,1,430300,210272300,87819700
clustered,2026,333,rcm,fourary,2,2,572000,3470000,87819700
clustered,2026,333,potential,mean_ring,2,3,470400,210272300,87819700
clustered,2026,333,bfs,fourary,2,4,433500,3456900,87819700
clustered,2026,333,rcm,mean_ring,2,5,339100,3470000,87819700
clustered,2026,333,identity,mean_ring,2,6,328800,0,87819700
clustered,2026,333,bfs,mean_ring,2,7,309800,3456900,87819700
clustered,2026,333,bfs,mean_ring,3,0,286900,3456900,87819700
clustered,2026,333,identity,mean_ring,3,1,273300,0,87819700
clustered,2026,333,rcm,mean_ring,3,2,270700,3470000,87819700
clustered,2026,333,bfs,fourary,3,3,390600,3456900,87819700
clustered,2026,333,potential,mean_ring,3,4,325000,210272300,87819700
clustered,2026,333,rcm,fourary,3,5,430700,3470000,87819700
clustered,2026,333,potential,fourary,3,6,406400,210272300,87819700
clustered,2026,333,identity,fourary,3,7,400200,0,87819700
clustered,2026,333,potential,fourary,4,0,403800,210272300,87819700
clustered,2026,333,rcm,mean_ring,4,1,319800,3470000,87819700
clustered,2026,333,bfs,fourary,4,2,414300,3456900,87819700
clustered,2026,333,bfs,mean_ring,4,3,334800,3456900,87819700
clustered,2026,333,identity,mean_ring,4,4,396700,0,87819700
clustered,2026,333,identity,fourary,4,5,420700,0,87819700
clustered,2026,333,potential,mean_ring,4,6,341400,210272300,87819700
clustered,2026,333,rcm,fourary,4,7,407700,3470000,87819700
clustered,2026,333,rcm,fourary,5,0,381000,3470000,87819700
clustered,2026,333,potential,mean_ring,5,1,338700,210272300,87819700
clustered,2026,333,identity,fourary,5,2,445700,0,87819700
clustered,2026,333,identity,mean_ring,5,3,334000,0,87819700
clustered,2026,333,bfs,mean_ring,5,4,381100,3456900,87819700
clustered,2026,333,bfs,fourary,5,5,420000,3456900,87819700
clustered,2026,333,rcm,mean_ring,5,6,363100,3470000,87819700
clustered,2026,333,potential,fourary,5,7,562000,210272300,87819700
clustered,2026,333,identity,fourary,6,0,688200,0,87819700
clustered,2026,333,rcm,mean_ring,6,1,930700,3470000,87819700
clustered,2026,333,identity,mean_ring,6,2,1855800,0,87819700
clustered,2026,333,rcm,fourary,6,3,637200,3470000,87819700
clustered,2026,333,potential,mean_ring,6,4,433100,210272300,87819700
clustered,2026,333,bfs,fourary,6,5,509400,3456900,87819700
clustered,2026,333,bfs,mean_ring,6,6,422000,3456900,87819700
clustered,2026,333,potential,fourary,6,7,525000,210272300,87819700
clustered,2026,333,potential,fourary,7,0,526200,210272300,87819700
clustered,2026,333,bfs,mean_ring,7,1,471600,3456900,87819700
clustered,2026,333,bfs,fourary,7,2,427900,3456900,87819700
clustered,2026,333,potential,mean_ring,7,3,400900,210272300,87819700
clustered,2026,333,rcm,fourary,7,4,503800,3470000,87819700
clustered,2026,333,identity,mean_ring,7,5,463200,0,87819700
clustered,2026,333,rcm,mean_ring,7,6,386500,3470000,87819700
clustered,2026,333,identity,fourary,7,7,379700,0,87819700
clustered,2026,333,rcm,mean_ring,8,0,297700,3470000,87819700
clustered,2026,333,potential,mean_ring,8,1,313400,210272300,87819700
clustered,2026,333,bfs,fourary,8,2,397900,3456900,87819700
clustered,2026,333,bfs,mean_ring,8,3,306800,3456900,87819700
clustered,2026,333,rcm,fourary,8,4,423100,3470000,87819700
clustered,2026,333,potential,fourary,8,5,422200,210272300,87819700
clustered,2026,333,identity,fourary,8,6,498600,0,87819700
clustered,2026,333,identity,mean_ring,8,7,418000,0,87819700
clustered,2026,333,identity,mean_ring,9,0,575800,0,87819700
clustered,2026,333,identity,fourary,9,1,477200,0,87819700
clustered,2026,333,potential,fourary,9,2,575100,210272300,87819700
clustered,2026,333,rcm,fourary,9,3,413700,3470000,87819700
clustered,2026,333,bfs,mean_ring,9,4,343200,3456900,87819700
clustered,2026,333,bfs,fourary,9,5,364400,3456900,87819700
clustered,2026,333,potential,mean_ring,9,6,345200,210272300,87819700
clustered,2026,333,rcm,mean_ring,9,7,308600,3470000,87819700
clustered,2026,333,identity,mean_ring,10,0,302100,0,87819700
clustered,2026,333,potential,fourary,10,1,382000,210272300,87819700
clustered,2026,333,rcm,fourary,10,2,371100,3470000,87819700
clustered,2026,333,bfs,fourary,10,3,365600,3456900,87819700
clustered,2026,333,identity,fourary,10,4,981500,0,87819700
clustered,2026,333,bfs,mean_ring,10,5,476900,3456900,87819700
clustered,2026,333,potential,mean_ring,10,6,408300,210272300,87819700
clustered,2026,333,rcm,mean_ring,10,7,327300,3470000,87819700
clustered,2026,333,rcm,mean_ring,11,0,291800,3470000,87819700
clustered,2026,333,potential,mean_ring,11,1,304100,210272300,87819700
clustered,2026,333,bfs,mean_ring,11,2,314100,3456900,87819700
clustered,2026,333,identity,fourary,11,3,417000,0,87819700
clustered,2026,333,bfs,fourary,11,4,375800,3456900,87819700
clustered,2026,333,rcm,fourary,11,5,372500,3470000,87819700
clustered,2026,333,potential,fourary,11,6,363100,210272300,87819700
clustered,2026,333,identity,mean_ring,11,7,342800,0,87819700
clustered,2026,666,rcm,fourary,0,0,401900,3470000,87819700
clustered,2026,666,potential,mean_ring,0,1,321300,210272300,87819700
clustered,2026,666,bfs,mean_ring,0,2,322900,3456900,87819700
clustered,2026,666,rcm,mean_ring,0,3,288200,3470000,87819700
clustered,2026,666,identity,fourary,0,4,426500,0,87819700
clustered,2026,666,potential,fourary,0,5,405800,210272300,87819700
clustered,2026,666,identity,mean_ring,0,6,370000,0,87819700
clustered,2026,666,bfs,fourary,0,7,424900,3456900,87819700
clustered,2026,666,bfs,fourary,1,0,447100,3456900,87819700
clustered,2026,666,identity,mean_ring,1,1,409300,0,87819700
clustered,2026,666,potential,fourary,1,2,418700,210272300,87819700
clustered,2026,666,identity,fourary,1,3,381300,0,87819700
clustered,2026,666,rcm,mean_ring,1,4,524700,3470000,87819700
clustered,2026,666,bfs,mean_ring,1,5,457900,3456900,87819700
clustered,2026,666,potential,mean_ring,1,6,438300,210272300,87819700
clustered,2026,666,rcm,fourary,1,7,426100,3470000,87819700
clustered,2026,666,bfs,fourary,2,0,415600,3456900,87819700
clustered,2026,666,rcm,mean_ring,2,1,318700,3470000,87819700
clustered,2026,666,potential,fourary,2,2,433900,210272300,87819700
clustered,2026,666,rcm,fourary,2,3,412600,3470000,87819700
clustered,2026,666,identity,mean_ring,2,4,346400,0,87819700
clustered,2026,666,identity,fourary,2,5,378200,0,87819700
clustered,2026,666,bfs,mean_ring,2,6,319500,3456900,87819700
clustered,2026,666,potential,mean_ring,2,7,336800,210272300,87819700
clustered,2026,666,potential,mean_ring,3,0,402200,210272300,87819700
clustered,2026,666,bfs,mean_ring,3,1,397000,3456900,87819700
clustered,2026,666,identity,fourary,3,2,564700,0,87819700
clustered,2026,666,identity,mean_ring,3,3,411800,0,87819700
clustered,2026,666,rcm,fourary,3,4,427500,3470000,87819700
clustered,2026,666,potential,fourary,3,5,414800,210272300,87819700
clustered,2026,666,rcm,mean_ring,3,6,343000,3470000,87819700
clustered,2026,666,bfs,fourary,3,7,432600,3456900,87819700
clustered,2026,666,bfs,fourary,4,0,372300,3456900,87819700
clustered,2026,666,rcm,mean_ring,4,1,336000,3470000,87819700
clustered,2026,666,identity,fourary,4,2,514900,0,87819700
clustered,2026,666,rcm,fourary,4,3,425300,3470000,87819700
clustered,2026,666,bfs,mean_ring,4,4,345500,3456900,87819700
clustered,2026,666,identity,mean_ring,4,5,334800,0,87819700
clustered,2026,666,potential,mean_ring,4,6,335700,210272300,87819700
clustered,2026,666,potential,fourary,4,7,453800,210272300,87819700
clustered,2026,666,potential,fourary,5,0,483700,210272300,87819700
clustered,2026,666,potential,mean_ring,5,1,375500,210272300,87819700
clustered,2026,666,identity,mean_ring,5,2,426000,0,87819700
clustered,2026,666,bfs,mean_ring,5,3,378900,3456900,87819700
clustered,2026,666,rcm,fourary,5,4,429600,3470000,87819700
clustered,2026,666,identity,fourary,5,5,445200,0,87819700
clustered,2026,666,rcm,mean_ring,5,6,418300,3470000,87819700
clustered,2026,666,bfs,fourary,5,7,536900,3456900,87819700
clustered,2026,666,bfs,fourary,6,0,523700,3456900,87819700
clustered,2026,666,potential,fourary,6,1,530100,210272300,87819700
clustered,2026,666,potential,mean_ring,6,2,403100,210272300,87819700
clustered,2026,666,bfs,mean_ring,6,3,485300,3456900,87819700
clustered,2026,666,rcm,fourary,6,4,606000,3470000,87819700
clustered,2026,666,identity,mean_ring,6,5,465500,0,87819700
clustered,2026,666,rcm,mean_ring,6,6,484200,3470000,87819700
clustered,2026,666,identity,fourary,6,7,1234400,0,87819700
clustered,2026,666,identity,fourary,7,0,583500,0,87819700
clustered,2026,666,rcm,mean_ring,7,1,503200,3470000,87819700
clustered,2026,666,identity,mean_ring,7,2,420600,0,87819700
clustered,2026,666,rcm,fourary,7,3,561300,3470000,87819700
clustered,2026,666,bfs,mean_ring,7,4,514500,3456900,87819700
clustered,2026,666,potential,mean_ring,7,5,368800,210272300,87819700
clustered,2026,666,potential,fourary,7,6,394300,210272300,87819700
clustered,2026,666,bfs,fourary,7,7,424700,3456900,87819700
clustered,2026,666,identity,mean_ring,8,0,391400,0,87819700
clustered,2026,666,rcm,mean_ring,8,1,350600,3470000,87819700
clustered,2026,666,potential,fourary,8,2,481700,210272300,87819700
clustered,2026,666,bfs,mean_ring,8,3,354900,3456900,87819700
clustered,2026,666,potential,mean_ring,8,4,350700,210272300,87819700
clustered,2026,666,rcm,fourary,8,5,533500,3470000,87819700
clustered,2026,666,identity,fourary,8,6,532400,0,87819700
clustered,2026,666,bfs,fourary,8,7,499600,3456900,87819700
clustered,2026,666,bfs,fourary,9,0,440000,3456900,87819700
clustered,2026,666,identity,fourary,9,1,405200,0,87819700
clustered,2026,666,rcm,fourary,9,2,410900,3470000,87819700
clustered,2026,666,potential,mean_ring,9,3,353400,210272300,87819700
clustered,2026,666,bfs,mean_ring,9,4,322200,3456900,87819700
clustered,2026,666,potential,fourary,9,5,442300,210272300,87819700
clustered,2026,666,rcm,mean_ring,9,6,395100,3470000,87819700
clustered,2026,666,identity,mean_ring,9,7,396700,0,87819700
clustered,2026,666,potential,mean_ring,10,0,454700,210272300,87819700
clustered,2026,666,potential,fourary,10,1,525700,210272300,87819700
clustered,2026,666,identity,fourary,10,2,450900,0,87819700
clustered,2026,666,identity,mean_ring,10,3,359000,0,87819700
clustered,2026,666,bfs,mean_ring,10,4,383800,3456900,87819700
clustered,2026,666,rcm,fourary,10,5,444000,3470000,87819700
clustered,2026,666,bfs,fourary,10,6,405900,3456900,87819700
clustered,2026,666,rcm,mean_ring,10,7,324500,3470000,87819700
clustered,2026,666,rcm,mean_ring,11,0,308500,3470000,87819700
clustered,2026,666,bfs,fourary,11,1,388400,3456900,87819700
clustered,2026,666,rcm,fourary,11,2,386000,3470000,87819700
clustered,2026,666,bfs,mean_ring,11,3,318100,3456900,87819700
clustered,2026,666,identity,mean_ring,11,4,670800,0,87819700
clustered,2026,666,identity,fourary,11,5,496900,0,87819700
clustered,2026,666,potential,fourary,11,6,553800,210272300,87819700
clustered,2026,666,potential,mean_ring,11,7,517800,210272300,87819700
grid,2026,333,bfs,mean_ring,0,0,129800,815400,20740300
grid,2026,333,bfs,fourary,0,1,170600,815400,20740300
grid,2026,333,identity,mean_ring,0,2,190400,0,20740300
grid,2026,333,rcm,mean_ring,0,3,172100,396500,20740300
grid,2026,333,rcm,fourary,0,4,167500,396500,20740300
grid,2026,333,identity,fourary,0,5,162500,0,20740300
grid,2026,333,identity,fourary,1,0,375700,0,20740300
grid,2026,333,rcm,fourary,1,1,429600,396500,20740300
grid,2026,333,rcm,mean_ring,1,2,197700,396500,20740300
grid,2026,333,identity,mean_ring,1,3,216700,0,20740300
grid,2026,333,bfs,fourary,1,4,193800,815400,20740300
grid,2026,333,bfs,mean_ring,1,5,147900,815400,20740300
grid,2026,333,identity,mean_ring,2,0,107200,0,20740300
grid,2026,333,bfs,mean_ring,2,1,128200,815400,20740300
grid,2026,333,bfs,fourary,2,2,149400,815400,20740300
grid,2026,333,identity,fourary,2,3,141100,0,20740300
grid,2026,333,rcm,mean_ring,2,4,101300,396500,20740300
grid,2026,333,rcm,fourary,2,5,143900,396500,20740300
grid,2026,333,rcm,fourary,3,0,130900,396500,20740300
grid,2026,333,rcm,mean_ring,3,1,189700,396500,20740300
grid,2026,333,identity,fourary,3,2,196400,0,20740300
grid,2026,333,bfs,fourary,3,3,186200,815400,20740300
grid,2026,333,bfs,mean_ring,3,4,174900,815400,20740300
grid,2026,333,identity,mean_ring,3,5,136500,0,20740300
grid,2026,333,bfs,fourary,4,0,168600,815400,20740300
grid,2026,333,rcm,mean_ring,4,1,133100,396500,20740300
grid,2026,333,identity,mean_ring,4,2,216300,0,20740300
grid,2026,333,rcm,fourary,4,3,160700,396500,20740300
grid,2026,333,identity,fourary,4,4,151500,0,20740300
grid,2026,333,bfs,mean_ring,4,5,686700,815400,20740300
grid,2026,333,bfs,mean_ring,5,0,217100,815400,20740300
grid,2026,333,identity,fourary,5,1,199200,0,20740300
grid,2026,333,rcm,fourary,5,2,194300,396500,20740300
grid,2026,333,identity,mean_ring,5,3,200900,0,20740300
grid,2026,333,rcm,mean_ring,5,4,183400,396500,20740300
grid,2026,333,bfs,fourary,5,5,280700,815400,20740300
grid,2026,333,identity,mean_ring,6,0,228200,0,20740300
grid,2026,333,rcm,fourary,6,1,183000,396500,20740300
grid,2026,333,bfs,mean_ring,6,2,174500,815400,20740300
grid,2026,333,identity,fourary,6,3,161500,0,20740300
grid,2026,333,bfs,fourary,6,4,167100,815400,20740300
grid,2026,333,rcm,mean_ring,6,5,190200,396500,20740300
grid,2026,333,rcm,mean_ring,7,0,175600,396500,20740300
grid,2026,333,bfs,fourary,7,1,177100,815400,20740300
grid,2026,333,identity,fourary,7,2,184500,0,20740300
grid,2026,333,bfs,mean_ring,7,3,228300,815400,20740300
grid,2026,333,rcm,fourary,7,4,162700,396500,20740300
grid,2026,333,identity,mean_ring,7,5,183800,0,20740300
grid,2026,333,bfs,fourary,8,0,162700,815400,20740300
grid,2026,333,bfs,mean_ring,8,1,179900,815400,20740300
grid,2026,333,identity,mean_ring,8,2,162500,0,20740300
grid,2026,333,identity,fourary,8,3,159000,0,20740300
grid,2026,333,rcm,fourary,8,4,159000,396500,20740300
grid,2026,333,rcm,mean_ring,8,5,165200,396500,20740300
grid,2026,333,rcm,mean_ring,9,0,137800,396500,20740300
grid,2026,333,rcm,fourary,9,1,151800,396500,20740300
grid,2026,333,identity,fourary,9,2,145000,0,20740300
grid,2026,333,identity,mean_ring,9,3,123600,0,20740300
grid,2026,333,bfs,mean_ring,9,4,119100,815400,20740300
grid,2026,333,bfs,fourary,9,5,159900,815400,20740300
grid,2026,333,bfs,mean_ring,10,0,150500,815400,20740300
grid,2026,333,bfs,fourary,10,1,166100,815400,20740300
grid,2026,333,identity,fourary,10,2,162400,0,20740300
grid,2026,333,rcm,mean_ring,10,3,159300,396500,20740300
grid,2026,333,identity,mean_ring,10,4,147400,0,20740300
grid,2026,333,rcm,fourary,10,5,185300,396500,20740300
grid,2026,333,rcm,fourary,11,0,167600,396500,20740300
grid,2026,333,identity,mean_ring,11,1,113700,0,20740300
grid,2026,333,rcm,mean_ring,11,2,117200,396500,20740300
grid,2026,333,identity,fourary,11,3,169000,0,20740300
grid,2026,333,bfs,fourary,11,4,173200,815400,20740300
grid,2026,333,bfs,mean_ring,11,5,164300,815400,20740300
grid,2026,666,identity,fourary,0,0,247800,0,20740300
grid,2026,666,bfs,fourary,0,1,195300,815400,20740300
grid,2026,666,rcm,mean_ring,0,2,160700,396500,20740300
grid,2026,666,rcm,fourary,0,3,149700,396500,20740300
grid,2026,666,identity,mean_ring,0,4,143000,0,20740300
grid,2026,666,bfs,mean_ring,0,5,118100,815400,20740300
grid,2026,666,bfs,mean_ring,1,0,105100,815400,20740300
grid,2026,666,identity,mean_ring,1,1,94700,0,20740300
grid,2026,666,rcm,fourary,1,2,145900,396500,20740300
grid,2026,666,rcm,mean_ring,1,3,97900,396500,20740300
grid,2026,666,bfs,fourary,1,4,140700,815400,20740300
grid,2026,666,identity,fourary,1,5,136100,0,20740300
grid,2026,666,identity,mean_ring,2,0,98200,0,20740300
grid,2026,666,bfs,fourary,2,1,158500,815400,20740300
grid,2026,666,identity,fourary,2,2,133800,0,20740300
grid,2026,666,bfs,mean_ring,2,3,104000,815400,20740300
grid,2026,666,rcm,mean_ring,2,4,97600,396500,20740300
grid,2026,666,rcm,fourary,2,5,160300,396500,20740300
grid,2026,666,rcm,fourary,3,0,144600,396500,20740300
grid,2026,666,rcm,mean_ring,3,1,97600,396500,20740300
grid,2026,666,bfs,mean_ring,3,2,95800,815400,20740300
grid,2026,666,identity,fourary,3,3,173600,0,20740300
grid,2026,666,bfs,fourary,3,4,172600,815400,20740300
grid,2026,666,identity,mean_ring,3,5,153900,0,20740300
grid,2026,666,rcm,fourary,4,0,191000,396500,20740300
grid,2026,666,bfs,fourary,4,1,182000,815400,20740300
grid,2026,666,bfs,mean_ring,4,2,164500,815400,20740300
grid,2026,666,identity,mean_ring,4,3,171000,0,20740300
grid,2026,666,rcm,mean_ring,4,4,125300,396500,20740300
grid,2026,666,identity,fourary,4,5,141200,0,20740300
grid,2026,666,identity,fourary,5,0,135100,0,20740300
grid,2026,666,rcm,mean_ring,5,1,100600,396500,20740300
grid,2026,666,identity,mean_ring,5,2,117700,0,20740300
grid,2026,666,bfs,mean_ring,5,3,96200,815400,20740300
grid,2026,666,bfs,fourary,5,4,150300,815400,20740300
grid,2026,666,rcm,fourary,5,5,142300,396500,20740300
grid,2026,666,rcm,fourary,6,0,135800,396500,20740300
grid,2026,666,bfs,fourary,6,1,133300,815400,20740300
grid,2026,666,bfs,mean_ring,6,2,102700,815400,20740300
grid,2026,666,identity,mean_ring,6,3,92300,0,20740300
grid,2026,666,rcm,mean_ring,6,4,90200,396500,20740300
grid,2026,666,identity,fourary,6,5,239000,0,20740300
grid,2026,666,identity,fourary,7,0,217200,0,20740300
grid,2026,666,rcm,mean_ring,7,1,229000,396500,20740300
grid,2026,666,identity,mean_ring,7,2,196800,0,20740300
grid,2026,666,bfs,mean_ring,7,3,194800,815400,20740300
grid,2026,666,bfs,fourary,7,4,189500,815400,20740300
grid,2026,666,rcm,fourary,7,5,189200,396500,20740300
grid,2026,666,rcm,fourary,8,0,184800,396500,20740300
grid,2026,666,bfs,fourary,8,1,182500,815400,20740300
grid,2026,666,rcm,mean_ring,8,2,205600,396500,20740300
grid,2026,666,bfs,mean_ring,8,3,134100,815400,20740300
grid,2026,666,identity,fourary,8,4,142400,0,20740300
grid,2026,666,identity,mean_ring,8,5,140600,0,20740300
grid,2026,666,identity,mean_ring,9,0,164400,0,20740300
grid,2026,666,identity,fourary,9,1,162300,0,20740300
grid,2026,666,bfs,mean_ring,9,2,159700,815400,20740300
grid,2026,666,rcm,mean_ring,9,3,160900,396500,20740300
grid,2026,666,bfs,fourary,9,4,178000,815400,20740300
grid,2026,666,rcm,fourary,9,5,165700,396500,20740300
grid,2026,666,identity,fourary,10,0,141000,0,20740300
grid,2026,666,rcm,mean_ring,10,1,128300,396500,20740300
grid,2026,666,bfs,fourary,10,2,133700,815400,20740300
grid,2026,666,identity,mean_ring,10,3,110000,0,20740300
grid,2026,666,bfs,mean_ring,10,4,112300,815400,20740300
grid,2026,666,rcm,fourary,10,5,383400,396500,20740300
grid,2026,666,rcm,fourary,11,0,129400,396500,20740300
grid,2026,666,bfs,mean_ring,11,1,102200,815400,20740300
grid,2026,666,identity,mean_ring,11,2,103300,0,20740300
grid,2026,666,bfs,fourary,11,3,127600,815400,20740300
grid,2026,666,rcm,mean_ring,11,4,106900,396500,20740300
grid,2026,666,identity,fourary,11,5,209600,0,20740300
