panel,family,n,arm,ratio,lo,hi,seeds
core,clustered,1000,binary,1.0607712692948796,1.057435920792108,1.0662905963751843,3
core,clustered,1000,caliber,1.0938076171863043,1.0850608723894297,1.0986769341043137,3
core,clustered,1000,degree4,1.0364115649557084,1.0211793640054885,1.0565699963734903,3
core,clustered,1000,fourary,1.0645541363206807,1.0521441059292889,1.0820826189447244,3
core,clustered,1000,heavy_only,1.0548564564117817,1.0390671339312427,1.06745445379323,3
core,clustered,1000,list_both,1.1367162006649307,1.120113150548958,1.1487120628137282,3
core,clustered,1000,max_maxdegree,1.2063801767191267,1.1909147478621496,1.2152599978315732,3
core,clustered,1000,mean_degree,0.8120685397521191,0.8022762817995173,0.8302460913652243,3
core,clustered,1000,mean_map,1.2740609846002922,1.2407908449766343,1.2977348831643027,3
core,clustered,1000,mean_ring,1.3678542382277479,1.3533638934921424,1.3791395080878184,3
core,clustered,1000,mean_sqrtdegree,1.090449253726612,1.074123614411454,1.1057230963463316,3
core,clustered,1000,median,1.274679903461185,1.2539993033766539,1.29143410595939,3
core,clustered,1000,original_mean,1.070942974895952,1.051486689305878,1.0812339012153107,3
core,clustered,1000,sd,1.3980145113377838,1.390541494213985,1.4114261261049592,3
core,clustered,1000,selected_grid,1.3972411889548735,1.3616621547216454,1.4167537158900063,3
core,clustered,1000,skip_only,1.5294464688987786,1.4630311389058244,1.5719163994841479,3
core,clustered,2000,binary,1.0681264209168153,1.0610620343839687,1.072388823045822,3
core,clustered,2000,caliber,1.1087651917585963,1.0866388178585842,1.1341860908078387,3
core,clustered,2000,degree4,1.027997433746364,1.009992406628288,1.0431620289991057,3
core,clustered,2000,fourary,1.0264558273373523,1.0131873788482317,1.0469501365363825,3
core,clustered,2000,heavy_only,1.21581054076575,1.1965988667430278,1.233807023964867,3
core,clustered,2000,list_both,1.4199273718095182,1.3932314790145892,1.4447498713291027,3
core,clustered,2000,max_maxdegree,1.3931603892759108,1.3649669261248487,1.414176380629778,3
core,clustered,2000,mean_degree,1.0162819005428807,0.9802675684096742,1.0443081398385772,3
core,clustered,2000,mean_map,1.556167297642146,1.547420608065997,1.5666215987251424,3
core,clustered,2000,mean_ring,1.6259371859720655,1.6017171701319595,1.6501903622062268,3
core,clustered,2000,mean_sqrtdegree,1.3202476820000617,1.3180241185118153,1.3222537167238324,3
core,clustered,2000,median,1.498241042446411,1.467503588330701,1.51549049084222,3
core,clustered,2000,original_mean,1.3584706773206712,1.341188765893901,1.382782129174826,3
core,clustered,2000,sd,1.61252519527755,1.5944673206712474,1.6246130657007645,3
core,clustered,2000,selected_grid,1.6155977688985768,1.5577349929139375,1.66561216354476,3
core,clustered,2000,skip_only,1.975621891515573,1.9610509586995044,1.9997748978092964,3
core,clustered,5000,binary,1.0723386476218322,1.0717699966485403,1.0734480946803775,3
core,clustered,5000,caliber,1.0872063457660672,1.0646891082947896,1.0994197524568594,3
core,clustered,5000,degree4,1.0190623288686964,1.003790638687649,1.028369890474312,3
core,clustered,5000,fourary,1.0181903775615402,1.0092088371664287,1.028238808576145,3
core,clustered,5000,heavy_only,1.4209262989078848,1.4149054337208067,1.430293065426368,3
core,clustered,5000,list_both,1.5874255549997085,1.5390551784210926,1.6192202251129066,3
core,clustered,5000,max_maxdegree,1.6349705755583581,1.6013024715508555,1.6662626850275994,3
core,clustered,5000,mean_degree,1.3879856247829336,1.3794456129488921,1.3958896151514624,3
core,clustered,5000,mean_map,1.8411270466527805,1.809471632414962,1.875673100299204,3
core,clustered,5000,mean_ring,1.9431130814602056,1.926543809127776,1.9656842507915007,3
core,clustered,5000,mean_sqrtdegree,1.6924512733299792,1.6597185240339078,1.7350705848307555,3
core,clustered,5000,median,1.7808848754571371,1.7590410775769807,1.81826920674558,3
core,clustered,5000,original_mean,1.5069156176735474,1.4791334712689919,1.5369228867684646,3
core,clustered,5000,sd,1.8248329339577518,1.8047480250814933,1.8428320031998884,3
core,clustered,5000,selected_grid,1.8718575499028325,1.8443694507071837,1.8917119428626912,3
core,clustered,5000,skip_only,2.3252699277472892,2.2871856028193873,2.3916101499210867,3
core,clustered,10000,binary,1.0370011675896817,1.0222690472489446,1.0552020942876523,3
core,clustered,10000,caliber,1.0625490608742019,1.0428061756308207,1.0755989032382824,3
core,clustered,10000,degree4,1.0110547579593674,0.9931727935422894,1.0334490717963831,3
core,clustered,10000,fourary,1.000231150106823,0.9829348125261961,1.0139067284775187,3
core,clustered,10000,heavy_only,1.4189760061976424,1.4027681342872826,1.4383876815366725,3
core,clustered,10000,list_both,1.1403911504803381,1.1172147776122197,1.1679781055581366,3
core,clustered,10000,max_maxdegree,1.614930596768223,1.5871317761765615,1.666686532057855,3
core,clustered,10000,mean_degree,1.5517784346450194,1.5303871536235587,1.5660373775165923,3
core,clustered,10000,mean_map,1.838301923905716,1.8226392944031542,1.8646003334537748,3
core,clustered,10000,mean_ring,1.8890501558239834,1.847092031222876,1.9152477748771024,3
core,clustered,10000,mean_sqrtdegree,1.7847660232107245,1.7461180369055815,1.8092649296653023,3
core,clustered,10000,median,1.7524296896997764,1.7247535590942336,1.7984900257659704,3
core,clustered,10000,original_mean,1.1008937619018742,1.0838724579023975,1.112277113739529,3
core,clustered,10000,sd,1.8621692408244073,1.820977941623271,1.9361818727564482,3
core,clustered,10000,selected_grid,1.9180473370416156,1.8710167561306803,2.000050120263711,3
core,clustered,10000,skip_only,2.023842779877125,1.9889094294710281,2.0591580776301455,3
core,dense,1000,binary,1.1505319005782877,1.1477108269955967,1.1557353491122253,3
core,dense,1000,caliber,1.1876658677112502,1.1683623443852973,1.2125896923570645,3
core,dense,1000,degree4,1.0797417382757502,1.0646102161139965,1.0968508637102654,3
core,dense,1000,fourary,1.1324211558963586,1.121812971044876,1.141678204638486,3
core,dense,1000,heavy_only,0.5028471975890341,0.4857060531399126,0.515217051748143,3
core,dense,1000,list_both,0.16858252929288972,0.16183101730774915,0.1735124690603931,3
core,dense,1000,max_maxdegree,0.9257067307838046,0.918184781870001,0.9352629634246361,3
core,dense,1000,mean_degree,0.864143456356493,0.8450497843523397,0.8828893813100227,3
core,dense,1000,mean_map,0.8644054603326267,0.7996126359942697,0.9102410300016522,3
core,dense,1000,mean_ring,0.8563898363255004,0.8171789148356776,0.8882083211384996,3
core,dense,1000,mean_sqrtdegree,1.0745610828314216,1.0694752537296677,1.077281666056205,3
core,dense,1000,median,0.8673495543946705,0.8252650779089739,0.8894537252759948,3
core,dense,1000,original_mean,0.16064784634651336,0.15363568161946117,0.16619410199271617,3
core,dense,1000,sd,0.9406065885244831,0.899016606486427,0.9688736884139276,3
core,dense,1000,selected_grid,1.1795939556693789,1.162954046851913,1.2041234353253158,3
core,dense,1000,skip_only,0.38043579775274405,0.3673142625559624,0.3918245400301994,3
core,dense,2000,binary,1.2165935539947201,1.1888589450643523,1.2632958875875648,3
core,dense,2000,caliber,1.2424767248014117,1.2044010605397641,1.282001088345222,3
core,dense,2000,degree4,1.1345358209784915,1.0753177722471454,1.185838049698887,3
core,dense,2000,fourary,1.1869385259593868,1.1714766900900124,1.2182639003612625,3
core,dense,2000,heavy_only,0.3409334099249551,0.3301661035601192,0.3603124848001227,3
core,dense,2000,list_both,0.09665469090744734,0.08774194150311503,0.11402964321069368,3
core,dense,2000,max_maxdegree,0.8222517100920265,0.7971994267028648,0.8586977095844419,3
core,dense,2000,mean_degree,0.793461373994714,0.7666560137036179,0.8229312870179405,3
core,dense,2000,mean_map,0.7055064718130998,0.6800012662116284,0.759093061047797,3
core,dense,2000,mean_ring,0.6992865565792759,0.6674363635607208,0.752261936416304,3
core,dense,2000,mean_sqrtdegree,0.910623248045021,0.8817728699775684,0.9635067580439247,3
core,dense,2000,median,0.7047373883616553,0.6733695045237309,0.7561792549573798,3
core,dense,2000,original_mean,0.094071569812084,0.08623690055821688,0.11074727844459822,3
core,dense,2000,sd,0.72753612718908,0.6983917339888845,0.7791741757038823,3
core,dense,2000,selected_grid,0.8993977027754123,0.8532647550835616,0.9294421096700687,3
core,dense,2000,skip_only,0.2626928111146571,0.24956302199343539,0.2887434585078738,3
core,dense,5000,binary,1.229445862682026,1.212354605898848,1.2542675442735836,3
core,dense,5000,caliber,1.250887771949589,1.2443898053766391,1.2610211467523018,3
core,dense,5000,degree4,1.1997481343244756,1.1968134894935551,1.2046550651587595,3
core,dense,5000,fourary,1.1700491364707053,1.1373789472986846,1.190383147352477,3
core,dense,5000,heavy_only,0.22331543627970202,0.22282037442498645,0.22378618753772142,3
core,dense,5000,list_both,0.06492023751747975,0.06480671576618988,0.06502479948359019,3
core,dense,5000,max_maxdegree,0.6806596657268816,0.6734488273582392,0.6924706487969553,3
core,dense,5000,mean_degree,0.6705158934799995,0.6664565773587339,0.6765219482087544,3
core,dense,5000,mean_map,0.5641866895627929,0.5572003278221845,0.5679300398966511,3
core,dense,5000,mean_ring,0.5495618369495646,0.5430297720822066,0.5594997176408759,3
core,dense,5000,mean_sqrtdegree,0.7089011798187512,0.6993298777363952,0.7184950748216306,3
core,dense,5000,median,0.5579399892414004,0.5567968742201789,0.5591964484684319,3
core,dense,5000,original_mean,0.06323982535689653,0.06289392232419053,0.06371344001472459,3
core,dense,5000,sd,0.5804837592393772,0.5728283988464441,0.5878754485335714,3
core,dense,5000,selected_grid,0.6939034163469323,0.6708763681477942,0.7132082154969106,3
core,dense,5000,skip_only,0.2455240290023399,0.2449430042781199,0.24584147180528043,3
core,grid,1000,binary,0.9573403636644755,0.9478874158391377,0.9647932566108453,3
core,grid,1000,caliber,1.0473148434806943,1.0434718383892236,1.0522038251935149,3
core,grid,1000,degree4,0.7325597036909324,0.7146056281223024,0.7425704034284065,3
core,grid,1000,fourary,0.8974584659191979,0.8861997633282247,0.9051354738513309,3
core,grid,1000,heavy_only,0.9241057413665772,0.9143810413675466,0.9355881038741125,3
core,grid,1000,list_both,0.8710079488532019,0.8606462414467058,0.891945707235386,3
core,grid,1000,max_maxdegree,0.7935458444192501,0.7831128372324347,0.8024901700663861,3
core,grid,1000,mean_degree,0.8215300976695438,0.8193569870661555,0.8234980719919406,3
core,grid,1000,mean_map,0.9475934626537525,0.9316867185690587,0.9738222170855679,3
core,grid,1000,mean_ring,0.9761884089436226,0.9686346264395426,0.9863056091094844,3
core,grid,1000,mean_sqrtdegree,0.8208667430672175,0.8130324616252086,0.8280583465227189,3
core,grid,1000,median,0.9470819976263949,0.9323887896339009,0.954661082413803,3
core,grid,1000,original_mean,0.9840066922264233,0.9706287641163721,0.9979286955815224,3
core,grid,1000,sd,0.8037774602404809,0.7913636721550984,0.8111517937916374,3
core,grid,1000,skip_only,0.9048896293445995,0.8916708915309388,0.9197348945679386,3
core,grid,2000,binary,0.969267770619366,0.9629202251071217,0.9808375949978666,3
core,grid,2000,caliber,1.058433823533449,1.0526153443216293,1.0651783211516785,3
core,grid,2000,degree4,0.761230569781329,0.7567204538118464,0.768824262826422,3
core,grid,2000,fourary,0.9421131439394657,0.9313274847780523,0.9577740911753784,3
core,grid,2000,heavy_only,1.0776426032997555,1.0595547652692057,1.1041630575764385,3
core,grid,2000,list_both,1.0567174214738546,1.046504044374872,1.0757769882341595,3
core,grid,2000,max_maxdegree,0.9839525956298968,0.9733554058944662,1.0006409893519812,3
core,grid,2000,mean_degree,0.929362964210085,0.9175923159742654,0.9516978717585356,3
core,grid,2000,mean_map,1.0938852762693916,1.0876624470459624,1.0989158990200685,3
core,grid,2000,mean_ring,1.1567518057990425,1.1453018696299353,1.176621102027367,3
core,grid,2000,mean_sqrtdegree,0.9835465049777342,0.9764091465777717,0.9899933020496994,3
core,grid,2000,median,1.0951051000328187,1.077073547083935,1.1045441225045327,3
core,grid,2000,original_mean,1.210345307910463,1.2042125552696537,1.2187658723172143,3
core,grid,2000,sd,0.9772711364763836,0.9533987335602156,0.9915212286018417,3
core,grid,2000,skip_only,1.0805724309525135,1.0729304488920928,1.0866571509365677,3
core,grid,5000,binary,0.9599375515257976,0.9542724345893558,0.9638664482531178,3
core,grid,5000,caliber,1.0512888898533168,1.0478703500659323,1.0535380641070566,3
core,grid,5000,degree4,0.7370110936179507,0.7350130176901496,0.740075895804612,3
core,grid,5000,fourary,0.9352075926595985,0.9209203233322112,0.9438072191789515,3
core,grid,5000,heavy_only,1.1679602518709693,1.160513585698629,1.1781677949830276,3
core,grid,5000,list_both,1.2002003896559506,1.1922682714833968,1.2145638753239114,3
core,grid,5000,max_maxdegree,1.0863183313749265,1.0735438464718146,1.0946803169935089,3
core,grid,5000,mean_degree,1.0251048397033746,1.017650886736055,1.0370110315556167,3
core,grid,5000,mean_map,1.1868516485650922,1.1783307034308532,1.2015548084058802,3
core,grid,5000,mean_ring,1.2867712423077724,1.2804809044287622,1.2931208187541192,3
core,grid,5000,mean_sqrtdegree,1.080294417929643,1.0782154093920397,1.0828637604755216,3
core,grid,5000,median,1.1949133504015519,1.1884937643725506,1.2055831459627302,3
core,grid,5000,original_mean,1.368860181025913,1.3582671517349758,1.3781418372408014,3
core,grid,5000,sd,1.077949126488264,1.0641689561058987,1.1008043358029966,3
core,grid,5000,skip_only,1.2237731402385796,1.209226662168229,1.2366227109363463,3
core,grid,10000,binary,0.956559058041691,0.9516125857390157,0.9656055466477047,3
core,grid,10000,caliber,1.0533830360872942,1.0476257746777828,1.0638603576590608,3
core,grid,10000,degree4,0.7420754547223081,0.7329255028071125,0.747420682697129,3
core,grid,10000,fourary,0.9232051681539092,0.9133658091998498,0.9399620309439786,3
core,grid,10000,heavy_only,1.3255845980277363,1.313145781014445,1.3472263308489485,3
core,grid,10000,list_both,1.4155976127782697,1.3807565539505915,1.4377743067509565,3
core,grid,10000,max_maxdegree,1.2831741890002883,1.2702450377822208,1.3029630175635132,3
core,grid,10000,mean_degree,1.210350220526941,1.2097988742635182,1.2107865813913163,3
core,grid,10000,mean_map,1.3815524897501128,1.3467814680809025,1.405265640492553,3
core,grid,10000,mean_ring,1.466373399623039,1.453603681451999,1.4910510881670118,3
core,grid,10000,mean_sqrtdegree,1.2662698736185969,1.2607851875394418,1.2738538157177774,3
core,grid,10000,median,1.3585625592250339,1.3531386488619417,1.3614277419357148,3
core,grid,10000,original_mean,1.5642088583217524,1.5279297120348845,1.5844683056476732,3
core,grid,10000,sd,1.2823246891221718,1.272706329767456,1.2906580704519124,3
core,grid,10000,skip_only,1.4602857716104007,1.4501960015905715,1.4661078463429178,3
core,roadlike,1000,binary,0.9735674155750558,0.965394768290941,0.9838293632730966,3
core,roadlike,1000,caliber,0.9978621150013276,0.9809843605374292,1.0068822723702835,3
core,roadlike,1000,degree4,0.9610757035270092,0.9470559153341258,0.9812851956727743,3
core,roadlike,1000,fourary,0.9281926847146514,0.910426633019349,0.9456418131321017,3
core,roadlike,1000,heavy_only,0.809342240669342,0.7827628996325211,0.854865189682108,3
core,roadlike,1000,list_both,0.7452505551953558,0.7095840644109667,0.8106615259492862,3
core,roadlike,1000,max_maxdegree,0.7728176968207634,0.7304001680798322,0.7990455609651128,3
core,roadlike,1000,mean_degree,0.7127943856159772,0.695906943962235,0.7389708452067374,3
core,roadlike,1000,mean_map,0.8550101807905621,0.8306754257750664,0.9017986359953044,3
core,roadlike,1000,mean_ring,0.8613329683341345,0.8290616140273726,0.9153853242439206,3
core,roadlike,1000,mean_sqrtdegree,0.7809175203631241,0.7513693817123104,0.8205336168754929,3
core,roadlike,1000,median,0.8416355360901507,0.810647273665778,0.8966590632907668,3
core,roadlike,1000,original_mean,0.858744366796892,0.8197052971743926,0.9308801639142,3
core,roadlike,1000,sd,0.7771135928575819,0.7477027149400448,0.8242943998914833,3
core,roadlike,1000,skip_only,0.8058173479039455,0.769456140609897,0.8607391140621901,3
core,roadlike,2000,binary,0.9610451920511642,0.9545458782908229,0.9691851656119592,3
core,roadlike,2000,caliber,1.0151509660805222,1.0096382476435999,1.025414233606816,3
core,roadlike,2000,degree4,0.9456310237783193,0.9271225740912657,0.9665676854173058,3
core,roadlike,2000,fourary,0.9189666672968773,0.9041008481924904,0.9460641324102539,3
core,roadlike,2000,heavy_only,0.9122061281555359,0.903374477258119,0.9284568221996174,3
core,roadlike,2000,list_both,0.8743722128750834,0.8569369683259319,0.891026120085686,3
core,roadlike,2000,max_maxdegree,0.8693943546063261,0.8479111999413503,0.8827237094798936,3
core,roadlike,2000,mean_degree,0.8024497118158107,0.7962347808641352,0.8106638829520522,3
core,roadlike,2000,mean_map,0.9493801886861674,0.9290385969049915,0.9667258468945248,3
core,roadlike,2000,mean_ring,0.9871513460817296,0.9803774459426856,0.9924624826277473,3
core,roadlike,2000,mean_sqrtdegree,0.8691192476729999,0.8326454789587098,0.8990877394977647,3
core,roadlike,2000,median,0.9393051370849428,0.9363298221302854,0.9421769117552444,3
core,roadlike,2000,original_mean,0.9968838523860758,0.9627739964652998,1.0145488118422044,3
core,roadlike,2000,sd,0.8807593008941373,0.8699080936685146,0.9016193085946035,3
core,roadlike,2000,skip_only,0.933546493496146,0.9158931765525214,0.9517154222974271,3
core,roadlike,5000,binary,0.9272251454462977,0.922808590027928,0.9298270260000924,3
core,roadlike,5000,caliber,0.9944970135042457,0.9913756635047556,0.997351006100761,3
core,roadlike,5000,degree4,0.8929617550208647,0.8896871062670398,0.8994053879909949,3
core,roadlike,5000,fourary,0.9393509825931224,0.9326366170011057,0.9472068156859662,3
core,roadlike,5000,heavy_only,1.0113771177816964,1.0052424359484802,1.0166991377334262,3
core,roadlike,5000,list_both,1.0003009974353447,0.9711580200942246,1.016919314006368,3
core,roadlike,5000,max_maxdegree,0.9836446406269461,0.9585329429486709,1.0071064779342176,3
core,roadlike,5000,mean_degree,0.8915860847277072,0.877704342679835,0.8989923775901649,3
core,roadlike,5000,mean_map,1.0518703141822854,1.026299102357514,1.0724771035927707,3
core,roadlike,5000,mean_ring,1.1021073057456163,1.0913619220269053,1.1135328686696888,3
core,roadlike,5000,mean_sqrtdegree,0.9860221004599601,0.9662254893392279,0.998377949789011,3
core,roadlike,5000,median,1.0317525784257642,1.0118337881675112,1.0430403829618538,3
core,roadlike,5000,original_mean,1.1305827077261739,1.1016375125881974,1.152484387283,3
core,roadlike,5000,sd,0.9981354618555186,0.9876403018605994,1.008420766814791,3
core,roadlike,5000,skip_only,1.0701920118894614,1.0438551964105998,1.0841599124328498,3
core,sparse,1000,binary,0.9500368676862464,0.9216131077606753,0.9650558057825531,3
core,sparse,1000,caliber,1.092537541129411,1.0867830263300375,1.1009429605353165,3
core,sparse,1000,degree4,0.8660699472451864,0.8545875496294459,0.8721557999467314,3
core,sparse,1000,fourary,0.9381819319897682,0.9268912156551847,0.9459400131143615,3
core,sparse,1000,heavy_only,1.3419195014276923,1.2519784006544852,1.3999601669449997,3
core,sparse,1000,list_both,1.3945617542707975,1.1416900287819858,1.5656886917978976,3
core,sparse,1000,max_maxdegree,1.1674292122770673,1.1529890880347002,1.1900158444614277,3
core,sparse,1000,mean_degree,1.1576571913567675,1.1490287399953452,1.1668542199395666,3
core,sparse,1000,mean_map,1.4305500549001164,1.3762380871034166,1.4645903969490008,3
core,sparse,1000,mean_ring,1.4768580781114733,1.3957085709388617,1.5462694250896813,3
core,sparse,1000,mean_sqrtdegree,1.2330582498361684,1.1718351108625447,1.265712400232716,3
core,sparse,1000,median,1.4086947392647453,1.3480054125113143,1.4739873866093476,3
core,sparse,1000,original_mean,1.4239006301890251,1.3632692063754444,1.45843418041886,3
core,sparse,1000,sd,1.2710369756532736,1.2454522682880882,1.2855371114928436,3
core,sparse,1000,selected_grid,1.4423664855006257,1.3000310780152984,1.5530157497444828,3
core,sparse,1000,skip_only,1.5841902775823824,1.5203394093499727,1.6476347213772427,3
core,sparse,2000,binary,0.9571483850285588,0.9341547584326465,0.969965695077942,3
core,sparse,2000,caliber,1.1026204647148217,1.0813310703193708,1.1185654830180856,3
core,sparse,2000,degree4,0.8466020222673015,0.8348214854089776,0.8539759265989445,3
core,sparse,2000,fourary,0.9438115632159293,0.9293462147434942,0.9556618079958349,3
core,sparse,2000,heavy_only,1.5400790961901365,1.5018895562178411,1.5659474882978994,3
core,sparse,2000,list_both,1.6926438901987286,1.4317766644188403,1.8411837056470837,3
core,sparse,2000,max_maxdegree,1.3400867975100117,1.3267478910170154,1.3553377630504888,3
core,sparse,2000,mean_degree,1.3179772901446305,1.2748606805698839,1.3550736761136999,3
core,sparse,2000,mean_map,1.6268190677844094,1.6001752761540573,1.6429859013631487,3
core,sparse,2000,mean_ring,1.724288635223956,1.6853185803611028,1.764728218181873,3
core,sparse,2000,mean_sqrtdegree,1.4391517762059098,1.3962214188168531,1.4688742169592337,3
core,sparse,2000,median,1.5968180834488621,1.5440273962519104,1.6322022195383392,3
core,sparse,2000,original_mean,1.6588830121648308,1.5237359342717554,1.7323048438735138,3
core,sparse,2000,sd,1.494513090317216,1.464785675674854,1.5133685687463287,3
core,sparse,2000,selected_grid,1.7711082141171062,1.715294069788662,1.8095493171830561,3
core,sparse,2000,skip_only,1.8919898760925133,1.7897924209446934,1.9615454638305674,3
core,sparse,5000,binary,0.9484670339885101,0.9273332623703048,0.9676964823722874,3
core,sparse,5000,caliber,1.1102190439359354,1.1048101381644178,1.1200298056418974,3
core,sparse,5000,degree4,0.8284932182357101,0.825199673183865,0.8320972513313596,3
core,sparse,5000,fourary,0.9412556445045711,0.929049858784649,0.948679655441696,3
core,sparse,5000,heavy_only,1.710275143495918,1.6861658151804506,1.7282957228518872,3
core,sparse,5000,list_both,1.8643808987403958,1.5555333903777855,2.062721126276476,3
core,sparse,5000,max_maxdegree,1.5367815205299988,1.5037293954945858,1.5689272834985981,3
core,sparse,5000,mean_degree,1.5239800362748692,1.4796870419669013,1.5594164917314874,3
core,sparse,5000,mean_map,1.7584934550326208,1.692334063611532,1.8061747287954628,3
core,sparse,5000,mean_ring,1.8642171161989298,1.785789211451861,1.9075225011889012,3
core,sparse,5000,mean_sqrtdegree,1.6250676760017917,1.5810496025352225,1.6785647750436044,3
core,sparse,5000,median,1.7606657665284806,1.7363836793369603,1.779703530340976,3
core,sparse,5000,original_mean,1.7617511803028785,1.4706845816675838,1.9374246745867827,3
core,sparse,5000,sd,1.6766775573180368,1.6451692223403909,1.6930619141255372,3
core,sparse,5000,selected_grid,1.8884250742929676,1.8335102453234835,1.9403426410151283,3
core,sparse,5000,skip_only,1.9865650104583197,1.6909397324821343,2.1649614663761225,3
core,sparse,10000,binary,0.9901521814207186,0.9703337424484992,1.0226591188514351,3
core,sparse,10000,caliber,1.1265175702893517,1.1209813530813277,1.134397653795362,3
core,sparse,10000,degree4,0.8555223944281724,0.8503125759887366,0.8622026717734821,3
core,sparse,10000,fourary,0.9717011011868313,0.9671550087014298,0.9793415266242361,3
core,sparse,10000,heavy_only,1.7487826720262023,1.6970267439187745,1.7811744283780349,3
core,sparse,10000,list_both,2.009386376036702,1.7943607532802601,2.1327185583362747,3
core,sparse,10000,max_maxdegree,1.6998593455269497,1.6832321986172945,1.7170532403728103,3
core,sparse,10000,mean_degree,1.7165750378120943,1.6865387038163826,1.7490089583106287,3
core,sparse,10000,mean_map,1.8121808395625305,1.763025092960177,1.8469510572616505,3
core,sparse,10000,mean_ring,1.8939581757456456,1.7622981915345237,1.9706821135349608,3
core,sparse,10000,mean_sqrtdegree,1.7423971052486125,1.7349673678160626,1.7517691466498997,3
core,sparse,10000,median,1.8169844009053888,1.7609826245535785,1.8553771505153183,3
core,sparse,10000,original_mean,1.9708662235392156,1.800865668226909,2.0740684426032234,3
core,sparse,10000,sd,1.7693755035214904,1.7242283177576663,1.814735523783823,3
core,sparse,10000,selected_grid,2.0477618381958314,2.025189586167232,2.0738292879541764,3
core,sparse,10000,skip_only,2.148706589517492,1.969866960121826,2.2457376927249206,3
density,er_d128,1000,binary,1.174546249157739,1.1527255526575286,1.2000153847783444,3
density,er_d128,1000,caliber,1.1963901531073797,1.1866639110548167,1.205855080315225,3
density,er_d128,1000,degree4,1.1349266166516694,1.1338924657852811,1.135849470072129,3
density,er_d128,1000,fourary,1.1343615579789663,1.0659541081880128,1.177856277133441,3
density,er_d128,1000,max_maxdegree,0.8614914840654476,0.8439636920482791,0.8944177255161503,3
density,er_d128,1000,mean_degree,0.8184328101752509,0.809572852388182,0.8304473462741013,3
density,er_d128,1000,mean_map,0.8139103949028265,0.7905891815255995,0.8573165206332276,3
density,er_d128,1000,mean_ring,0.814012223819504,0.7976772471881114,0.8470064568298656,3
density,er_d128,1000,selected_grid,1.0752058077514677,1.0333308433322672,1.117123542991175,3
density,er_d128,5000,binary,1.0845381066008948,1.0442445622177814,1.126181013995355,3
density,er_d128,5000,caliber,1.137088048420074,1.1240952543864402,1.1517326380218762,3
density,er_d128,5000,degree4,1.059777526715934,1.039685355231533,1.086770002991104,3
density,er_d128,5000,fourary,1.0681401152106906,1.0177972710536005,1.1109004181477973,3
density,er_d128,5000,max_maxdegree,0.9818513654776657,0.9636569205991503,1.0114827503346862,3
density,er_d128,5000,mean_degree,0.9689863898992647,0.9506460196649433,0.9841029819032414,3
density,er_d128,5000,mean_map,0.7788338115394535,0.7740219276496525,0.7842527320310814,3
density,er_d128,5000,mean_ring,0.7715618793943454,0.7700781583434105,0.7724599997872577,3
density,er_d128,5000,selected_grid,1.0739488007619773,1.049760613850811,1.0883398377224582,3
density,er_d16,1000,binary,1.0056968511235456,1.0012100048253747,1.0098844972790868,3
density,er_d16,1000,caliber,1.0935303691482252,1.0786153369701852,1.1053361036208509,3
density,er_d16,1000,degree4,1.0017237591930026,0.9958616185410156,1.0121503697024872,3
density,er_d16,1000,fourary,1.0097112789942797,0.9839865015725003,1.0355368202951094,3
density,er_d16,1000,max_maxdegree,1.2394727871406348,1.2262922824957807,1.2589030324757018,3
density,er_d16,1000,mean_degree,1.2267756309052658,1.2002647052233133,1.2446947568240907,3
density,er_d16,1000,mean_map,1.6020880676700664,1.5710915217362342,1.6188783505216682,3
density,er_d16,1000,mean_ring,1.685500532993823,1.6784131550391963,1.6983833291258492,3
density,er_d16,1000,selected_grid,1.6444814427676657,1.6248876044198362,1.6665612092929112,3
density,er_d16,5000,binary,0.9878977369250299,0.9677494148535492,1.0229072318439796,3
density,er_d16,5000,caliber,1.0661948864817778,1.033333994115688,1.0872648847753987,3
density,er_d16,5000,degree4,0.9357768944917851,0.914402621215024,0.95437910414822,3
density,er_d16,5000,fourary,1.008854220095101,0.9892365134028882,1.0243539298821236,3
density,er_d16,5000,max_maxdegree,1.5746282080684295,1.5475778565507905,1.593129946171859,3
density,er_d16,5000,mean_degree,1.560056856767565,1.5516400621104292,1.567091937295633,3
density,er_d16,5000,mean_map,1.698373921800303,1.6412415318618807,1.802611818602255,3
density,er_d16,5000,mean_ring,1.70386073308886,1.5816955778042516,1.784795331225922,3
density,er_d16,5000,selected_grid,1.7321325400461562,1.6964580631149886,1.7739806138958938,3
density,er_d2,1000,binary,0.9529980419850078,0.9272111592880831,0.9711539494540271,3
density,er_d2,1000,caliber,1.1008917948493995,0.9646307446855327,1.2060682483156357,3
density,er_d2,1000,degree4,0.8187901174610612,0.7841559428526428,0.8762027228033018,3
density,er_d2,1000,fourary,0.9122838321429533,0.8598734414952586,0.9595622118237255,3
density,er_d2,1000,max_maxdegree,0.7526798976655245,0.5671240506434081,0.8790677301707503,3
density,er_d2,1000,mean_degree,0.7989407549594092,0.5873126719503632,0.9352817177100058,3
density,er_d2,1000,mean_map,0.8704731679388807,0.6207468871146556,1.0325524183804735,3
density,er_d2,1000,mean_ring,0.9433602893763718,0.663260085514997,1.1471100768721576,3
density,er_d2,1000,selected_grid,1.0816958625822723,0.7291758739273155,1.3769463083909204,3
density,er_d2,5000,binary,1.1083491962877934,0.9391925895953818,1.4725772867403095,3
density,er_d2,5000,caliber,1.2631045524229099,1.1706708264299968,1.457501150213408,3
density,er_d2,5000,degree4,0.7310580640774277,0.6515389895165121,0.7861584487204009,3
density,er_d2,5000,fourary,1.0392723809770814,0.9177978016078971,1.2731336348935287,3
density,er_d2,5000,max_maxdegree,1.0031210385984008,0.6479172819658244,1.2571166015910695,3
density,er_d2,5000,mean_degree,0.9781570210400019,0.49099464781114716,1.3806837307779216,3
density,er_d2,5000,mean_map,0.8548565924827873,0.2971431654641561,1.4574125798878559,3
density,er_d2,5000,mean_ring,1.008179391591719,0.3817575407827594,1.6751486431778067,3
density,er_d2,5000,selected_grid,1.3074948178475396,0.603938925991757,1.9349939465728343,3
density,er_d256,1000,binary,1.2722376764161156,1.2527341629339355,1.2997810876710074,3
density,er_d256,1000,caliber,1.2950066778231255,1.2799443129709185,1.3107813594681517,3
density,er_d256,1000,degree4,1.253015894504291,1.2361925594513195,1.2777869612264086,3
density,er_d256,1000,fourary,1.2401095373973368,1.185344307380208,1.3015908226898092,3
density,er_d256,1000,max_maxdegree,0.6973554699118596,0.6932412043539221,0.699460488912272,3
density,er_d256,1000,mean_degree,0.6746895084869734,0.6608724827473851,0.6962944660060078,3
density,er_d256,1000,mean_map,0.657802129463816,0.6398906185137153,0.6685735016501115,3
density,er_d256,1000,mean_ring,0.6491760546559513,0.6313498106689508,0.666193962368563,3
density,er_d256,1000,selected_grid,0.7899721842415602,0.7737131435158227,0.8073037461920334,3
density,er_d256,5000,binary,1.199008293088249,1.1857297852576216,1.22322018568481,3
density,er_d256,5000,caliber,1.2069049544921133,1.1746643182048861,1.2300470479927512,3
density,er_d256,5000,degree4,1.1826068818672801,1.148185175456273,1.234207370062878,3
density,er_d256,5000,fourary,1.1356695058609971,1.1181056451918847,1.1487415838518804,3
density,er_d256,5000,max_maxdegree,0.8260327369726533,0.8115900479271485,0.8351175097434477,3
density,er_d256,5000,mean_degree,0.8095515674266556,0.7975237809685504,0.8254002593078903,3
density,er_d256,5000,mean_map,0.651169867120048,0.6360448296296994,0.6701827692998804,3
density,er_d256,5000,mean_ring,0.6384492935901198,0.6204285068222483,0.6528762669758529,3
density,er_d256,5000,selected_grid,0.8318726201090564,0.7724007199929073,0.8862489523456103,3
density,er_d32,1000,binary,1.0410505249079538,1.0305579305527115,1.0537740325814744,3
density,er_d32,1000,caliber,1.08491171605708,1.0743825394042659,1.097490120440088,3
density,er_d32,1000,degree4,0.9980996369613445,0.9579243435582498,1.0226575126707407,3
density,er_d32,1000,fourary,1.0463590710297266,1.041237509655958,1.0538622906935902,3
density,er_d32,1000,max_maxdegree,1.1621200926542128,1.1542083267010423,1.1731255768614997,3
density,er_d32,1000,mean_degree,1.1163746113254178,1.101776221801488,1.134452444905387,3
density,er_d32,1000,mean_map,1.2344186621332638,1.2220826691888407,1.255962062528007,3
density,er_d32,1000,mean_ring,1.2370395715023375,1.1862275492101553,1.2643526307458381,3
density,er_d32,1000,selected_grid,1.541397745647363,1.4982800906183862,1.5753188284904798,3
density,er_d32,5000,binary,1.050449676054833,1.041901182561125,1.0626953378450006,3
density,er_d32,5000,caliber,1.0729657789566844,1.0554857641655955,1.0918345461470311,3
density,er_d32,5000,degree4,0.9912380627835281,0.9792403115711769,0.9989394130272508,3
density,er_d32,5000,fourary,1.017135779333292,1.0042378737513424,1.0258804567960504,3
density,er_d32,5000,max_maxdegree,1.4038267609666326,1.371871642713698,1.4338519512384555,3
density,er_d32,5000,mean_degree,1.3708349954050534,1.3466277833255562,1.4074561581297143,3
density,er_d32,5000,mean_map,1.3690719158896987,1.2989543062235538,1.501383076911412,3
density,er_d32,5000,mean_ring,1.4232156048482851,1.3441051469761995,1.5622688621899397,3
density,er_d32,5000,selected_grid,1.5626574059203668,1.5045005377172815,1.6086699171801377,3
density,er_d4,1000,binary,0.9527609382750365,0.9444991542113244,0.962197097619343,3
density,er_d4,1000,caliber,1.110292057714931,1.0824230978579854,1.133669752046007,3
density,er_d4,1000,degree4,0.81752677672784,0.7878147853724112,0.8387486421423098,3
density,er_d4,1000,fourary,0.9395262593709455,0.9255017542088182,0.9550286954098077,3
density,er_d4,1000,max_maxdegree,1.0276898292581644,0.9933612253677513,1.0733629215839284,3
density,er_d4,1000,mean_degree,1.170413236484175,1.1337918730475143,1.189627601669695,3
density,er_d4,1000,mean_map,1.3611937368077969,1.3313047041665604,1.3846967373037242,3
density,er_d4,1000,mean_ring,1.4701408749549119,1.4661232919744873,1.4775750000622778,3
density,er_d4,1000,selected_grid,1.5009903766984307,1.3663210562684314,1.5945920903881021,3
density,er_d4,5000,binary,0.9624891902394039,0.9091637882727929,1.023281957864099,3
density,er_d4,5000,caliber,1.1263819763909728,1.1148287080222576,1.142435179751272,3
density,er_d4,5000,degree4,0.7868009129588938,0.7664952897682712,0.8021651995424077,3
density,er_d4,5000,fourary,0.997621115316125,0.9563248024300122,1.0570137330643703,3
density,er_d4,5000,max_maxdegree,1.4236494375189483,1.3885778455867979,1.4832166877134696,3
density,er_d4,5000,mean_degree,1.516166703190849,1.4838607632738132,1.5643094768583772,3
density,er_d4,5000,mean_map,1.6898439021651037,1.6593333856324455,1.705569781370067,3
density,er_d4,5000,mean_ring,1.8916907594124068,1.8269043452890081,1.965359697840946,3
density,er_d4,5000,selected_grid,1.9033478334800664,1.8790461249832995,1.94210196500725,3
density,er_d64,1000,binary,1.0739294092320388,1.0499364144257033,1.1047393950354703,3
density,er_d64,1000,caliber,1.1099838952895988,1.0550561233646032,1.1443055488499443,3
density,er_d64,1000,degree4,1.0574255728637663,1.0276069380331039,1.0735458250335106,3
density,er_d64,1000,fourary,1.0909958423410322,1.0730151377016481,1.1148136223884766,3
density,er_d64,1000,max_maxdegree,1.0217030206071405,0.993508361598718,1.0463072835381306,3
density,er_d64,1000,mean_degree,0.9589777836044558,0.9284545282749511,0.9804469033550272,3
density,er_d64,1000,mean_map,0.9831462867792826,0.9558666545331235,0.9985839998910604,3
density,er_d64,1000,mean_ring,0.9966735983687861,0.9918650148346493,1.0006855996622557,3
density,er_d64,1000,selected_grid,1.2620222891177395,1.2240460240851303,1.3107658618524847,3
density,er_d64,5000,binary,1.0986530639384418,1.0306678592225793,1.1999986739747404,3
density,er_d64,5000,caliber,1.1391487674577572,1.0768567766109685,1.2438892915826834,3
density,er_d64,5000,degree4,1.0765206845247237,1.040372894352147,1.1298123735539882,3
density,er_d64,5000,fourary,1.0932296446572363,1.0380097377719764,1.1873081747371013,3
density,er_d64,5000,max_maxdegree,1.2226189876349651,1.182170704332584,1.2526936867731693,3
density,er_d64,5000,mean_degree,1.2096151438098195,1.1915468708992585,1.224397079946202,3
density,er_d64,5000,mean_map,1.0076121215009366,0.8991482729183774,1.1160660260615227,3
density,er_d64,5000,mean_ring,1.0141137307290244,0.9753231903358972,1.0581860181974305,3
density,er_d64,5000,selected_grid,1.4013455900826584,1.3424949995921986,1.4675923982883323,3
density,er_d8,1000,binary,0.9756723834178133,0.9707073233296625,0.9812762853292948,3
density,er_d8,1000,caliber,1.0710702168114943,1.0648713078088141,1.0807459556311632,3
density,er_d8,1000,degree4,0.9598958945115535,0.9478050111887351,0.976776319454702,3
density,er_d8,1000,fourary,0.9744226831003884,0.9678945775682583,0.9862633082662101,3
density,er_d8,1000,max_maxdegree,1.1791056133751197,1.1648907287666839,1.1939411695522752,3
density,er_d8,1000,mean_degree,1.2029217869825057,1.197656416186585,1.2101956022443328,3
density,er_d8,1000,mean_map,1.5262097653928666,1.4906280846507922,1.568028425932844,3
density,er_d8,1000,mean_ring,1.6553281631325965,1.6118319473309874,1.6991716564479973,3
density,er_d8,1000,selected_grid,1.5746309745398022,1.472540038350521,1.6673495807224463,3
density,er_d8,5000,binary,0.980619537188432,0.9293065373004211,1.0260899796952683,3
density,er_d8,5000,caliber,1.1261788938850623,1.0853371956815034,1.162494638511738,3
density,er_d8,5000,degree4,0.9772903562693946,0.9576935507807333,1.0055362021622756,3
density,er_d8,5000,fourary,0.9710568254535262,0.9536894006176074,0.9959365046137618,3
density,er_d8,5000,max_maxdegree,1.5615696743765997,1.53944007591148,1.6025707257874116,3
density,er_d8,5000,mean_degree,1.6020703477953493,1.5513185196216077,1.6363536505685925,3
density,er_d8,5000,mean_map,1.7146365078765209,1.4976475709543824,1.8639074345481,3
density,er_d8,5000,mean_ring,1.9350082662391261,1.8955009005285053,2.0054915398645305,3
density,er_d8,5000,selected_grid,1.8626405946999844,1.715081820788265,2.0448590924510825,3
laws,clustered_bimodal,2000,binary,0.9727667628343637,0.962444257116382,0.9885261826071061,3
laws,clustered_bimodal,2000,caliber,0.9694373862634224,0.9567648720404338,0.9837200221058954,3
laws,clustered_bimodal,2000,degree4,0.9535486406979563,0.931818803863231,0.977126734035222,3
laws,clustered_bimodal,2000,fourary,0.8554434940127507,0.8453484169900678,0.8751851066110842,3
laws,clustered_bimodal,2000,max_maxdegree,0.9909806267211282,0.9586423794336815,1.0122168259031024,3
laws,clustered_bimodal,2000,mean_degree,1.0471482645904033,1.0274531434582925,1.0604874058323273,3
laws,clustered_bimodal,2000,mean_map,1.0009998580850603,0.9643018103010143,1.0417353985442799,3
laws,clustered_bimodal,2000,mean_ring,1.0275515183291324,1.0056510372077083,1.0705997808548127,3
laws,clustered_bimodal,2000,radix,1.285923377584508,1.265772710149069,1.314937240667378,3
laws,clustered_bimodal,2000,selected_grid,1.0458165326047142,0.9999531037627427,1.096514347603137,3
laws,clustered_integer,2000,binary,0.9910129241838699,0.9755774232877257,1.003698404788363,3
laws,clustered_integer,2000,caliber,1.0675018309909277,1.0565873308807563,1.0813046434262958,3
laws,clustered_integer,2000,degree4,0.9579886858533118,0.9418273473893577,0.971851412390527,3
laws,clustered_integer,2000,fourary,0.8018762112696276,0.7727920638863772,0.819422681042365,3
laws,clustered_integer,2000,max_maxdegree,1.390205242647749,1.3329097103963978,1.4346788955770813,3
laws,clustered_integer,2000,mean_degree,1.348362869645686,1.3254868376506463,1.363000702374112,3
laws,clustered_integer,2000,mean_map,1.6544577407467684,1.6312460394492754,1.6819801654869737,3
laws,clustered_integer,2000,mean_ring,1.7210539671701355,1.6948359364404193,1.766735637194699,3
laws,clustered_integer,2000,radix,1.893930894038424,1.8235910247006633,1.9771509570810673,3
laws,clustered_integer,2000,selected_grid,1.7782684007443488,1.7296562234053816,1.829886240775481,3
laws,clustered_near,2000,binary,1.0626581463978544,1.0566293716110384,1.0659678926564142,3
laws,clustered_near,2000,caliber,0.9666484482541503,0.9495969807872165,0.9764531694055116,3
laws,clustered_near,2000,degree4,1.0477352756254985,1.0428827440509822,1.0535090393439799,3
laws,clustered_near,2000,fourary,1.0510841921883696,1.0337359361932128,1.0740151945955723,3
laws,clustered_near,2000,max_maxdegree,1.1898044163860895,1.1702163160941133,1.20203461735303,3
laws,clustered_near,2000,mean_degree,1.1833310235381367,1.1644846277893812,1.1989763105699658,3
laws,clustered_near,2000,mean_map,1.0456998042281274,1.0108759524609097,1.06822530052976,3
laws,clustered_near,2000,mean_ring,1.054751213560509,1.0416907815868817,1.0722921896967148,3
laws,clustered_near,2000,selected_grid,1.1756009387761568,1.1422179940206247,1.2120780939905718,3
laws,clustered_scale,2000,binary,1.0937845527864827,1.0483766607267142,1.1178768082998316,3
laws,clustered_scale,2000,caliber,1.1071790980131544,1.0596362860415725,1.1398910645504967,3
laws,clustered_scale,2000,degree4,1.0612922016854809,1.0198380138176741,1.091809070052842,3
laws,clustered_scale,2000,fourary,1.0363430611094249,0.9977499063886358,1.0698470790031132,3
laws,clustered_scale,2000,max_maxdegree,1.4132930801103225,1.3853505284609486,1.428066940837251,3
laws,clustered_scale,2000,mean_degree,1.0503315902874855,1.0217773774884094,1.0892038629194534,3
laws,clustered_scale,2000,mean_map,1.556147015737706,1.5215701405834499,1.5796602561472242,3
laws,clustered_scale,2000,mean_ring,1.6403653207211726,1.589560578139191,1.6860308567530697,3
laws,clustered_scale,2000,selected_grid,1.639322010475257,1.6037971534953754,1.676490579744681,3
laws,clustered_shuffle,2000,binary,1.0556939204369138,1.0475469089890816,1.0677984477767128,3
laws,clustered_shuffle,2000,caliber,1.0838696258368143,1.0681760805181202,1.1100824743669369,3
laws,clustered_shuffle,2000,degree4,1.0026588618896177,0.9947813939297033,1.0185438882302182,3
laws,clustered_shuffle,2000,fourary,1.0325153765609976,1.0218773249188229,1.050747612536755,3
laws,clustered_shuffle,2000,max_maxdegree,1.4011572305978621,1.3708677926027864,1.4171465792262483,3
laws,clustered_shuffle,2000,mean_degree,1.1716910409576888,1.1685755809664533,1.1769264163818394,3
laws,clustered_shuffle,2000,mean_map,1.4424391135138925,1.4070224151675357,1.4750173669231676,3
laws,clustered_shuffle,2000,mean_ring,1.4788206853607777,1.4613089746457402,1.5022590926548147,3
laws,clustered_shuffle,2000,selected_grid,1.4904726731749165,1.4704837243870814,1.5095804977302631,3
laws,clustered_skew,2000,binary,1.0498333654226208,1.0432975927911037,1.058309420558179,3
laws,clustered_skew,2000,caliber,0.9733345693273938,0.9659582125092696,0.9773330938268946,3
laws,clustered_skew,2000,degree4,1.0135285297774597,1.0045120121414486,1.018836114710161,3
laws,clustered_skew,2000,fourary,1.046644701792358,1.0280258553487178,1.0566670492985524,3
laws,clustered_skew,2000,max_maxdegree,1.268543020393159,1.2557141797973677,1.294248543189355,3
laws,clustered_skew,2000,mean_degree,1.0500318202387748,1.0277479128854572,1.0739384583743294,3
laws,clustered_skew,2000,mean_map,1.255066066912333,1.2301114946079954,1.2694854161217908,3
laws,clustered_skew,2000,mean_ring,1.2787647817017052,1.2705999979365756,1.2881720405648829,3
laws,clustered_skew,2000,selected_grid,1.3104402605638348,1.2891336196710694,1.3234488577072798,3
laws,clustered_uniform,2000,binary,1.0681900698198628,1.0519939008834507,1.0943588676305158,3
laws,clustered_uniform,2000,caliber,1.0829838185837426,1.053773097126631,1.112055527694373,3
laws,clustered_uniform,2000,degree4,1.0328501271759223,1.019165695459083,1.043961078272074,3
laws,clustered_uniform,2000,fourary,1.0178680907615771,0.9995398948918712,1.0377379322657059,3
laws,clustered_uniform,2000,max_maxdegree,1.3675613834360547,1.3430995260926872,1.410527210652997,3
laws,clustered_uniform,2000,mean_degree,1.0244334742364207,1.0081631085074134,1.0351913481902677,3
laws,clustered_uniform,2000,mean_map,1.5171118869830917,1.496844856892929,1.5390063985833486,3
laws,clustered_uniform,2000,mean_ring,1.5875563907106642,1.5443450887832908,1.6275009800104943,3
laws,clustered_uniform,2000,selected_grid,1.6110966237858215,1.5793878425331502,1.6347699575916659,3
laws,clustered_zero,2000,binary,0.9500458073207819,0.9219567052166835,0.9679539537139958,3
laws,clustered_zero,2000,caliber,1.577581719759697,1.5338322800875788,1.6057422994088548,3
laws,clustered_zero,2000,degree4,0.9674558551304634,0.9484134762976614,0.9928891510468277,3
laws,clustered_zero,2000,fourary,0.8922230272951089,0.8856956237787164,0.9006190836536608,3
laws,clustered_zero,2000,max_maxdegree,1.9472172169187332,1.9414697401728673,1.9560415519969803,3
laws,clustered_zero,2000,mean_degree,1.9520189876237826,1.9034807301009342,1.9870867881807874,3
laws,clustered_zero,2000,mean_map,1.484255212861975,1.4637162524045066,1.5191015734668505,3
laws,clustered_zero,2000,mean_ring,1.4820659064448432,1.4433424103548231,1.508177257533793,3
laws,clustered_zero,2000,selected_grid,1.8677308779822286,1.785940481844516,1.9881982460448397,3
laws,sparse_bimodal,2000,binary,0.8364181197086362,0.828010211671426,0.8407967491088167,3
laws,sparse_bimodal,2000,caliber,1.0027802017535332,0.9850880708655819,1.015814028557878,3
laws,sparse_bimodal,2000,degree4,0.7484481896908608,0.7440665221703354,0.7546473165048649,3
laws,sparse_bimodal,2000,fourary,0.7036555667716053,0.674195037834084,0.7282648408756804,3
laws,sparse_bimodal,2000,max_maxdegree,1.9039834169290424,1.8799562238183962,1.9513004737676811,3
laws,sparse_bimodal,2000,mean_degree,1.830850579616901,1.7562922446032463,1.8782505178491993,3
laws,sparse_bimodal,2000,mean_map,1.9223558964640117,1.7918321071969003,1.997052214823816,3
laws,sparse_bimodal,2000,mean_ring,1.8263277930947386,1.7143053633871161,1.886614479567989,3
laws,sparse_bimodal,2000,radix,2.263911131479529,2.17132539585868,2.3501390046875694,3
laws,sparse_bimodal,2000,selected_grid,1.8682799002826842,1.8000859933731315,1.9505927223206814,3
laws,sparse_integer,2000,binary,0.9473770177402976,0.9256037321671057,0.9620102248501405,3
laws,sparse_integer,2000,caliber,1.1115121011543707,1.1057162172301738,1.1173456749382238,3
laws,sparse_integer,2000,degree4,0.8600434157884516,0.8553367418836276,0.8641556714355954,3
laws,sparse_integer,2000,fourary,0.7594400860528483,0.7535353920246314,0.7657703792060201,3
laws,sparse_integer,2000,max_maxdegree,1.509161548543247,1.417361588010972,1.5765147737347143,3
laws,sparse_integer,2000,mean_degree,1.4982375512466424,1.413575943316303,1.5717537474955012,3
laws,sparse_integer,2000,mean_map,1.7549014698614762,1.654763941939415,1.8578546452534421,3
laws,sparse_integer,2000,mean_ring,1.8578375577287811,1.8069934721972158,1.9200579793319204,3
laws,sparse_integer,2000,radix,1.5771945627138368,1.3885548651901707,1.6860810489533244,3
laws,sparse_integer,2000,selected_grid,1.9885072953352108,1.8540078289995134,2.0775547354917383,3
laws,sparse_near,2000,binary,0.960126662448971,0.9379861507365177,0.980390138165263,3
laws,sparse_near,2000,caliber,0.9387577081665694,0.9381273205408224,0.939792797183251,3
laws,sparse_near,2000,degree4,0.837640483160261,0.8305670729084244,0.8450209272730862,3
laws,sparse_near,2000,fourary,0.9544726477123568,0.9517091676289603,0.9589023745402695,3
laws,sparse_near,2000,max_maxdegree,1.6592967655424649,1.607483224025617,1.7113962331921393,3
laws,sparse_near,2000,mean_degree,1.6581307595227979,1.5711524484800143,1.7057988106942228,3
laws,sparse_near,2000,mean_map,1.2612458317164712,1.2328538528118156,1.2773609662038086,3
laws,sparse_near,2000,mean_ring,1.3454681102693062,1.3178489072276318,1.3910589582737871,3
laws,sparse_near,2000,selected_grid,1.765559735322595,1.727634102597676,1.7960373143721924,3
laws,sparse_scale,2000,binary,0.9715224881923754,0.9657452040408856,0.9813051748035856,3
laws,sparse_scale,2000,caliber,1.1311905758075578,1.1033062341636246,1.1535964098365654,3
laws,sparse_scale,2000,degree4,0.8819710620250417,0.8750855250494609,0.8950226030982558,3
laws,sparse_scale,2000,fourary,0.9565145539256534,0.9416681596457183,0.9830047424107368,3
laws,sparse_scale,2000,max_maxdegree,1.373193001458762,1.2992426876998118,1.4222345430318954,3
laws,sparse_scale,2000,mean_degree,1.3453101169162858,1.2961880508296062,1.4053039845706579,3
laws,sparse_scale,2000,mean_map,1.5417222253640648,1.38515074002648,1.6315539201941665,3
laws,sparse_scale,2000,mean_ring,1.6836437908758963,1.6170286025123672,1.724685020720806,3
laws,sparse_scale,2000,selected_grid,1.756598322224632,1.7046421323035346,1.8287984097073413,3
laws,sparse_shuffle,2000,binary,0.9702164718850449,0.9579095890424502,0.9885358910860581,3
laws,sparse_shuffle,2000,caliber,1.1080916018021887,1.0956149357342877,1.1280622582233262,3
laws,sparse_shuffle,2000,degree4,0.868103312131215,0.8505762732033876,0.8866191694355554,3
laws,sparse_shuffle,2000,fourary,0.9395161367153186,0.925277198445412,0.952474283694134,3
laws,sparse_shuffle,2000,max_maxdegree,1.3512761955087724,1.3331924577101288,1.3873751335817333,3
laws,sparse_shuffle,2000,mean_degree,1.313794412000482,1.238190839073069,1.3889270606813673,3
laws,sparse_shuffle,2000,mean_map,1.5454029579969963,1.5190514469639396,1.5775062809313647,3
laws,sparse_shuffle,2000,mean_ring,1.6809093970215503,1.6585018751390286,1.7045705322672082,3
laws,sparse_shuffle,2000,selected_grid,1.6834299420067762,1.5922480312390588,1.763806581415483,3
laws,sparse_skew,2000,binary,1.0005331792606957,0.9906516230521405,1.0055804820362468,3
laws,sparse_skew,2000,caliber,1.0810478739221858,1.0727942144515408,1.0949216201076877,3
laws,sparse_skew,2000,degree4,0.880060149665904,0.8655336031961776,0.8965662656786221,3
laws,sparse_skew,2000,fourary,0.9515790910753495,0.9230743186515663,0.9765427276953231,3
laws,sparse_skew,2000,max_maxdegree,1.732403098330247,1.669108846863726,1.7710070106700557,3
laws,sparse_skew,2000,mean_degree,1.4889544645361987,1.4697320161994873,1.5207313439525925,3
laws,sparse_skew,2000,mean_map,1.7165912615152108,1.680317501192248,1.735442060731909,3
laws,sparse_skew,2000,mean_ring,1.812145432589854,1.7364195081959573,1.9171371746736656,3
laws,sparse_skew,2000,selected_grid,1.66499547828778,1.4899833260299151,1.7803041343311912,3
laws,sparse_uniform,2000,binary,0.9635804030842522,0.9574271286708427,0.9679324659892667,3
laws,sparse_uniform,2000,caliber,1.1018269761610413,1.094088411276885,1.1083062447560308,3
laws,sparse_uniform,2000,degree4,0.8619521528237086,0.8429183445327995,0.8823033115602847,3
laws,sparse_uniform,2000,fourary,0.9437970857494375,0.92295687917316,0.9545230447996966,3
laws,sparse_uniform,2000,max_maxdegree,1.345783388936791,1.2920832669026459,1.3750156404490872,3
laws,sparse_uniform,2000,mean_degree,1.3258720689774455,1.2892275285196129,1.3572335814982495,3
laws,sparse_uniform,2000,mean_map,1.5833131823222013,1.5387009317856697,1.625654718582947,3
laws,sparse_uniform,2000,mean_ring,1.7095872243612027,1.6528167165074976,1.7666730337949614,3
laws,sparse_uniform,2000,selected_grid,1.7186463058137529,1.6485234990747182,1.7607022476040313,3
laws,sparse_zero,2000,binary,0.9480151130581684,0.9357287649477062,0.9670035958304627,3
laws,sparse_zero,2000,caliber,1.3494701827544069,1.3393530622218461,1.3579048345541962,3
laws,sparse_zero,2000,degree4,0.8357649539118867,0.8216488494688668,0.8566737472644869,3
laws,sparse_zero,2000,fourary,0.9043324914088793,0.8713780238566488,0.929718848604481,3
laws,sparse_zero,2000,max_maxdegree,1.4811522214411652,1.3926793976675425,1.5515531670975402,3
laws,sparse_zero,2000,mean_degree,1.4263948381873812,1.3317852086031219,1.5141805394650456,3
laws,sparse_zero,2000,mean_map,1.1092431400421394,1.0494907702798222,1.1447208883029671,3
laws,sparse_zero,2000,mean_ring,1.2031821060590682,1.1184274431030332,1.2513471598694232,3
laws,sparse_zero,2000,selected_grid,1.4509855034119905,1.3073353177566647,1.645641728899066,3
layout,bfs,5000,binary,0.9809706752980026,0.9647801013344824,1.0026467238282046,3
layout,bfs,5000,caliber,1.1138009068461683,1.084739834184528,1.1292015794085022,3
layout,bfs,5000,degree4,0.8456171150029062,0.8376267125031365,0.8568857594333922,3
layout,bfs,5000,fourary,0.9568343648487814,0.9412832829227417,0.9800522146851947,3
layout,bfs,5000,max_maxdegree,1.5415734379807844,1.5335716545312856,1.5542525076011473,3
layout,bfs,5000,mean_degree,1.493374554550601,1.4350825832570089,1.5485024496367965,3
layout,bfs,5000,mean_map,1.7219513392194752,1.634523988745324,1.79132952716203,3
layout,bfs,5000,mean_ring,1.9061012406894164,1.8883783420602462,1.9265552739993872,3
layout,bfs,100000,binary,0.9709857548009497,0.947057080297229,0.9872438327195482,3
layout,bfs,100000,caliber,1.0750917809731693,1.0652485795830238,1.08791274600876,3
layout,bfs,100000,degree4,0.8005726056604644,0.7937112886497459,0.8067475982285931,3
layout,bfs,100000,fourary,0.9730011467881831,0.9657398280692224,0.9789106432768996,3
layout,bfs,100000,max_maxdegree,1.8134780532112755,1.7813201525889548,1.8342234806029962,3
layout,bfs,100000,mean_degree,1.841692324361446,1.82990650576295,1.854811044200012,3
layout,bfs,100000,mean_map,1.7854076017333567,1.7706735368067374,1.792991826029989,3
layout,bfs,100000,mean_ring,1.8415486748014842,1.835188527886166,1.846896252840468,3
layout,destination,5000,binary,0.9716464829576671,0.9656499929628357,0.9770607992857226,3
layout,destination,5000,caliber,1.1110974585509337,1.0904386603008913,1.1285753413642026,3
layout,destination,5000,degree4,0.855699030001242,0.8476963054934677,0.8683165007560056,3
layout,destination,5000,fourary,0.9868691754916298,0.9785950366465733,0.997430979171705,3
layout,destination,5000,max_maxdegree,1.590714040441086,1.585519640016229,1.594726134422603,3
layout,destination,5000,mean_degree,1.5664143007829259,1.551828452258435,1.587791999916444,3
layout,destination,5000,mean_map,1.428627746673084,1.410349971176978,1.4506640859585793,3
layout,destination,5000,mean_ring,1.5349171754990447,1.5212319179393636,1.5525190329601792,3
layout,destination,100000,binary,0.980155329676516,0.9727458164822489,0.9895856071709884,3
layout,destination,100000,caliber,1.0773114757912923,1.0707429575988145,1.0840492914453683,3
layout,destination,100000,degree4,0.8047107331972853,0.796406242270001,0.8168990173175753,3
layout,destination,100000,fourary,0.9902067738361466,0.9779480967489111,1.012125772953452,3
layout,destination,100000,max_maxdegree,1.876994566416894,1.8721602610145258,1.8796676584491852,3
layout,destination,100000,mean_degree,1.8842207379423193,1.8709988493965133,1.9026602365483196,3
layout,destination,100000,mean_map,1.5393055264330349,1.518971722148079,1.5579901299122896,3
layout,destination,100000,mean_ring,1.603921929586463,1.5921282494784585,1.6274462652225388,3
layout,random,5000,binary,0.9610033791639445,0.940426700586889,0.973229689255361,3
layout,random,5000,caliber,1.1271288690398567,1.106817618101148,1.1524566190148833,3
layout,random,5000,degree4,0.8456676186136515,0.8326456907473915,0.8660301574189694,3
layout,random,5000,fourary,0.974581127938867,0.9073690097761306,1.0217129167535726,3
layout,random,5000,max_maxdegree,1.5669225303368657,1.5209341296897614,1.5905408486594887,3
layout,random,5000,mean_degree,1.5927726879402642,1.5483594305480115,1.6202314227838452,3
layout,random,5000,mean_map,1.4347732746284991,1.398473322761685,1.470297228538307,3
layout,random,5000,mean_ring,1.5550184603292312,1.517884240873681,1.5815886690047993,3
layout,random,100000,binary,0.9690740444175786,0.9513010805622137,0.9815525664087665,3
layout,random,100000,caliber,1.0954516049595744,1.06811848190205,1.1125200065627348,3
layout,random,100000,degree4,0.8000634464244697,0.7951150661060062,0.806421259316079,3
layout,random,100000,fourary,0.9769189976961946,0.969594995330473,0.9824603661189149,3
layout,random,100000,max_maxdegree,1.8764758487831745,1.8666475086366099,1.8938206063013183,3
layout,random,100000,mean_degree,1.8810277431536044,1.8729531970991153,1.8855929932641522,3
layout,random,100000,mean_map,1.5411494588135437,1.5124781818193003,1.5896043234959583,3
layout,random,100000,mean_ring,1.6059898201604974,1.58919006011773,1.6283670156397294,3
layout,rcm,5000,binary,0.9461803556032317,0.9045003421765472,0.9755954070691035,3
layout,rcm,5000,caliber,1.1103011523274195,1.1100964236547004,1.1106639967121428,3
layout,rcm,5000,degree4,0.8513167909530983,0.8238529293760803,0.8776751193947013,3
layout,rcm,5000,fourary,0.9776498807789266,0.9597654797631925,0.9878098959616962,3
layout,rcm,5000,max_maxdegree,1.5235004248907427,1.5056488896082487,1.5510067165272716,3
layout,rcm,5000,mean_degree,1.5290916419202882,1.463879370031005,1.6090899692298088,3
layout,rcm,5000,mean_map,1.7295611278526883,1.6807515455214608,1.7770622788707744,3
layout,rcm,5000,mean_ring,1.8586577582850778,1.8058746568949386,1.9122355759088394,3
layout,rcm,100000,binary,0.9766868434683706,0.9571733948952142,1.0118250481449296,3
layout,rcm,100000,caliber,1.074157127389886,1.0688152614846167,1.0807572955283509,3
layout,rcm,100000,degree4,0.800134176933806,0.7819554300949667,0.8142894620081934,3
layout,rcm,100000,fourary,0.9806223287688791,0.9690846242628116,1.0011156051296188,3
layout,rcm,100000,max_maxdegree,1.822293311378194,1.7728071974574031,1.8478865521443932,3
layout,rcm,100000,mean_degree,1.8520850827091477,1.8107973189088944,1.9151100098615537,3
layout,rcm,100000,mean_map,1.7556501659097445,1.7271136488644578,1.7807614662466025,3
layout,rcm,100000,mean_ring,1.814878053316791,1.7592570408313617,1.8441035760609903,3
layout,weight,5000,binary,0.9468913802990857,0.9221579968488792,0.9648438759725503,3
layout,weight,5000,caliber,1.1172671560310998,1.099162680231776,1.1319569101808067,3
layout,weight,5000,degree4,0.8464337815594868,0.8431470642409877,0.8525529863767208,3
layout,weight,5000,fourary,0.9500262886081693,0.9394377651138304,0.9689550866703724,3
layout,weight,5000,max_maxdegree,1.555341703811431,1.520219664508687,1.5783389409153992,3
layout,weight,5000,mean_degree,1.530145343402828,1.513283131418168,1.5455341808274623,3
layout,weight,5000,mean_map,1.7355382452963093,1.6865651559784147,1.8215017478263402,3
layout,weight,5000,mean_ring,1.9296457824976527,1.9111683165921727,1.9667362720072459,3
layout,weight,100000,binary,0.9755016264914012,0.9616310552970908,0.9920723000960245,3
layout,weight,100000,caliber,1.0917731023078463,1.0743819657087723,1.109895299142439,3
layout,weight,100000,degree4,0.7972249807969868,0.7923998222853902,0.8044024357786813,3
layout,weight,100000,fourary,0.9760206866628967,0.9627403155627562,0.9907047113866723,3
layout,weight,100000,max_maxdegree,1.9130011487375882,1.9055766531709974,1.9262629491587244,3
layout,weight,100000,mean_degree,1.881446920351156,1.8550530068581277,1.896874953296862,3
layout,weight,100000,mean_map,1.812145189503215,1.800098942716107,1.83475621969399,3
layout,weight,100000,mean_ring,1.8729529224322468,1.851208861416343,1.8860624218534796,3
roads,BAY,321270,binary,0.9608142709232846,,,1
roads,BAY,321270,caliber,1.2714962726265364,,,1
roads,BAY,321270,degree4,0.7943855974059815,,,1
roads,BAY,321270,fourary,0.9462947229304931,,,1
roads,BAY,321270,max_maxdegree,1.5670056358008457,,,1
roads,BAY,321270,mean_degree,1.2824817188687363,,,1
roads,BAY,321270,mean_map,1.352426842982911,,,1
roads,BAY,321270,mean_ring,1.5051344580531631,,,1
roads,BAY,321270,radix,0.7091544668879787,,,1
roads,BAY,321270,selected_grid,1.5790108345308365,,,1
roads,COL,435666,binary,0.980021875503484,,,1
roads,COL,435666,caliber,1.280524769641001,,,1
roads,COL,435666,degree4,0.8090272241670903,,,1
roads,COL,435666,fourary,0.9794740612422045,,,1
roads,COL,435666,max_maxdegree,1.5500437228156734,,,1
roads,COL,435666,mean_degree,1.2358734573846792,,,1
roads,COL,435666,mean_map,1.3790212936548052,,,1
roads,COL,435666,mean_ring,1.568780624652803,,,1
roads,COL,435666,radix,0.7216470372741629,,,1
roads,COL,435666,selected_grid,1.5740257481796558,,,1
roads,NY,264346,binary,0.9760342306054787,,,1
roads,NY,264346,caliber,1.2126132747282206,,,1
roads,NY,264346,degree4,0.7954103675352339,,,1
roads,NY,264346,fourary,0.942761950103214,,,1
roads,NY,264346,max_maxdegree,1.7367451952189155,,,1
roads,NY,264346,mean_degree,1.4303699459298496,,,1
roads,NY,264346,mean_map,1.4905632204972257,,,1
roads,NY,264346,mean_ring,1.643718881064535,,,1
roads,NY,264346,radix,0.7647958627565372,,,1
roads,NY,264346,selected_grid,1.7280556143983892,,,1
scale,sparse_fast,10000,binary,0.9455615889705202,0.9357809424200546,0.9600170717971964,3
scale,sparse_fast,10000,caliber,1.1045163982338218,1.062529143272904,1.1358583338023889,3
scale,sparse_fast,10000,degree4,0.8034505437663576,0.7752828160549947,0.8300027993575204,3
scale,sparse_fast,10000,fourary,0.9462980131416607,0.9148825343007616,0.9635311683202091,3
scale,sparse_fast,10000,max_maxdegree,1.5873355684854267,1.564513825930412,1.6257409138443617,3
scale,sparse_fast,10000,mean_degree,1.618149422112703,1.5740781871729521,1.6474893861939437,3
scale,sparse_fast,10000,mean_map,1.5872321095767237,1.4700460740601606,1.7859070652277849,3
scale,sparse_fast,10000,mean_ring,1.8073918728211147,1.7346909469256369,1.8812866318360189,3
scale,sparse_fast,100000,binary,0.9787870248808843,0.9551306540951863,1.0036743375977302,3
scale,sparse_fast,100000,caliber,1.08390707705913,1.0486391634305017,1.1031966313453483,3
scale,sparse_fast,100000,degree4,0.8118360123392836,0.806064416516794,0.8173685018635469,3
scale,sparse_fast,100000,fourary,0.9945472785670317,0.9731350605555509,1.019143423854684,3
scale,sparse_fast,100000,max_maxdegree,1.8636142655930796,1.8464314060065248,1.8839596431713104,3
scale,sparse_fast,100000,mean_degree,1.8740328773903991,1.8374467241422698,1.898051656530841,3
scale,sparse_fast,100000,mean_map,1.7493199321561121,1.7445099030233966,1.757839381536819,3
scale,sparse_fast,100000,mean_ring,1.8031281330275664,1.7835783150273832,1.8257733841518866,3
scale,sparse_fast,1000000,binary,0.9914006221950712,0.9578819983145295,1.0298675151683834,3
scale,sparse_fast,1000000,caliber,1.0304034973874518,0.9737510162638436,1.0648381087885097,3
scale,sparse_fast,1000000,degree4,0.8190490937717594,0.7918257611504117,0.8358730425500055,3
scale,sparse_fast,1000000,fourary,1.011342783116171,0.9977486572730073,1.0190193183903906,3
scale,sparse_fast,1000000,max_maxdegree,1.7847513601370046,1.7641789544898923,1.8153786667374745,3
scale,sparse_fast,1000000,mean_degree,1.8022210998108208,1.773022956386435,1.8171374202914787,3
scale,sparse_fast,1000000,mean_map,1.8078966741998919,1.7664942159736285,1.8789649351093585,3
scale,sparse_fast,1000000,mean_ring,1.8165609887623515,1.785053330712418,1.8635308992590092,3
