panel,family,n,arm,ms,min_ms,max_ms,queries
core,clustered,1000,binary,0.32305,0.24575,0.3404,6
core,clustered,1000,caliber,0.3155,0.24135,0.32545,6
core,clustered,1000,degree4,0.34035,0.25395,0.3514,6
core,clustered,1000,fourary,0.32385,0.245,0.3417,6
core,clustered,1000,heavy_only,0.32815,0.24545,0.3444,6
core,clustered,1000,list_both,0.312275,0.23005,0.3248,6
core,clustered,1000,max_maxdegree,0.293025,0.21145,0.30155,6
core,clustered,1000,mean_degree,0.425125,0.31245,0.4566,6
core,clustered,1000,mean_map,0.27485,0.20065,0.28615,6
core,clustered,1000,mean_ring,0.2545,0.18845,0.2666,6
core,clustered,1000,mean_sqrtdegree,0.320875,0.23585,0.3376,6
core,clustered,1000,median,0.27045,0.2044,0.29855,6
core,clustered,1000,original_mean,0.327375,0.2454,0.34295,6
core,clustered,1000,sd,0.24785,0.1818,0.2765,6
core,clustered,1000,selected_grid,0.246625,0.17985,0.27275,6
core,clustered,1000,skip_only,0.232375,0.16745,0.2533,6
core,clustered,1000,std_binary,0.343925,0.2638,0.37255,6
core,clustered,2000,binary,0.78575,0.57805,0.8272,6
core,clustered,2000,caliber,0.763975,0.55925,0.8073,6
core,clustered,2000,degree4,0.815975,0.6046,0.85945,6
core,clustered,2000,fourary,0.791,0.60965,0.8772,6
core,clustered,2000,heavy_only,0.68615,0.51075,0.71735,6
core,clustered,2000,list_both,0.59455,0.4316,0.61825,6
core,clustered,2000,max_maxdegree,0.60745,0.4385,0.6587,6
core,clustered,2000,mean_degree,0.83165,0.60645,0.8424,6
core,clustered,2000,mean_map,0.535,0.4003,0.55675,6
core,clustered,2000,mean_ring,0.514425,0.38245,0.54435,6
core,clustered,2000,mean_sqrtdegree,0.630175,0.46735,0.67095,6
core,clustered,2000,median,0.567375,0.4103,0.59025,6
core,clustered,2000,original_mean,0.6152,0.4631,0.6472,6
core,clustered,2000,sd,0.512475,0.38225,0.5527,6
core,clustered,2000,selected_grid,0.52605,0.38555,0.5477,6
core,clustered,2000,skip_only,0.425275,0.30745,0.4613,6
core,clustered,2000,std_binary,0.82165,0.62385,0.89165,6
core,clustered,5000,binary,2.525425,1.8724,2.70775,6
core,clustered,5000,caliber,2.467775,1.8509,2.57885,6
core,clustered,5000,degree4,2.660225,1.9958,2.73475,6
core,clustered,5000,fourary,2.638875,1.96555,2.78805,6
core,clustered,5000,heavy_only,1.92465,1.41455,1.9896,6
core,clustered,5000,list_both,1.700075,1.27025,1.7658,6
core,clustered,5000,max_maxdegree,1.674875,1.24305,1.73665,6
core,clustered,5000,mean_degree,1.97005,1.46455,2.09635,6
core,clustered,5000,mean_map,1.510525,1.0853,1.59435,6
core,clustered,5000,mean_ring,1.395225,1.0441,1.52475,6
core,clustered,5000,mean_sqrtdegree,1.60815,1.1811,1.67295,6
core,clustered,5000,median,1.53515,1.1308,1.5676,6
core,clustered,5000,original_mean,1.7998,1.3367,1.9257,6
core,clustered,5000,sd,1.501,1.10745,1.60715,6
core,clustered,5000,selected_grid,1.42175,1.0881,1.5105,6
core,clustered,5000,skip_only,1.191125,0.85705,1.23375,6
core,clustered,5000,std_binary,2.69145,2.0283,2.8293,6
core,clustered,10000,binary,7.29765,5.11935,7.9521,6
core,clustered,10000,caliber,6.934375,4.94015,7.40605,6
core,clustered,10000,degree4,7.3804,5.4203,8.0838,6
core,clustered,10000,fourary,7.43585,5.40145,8.12045,6
core,clustered,10000,heavy_only,5.235875,3.8124,5.7372,6
core,clustered,10000,list_both,6.64285,4.695,7.4909,6
core,clustered,10000,max_maxdegree,4.575975,3.2557,5.22465,6
core,clustered,10000,mean_degree,4.7415,3.4444,5.38415,6
core,clustered,10000,mean_map,3.9806,2.9476,4.7906,6
core,clustered,10000,mean_ring,3.890825,2.86815,4.4317,6
core,clustered,10000,mean_sqrtdegree,4.09715,2.95345,4.6397,6
core,clustered,10000,median,4.224375,3.08255,4.99315,6
core,clustered,10000,original_mean,6.6988,4.80945,7.30945,6
core,clustered,10000,sd,3.931275,2.76345,4.48475,6
core,clustered,10000,selected_grid,3.947625,2.72015,4.65905,6
core,clustered,10000,skip_only,3.699425,2.6098,4.0603,6
core,clustered,10000,std_binary,7.25905,5.44285,7.85735,6
core,dense,1000,binary,0.6593,0.50655,0.69855,6
core,dense,1000,caliber,0.65615,0.4884,0.6679,6
core,dense,1000,degree4,0.69125,0.52945,0.7781,6
core,dense,1000,fourary,0.6676,0.5153,0.70945,6
core,dense,1000,heavy_only,1.499975,1.12765,1.62875,6
core,dense,1000,list_both,4.624775,3.3168,4.91345,6
core,dense,1000,max_maxdegree,0.838725,0.62975,0.87005,6
core,dense,1000,mean_degree,0.862025,0.66485,0.94375,6
core,dense,1000,mean_map,0.8492,0.64435,0.98525,6
core,dense,1000,mean_ring,0.873375,0.6423,0.95885,6
core,dense,1000,mean_sqrtdegree,0.717,0.54445,0.74145,6
core,dense,1000,median,0.863825,0.64065,0.95385,6
core,dense,1000,original_mean,4.8212,3.50715,5.0875,6
core,dense,1000,sd,0.78255,0.6067,0.87715,6
core,dense,1000,selected_grid,0.637325,0.4873,0.68345,6
core,dense,1000,skip_only,1.978975,1.47005,2.15515,6
core,dense,1000,std_binary,0.772225,0.58075,0.7842,6
core,dense,2000,binary,1.9174,1.4216,2.2444,6
core,dense,2000,caliber,1.844775,1.47975,2.06045,6
core,dense,2000,degree4,2.040725,1.5632,2.2426,6
core,dense,2000,fourary,2.014375,1.4836,2.17705,6
core,dense,2000,heavy_only,6.755975,5.13535,8.006,6
core,dense,2000,list_both,22.1611,17.52545,31.6509,6
core,dense,2000,max_maxdegree,2.8226,2.16975,3.11175,6
core,dense,2000,mean_degree,2.931025,2.22125,3.13325,6
core,dense,2000,mean_map,3.192625,2.50755,3.8953,6
core,dense,2000,mean_ring,3.306275,2.5535,3.96545,6
core,dense,2000,mean_sqrtdegree,2.538875,1.93825,2.9297,6
core,dense,2000,median,3.1632,2.51585,3.92705,6
core,dense,2000,original_mean,22.875375,17.403,33.1233,6
core,dense,2000,sd,3.1939,2.46875,3.66965,6
core,dense,2000,selected_grid,2.562025,1.8799,2.93535,6
core,dense,2000,skip_only,8.644,6.88885,9.84585,6
core,dense,2000,std_binary,2.3776,1.74145,2.5428,6
core,dense,5000,binary,7.37035,6.86765,9.50765,6
core,dense,5000,caliber,7.549975,6.9391,8.84725,6
core,dense,5000,degree4,7.7314,7.10445,9.37825,6
core,dense,5000,fourary,7.982075,7.32065,9.5903,6
core,dense,5000,heavy_only,42.12305,38.41815,50.5863,6
core,dense,5000,list_both,143.76395,132.72015,173.90705,6
core,dense,5000,max_maxdegree,13.7184,12.50525,16.77635,6
core,dense,5000,mean_degree,13.8568,13.0193,16.91065,6
core,dense,5000,mean_map,16.6253,15.28225,19.9404,6
core,dense,5000,mean_ring,16.990725,15.4068,20.75795,6
core,dense,5000,mean_sqrtdegree,13.198525,12.2664,16.0247,6
core,dense,5000,median,16.68665,15.56845,20.82745,6
core,dense,5000,original_mean,146.658525,135.60725,176.90405,6
core,dense,5000,sd,16.327825,14.52535,19.39335,6
core,dense,5000,selected_grid,13.52,12.4346,15.81525,6
core,dense,5000,skip_only,38.77555,34.86375,46.2157,6
core,dense,5000,std_binary,9.3033,8.5326,11.2775,6
core,grid,1000,binary,0.106475,0.09655,0.1282,6
core,grid,1000,caliber,0.09645,0.08945,0.1156,6
core,grid,1000,degree4,0.1354,0.12715,0.17105,6
core,grid,1000,fourary,0.11115,0.1012,0.1361,6
core,grid,1000,heavy_only,0.107575,0.103,0.13505,6
core,grid,1000,list_both,0.113575,0.10855,0.1421,6
core,grid,1000,max_maxdegree,0.126525,0.1198,0.1495,6
core,grid,1000,mean_degree,0.123625,0.1144,0.1504,6
core,grid,1000,mean_map,0.1032,0.09995,0.12965,6
core,grid,1000,mean_ring,0.101875,0.0972,0.12605,6
core,grid,1000,mean_sqrtdegree,0.123575,0.1157,0.14835,6
core,grid,1000,median,0.105575,0.1001,0.13115,6
core,grid,1000,original_mean,0.10135,0.09235,0.12505,6
core,grid,1000,sd,0.124,0.11545,0.15615,6
core,grid,1000,skip_only,0.108675,0.1051,0.1342,6
core,grid,1000,std_binary,0.1012,0.09545,0.1233,6
core,grid,2000,binary,0.21635,0.2132,0.26565,6
core,grid,2000,caliber,0.200075,0.1941,0.2431,6
core,grid,2000,degree4,0.278375,0.2676,0.3544,6
core,grid,2000,fourary,0.224175,0.21445,0.27755,6
core,grid,2000,heavy_only,0.2004,0.19185,0.23795,6
core,grid,2000,list_both,0.200925,0.191,0.2481,6
core,grid,2000,max_maxdegree,0.223075,0.2052,0.27195,6
core,grid,2000,mean_degree,0.2324,0.2159,0.28605,6
core,grid,2000,mean_map,0.192375,0.18775,0.24825,6
core,grid,2000,mean_ring,0.1869,0.1768,0.22345,6
core,grid,2000,mean_sqrtdegree,0.21835,0.20715,0.26425,6
core,grid,2000,median,0.196725,0.1826,0.238,6
core,grid,2000,original_mean,0.174425,0.16925,0.211,6
core,grid,2000,sd,0.22095,0.20925,0.269,6
core,grid,2000,skip_only,0.196,0.18645,0.2426,6
core,grid,2000,std_binary,0.21255,0.2055,0.26005,6
core,grid,5000,binary,0.58705,0.5714,0.7139,6
core,grid,5000,caliber,0.534575,0.5174,0.6647,6
core,grid,5000,degree4,0.763925,0.73675,0.9467,6
core,grid,5000,fourary,0.606725,0.5894,0.7538,6
core,grid,5000,heavy_only,0.48175,0.4623,0.6056,6
core,grid,5000,list_both,0.46985,0.45055,0.62835,6
core,grid,5000,max_maxdegree,0.514975,0.4919,0.6714,6
core,grid,5000,mean_degree,0.54595,0.53025,0.6959,6
core,grid,5000,mean_map,0.475475,0.4533,0.6003,6
core,grid,5000,mean_ring,0.443825,0.4237,0.54465,6
core,grid,5000,mean_sqrtdegree,0.521375,0.50005,0.66525,6
core,grid,5000,median,0.4732,0.4527,0.58465,6
core,grid,5000,original_mean,0.41515,0.4002,0.50435,6
core,grid,5000,sd,0.5211,0.4896,0.6544,6
core,grid,5000,skip_only,0.4603,0.4394,0.58415,6
core,grid,5000,std_binary,0.563325,0.54215,0.6984,6
core,grid,10000,binary,1.249725,1.19075,1.54435,6
core,grid,10000,caliber,1.12255,1.08345,1.4043,6
core,grid,10000,degree4,1.61955,1.55235,2.0072,6
core,grid,10000,fourary,1.28545,1.2126,1.68375,6
core,grid,10000,heavy_only,0.904925,0.86545,1.0966,6
core,grid,10000,list_both,0.844225,0.7937,1.04655,6
core,grid,10000,max_maxdegree,0.927425,0.8877,1.1619,6
core,grid,10000,mean_degree,0.98295,0.94835,1.21075,6
core,grid,10000,mean_map,0.87245,0.82735,1.0607,6
core,grid,10000,mean_ring,0.814375,0.78065,1.01405,6
core,grid,10000,mean_sqrtdegree,0.958875,0.90665,1.1628,6
core,grid,10000,median,0.880075,0.82825,1.0921,6
core,grid,10000,original_mean,0.773225,0.7287,0.945,6
core,grid,10000,sd,0.924425,0.8752,1.16625,6
core,grid,10000,skip_only,0.81905,0.79335,1.0089,6
core,grid,10000,std_binary,1.189425,1.1598,1.4536,6
core,roadlike,1000,binary,0.110725,0.10695,0.13375,6
core,roadlike,1000,caliber,0.1066,0.10475,0.1284,6
core,roadlike,1000,degree4,0.111775,0.10765,0.1397,6
core,roadlike,1000,fourary,0.117825,0.1109,0.14415,6
core,roadlike,1000,heavy_only,0.132625,0.1226,0.1653,6
core,roadlike,1000,list_both,0.14495,0.13185,0.18065,6
core,roadlike,1000,max_maxdegree,0.13465,0.1302,0.1799,6
core,roadlike,1000,mean_degree,0.148075,0.14295,0.18565,6
core,roadlike,1000,mean_map,0.1257,0.11755,0.15385,6
core,roadlike,1000,mean_ring,0.125175,0.11565,0.15225,6
core,roadlike,1000,mean_sqrtdegree,0.133175,0.1294,0.168,6
core,roadlike,1000,median,0.126625,0.11905,0.1598,6
core,roadlike,1000,original_mean,0.1266,0.1157,0.15545,6
core,roadlike,1000,sd,0.13815,0.13145,0.1781,6
core,roadlike,1000,skip_only,0.132775,0.12175,0.1686,6
core,roadlike,1000,std_binary,0.107775,0.1042,0.1295,6
core,roadlike,2000,binary,0.229975,0.22195,0.28525,6
core,roadlike,2000,caliber,0.218375,0.2109,0.27065,6
core,roadlike,2000,degree4,0.2336,0.2224,0.2923,6
core,roadlike,2000,fourary,0.240875,0.2283,0.29675,6
core,roadlike,2000,heavy_only,0.2385,0.23205,0.3055,6
core,roadlike,2000,list_both,0.251575,0.2339,0.33145,6
core,roadlike,2000,max_maxdegree,0.247125,0.2345,0.3258,6
core,roadlike,2000,mean_degree,0.2736,0.25945,0.347,6
core,roadlike,2000,mean_map,0.2301,0.21975,0.29835,6
core,roadlike,2000,mean_ring,0.22375,0.21225,0.2793,6
core,roadlike,2000,mean_sqrtdegree,0.2472,0.23935,0.32955,6
core,roadlike,2000,median,0.233,0.22385,0.2945,6
core,roadlike,2000,original_mean,0.217825,0.2088,0.297,6
core,roadlike,2000,sd,0.250025,0.2326,0.3188,6
core,roadlike,2000,skip_only,0.2352,0.2218,0.3138,6
core,roadlike,2000,std_binary,0.2184,0.212,0.27805,6
core,roadlike,5000,binary,0.630325,0.5968,0.866,6
core,roadlike,5000,caliber,0.58565,0.5651,0.75525,6
core,roadlike,5000,degree4,0.650025,0.62125,0.85445,6
core,roadlike,5000,fourary,0.61715,0.5975,0.83555,6
core,roadlike,5000,heavy_only,0.573,0.5572,0.75725,6
core,roadlike,5000,list_both,0.5713,0.5529,0.79755,6
core,roadlike,5000,max_maxdegree,0.581475,0.5588,0.8112,6
core,roadlike,5000,mean_degree,0.6411,0.62085,0.86925,6
core,roadlike,5000,mean_map,0.545125,0.5315,0.7525,6
core,roadlike,5000,mean_ring,0.5236,0.50695,0.715,6
core,roadlike,5000,mean_sqrtdegree,0.5841,0.5663,0.7846,6
core,roadlike,5000,median,0.55205,0.5339,0.76865,6
core,roadlike,5000,original_mean,0.5074,0.4875,0.69065,6
core,roadlike,5000,sd,0.584675,0.5592,0.78225,6
core,roadlike,5000,skip_only,0.536625,0.5107,0.733,6
core,roadlike,5000,std_binary,0.582,0.5575,0.77835,6
core,sparse,1000,binary,0.19375,0.1412,0.237,6
core,sparse,1000,caliber,0.1618,0.12305,0.2156,6
core,sparse,1000,degree4,0.20955,0.15455,0.2825,6
core,sparse,1000,fourary,0.1933,0.1413,0.25375,6
core,sparse,1000,heavy_only,0.128125,0.097,0.1998,6
core,sparse,1000,list_both,0.121125,0.08595,0.2362,6
core,sparse,1000,max_maxdegree,0.153925,0.1171,0.1953,6
core,sparse,1000,mean_degree,0.1548,0.1164,0.2126,6
core,sparse,1000,mean_map,0.12925,0.09135,0.17115,6
core,sparse,1000,mean_ring,0.1195,0.08815,0.1659,6
core,sparse,1000,mean_sqrtdegree,0.14105,0.1065,0.1946,6
core,sparse,1000,median,0.1279,0.092,0.1745,6
core,sparse,1000,original_mean,0.1234,0.09115,0.1784,6
core,sparse,1000,sd,0.137525,0.10265,0.1962,6
core,sparse,1000,selected_grid,0.116125,0.09595,0.1567,6
core,sparse,1000,skip_only,0.11435,0.0826,0.18005,6
core,sparse,1000,std_binary,0.178475,0.1345,0.24565,6
core,sparse,2000,binary,0.407775,0.3044,0.49915,6
core,sparse,2000,caliber,0.3668,0.2651,0.39885,6
core,sparse,2000,degree4,0.468875,0.33875,0.5301,6
core,sparse,2000,fourary,0.415,0.3145,0.49005,6
core,sparse,2000,heavy_only,0.256025,0.1908,0.30855,6
core,sparse,2000,list_both,0.2211,0.1601,0.36125,6
core,sparse,2000,max_maxdegree,0.29065,0.21725,0.35075,6
core,sparse,2000,mean_degree,0.297925,0.21855,0.3699,6
core,sparse,2000,mean_map,0.2385,0.1814,0.29055,6
core,sparse,2000,mean_ring,0.2264,0.1688,0.2698,6
core,sparse,2000,mean_sqrtdegree,0.273675,0.2048,0.3249,6
core,sparse,2000,median,0.243125,0.182,0.2983,6
core,sparse,2000,original_mean,0.229125,0.17045,0.31455,6
core,sparse,2000,sd,0.258925,0.19505,0.3088,6
core,sparse,2000,selected_grid,0.2307,0.16685,0.2547,6
core,sparse,2000,skip_only,0.20155,0.15475,0.28815,6
core,sparse,2000,std_binary,0.394475,0.29655,0.44805,6
core,sparse,5000,binary,1.096975,0.8416,1.34045,6
core,sparse,5000,caliber,0.94175,0.7342,1.09125,6
core,sparse,5000,degree4,1.297025,0.9628,1.5083,6
core,sparse,5000,fourary,1.10315,0.8557,1.32785,6
core,sparse,5000,heavy_only,0.625025,0.4727,0.7267,6
core,sparse,5000,list_both,0.5246,0.39275,0.7917,6
core,sparse,5000,max_maxdegree,0.6924,0.5225,0.8296,6
core,sparse,5000,mean_degree,0.6979,0.5378,0.836,6
core,sparse,5000,mean_map,0.59205,0.46285,0.7456,6
core,sparse,5000,mean_ring,0.571225,0.4297,0.6961,6
core,sparse,5000,mean_sqrtdegree,0.635375,0.5008,0.79335,6
core,sparse,5000,median,0.60395,0.46505,0.7196,6
core,sparse,5000,original_mean,0.54325,0.4197,0.9033,6
core,sparse,5000,sd,0.634725,0.4906,0.73525,6
core,sparse,5000,selected_grid,0.5716,0.39695,0.7431,6
core,sparse,5000,skip_only,0.492175,0.3756,0.72115,6
core,sparse,5000,std_binary,1.0473,0.80545,1.21635,6
core,sparse,10000,binary,2.5147,1.9254,2.6362,6
core,sparse,10000,caliber,2.18985,1.62235,2.32415,6
core,sparse,10000,degree4,2.863775,2.24525,3.1356,6
core,sparse,10000,fourary,2.4975,1.9279,2.6268,6
core,sparse,10000,heavy_only,1.375375,1.0464,1.55715,6
core,sparse,10000,list_both,1.1649,0.8625,1.4556,6
core,sparse,10000,max_maxdegree,1.42,1.0916,1.5265,6
core,sparse,10000,mean_degree,1.428925,1.10395,1.5157,6
core,sparse,10000,mean_map,1.338875,1.0118,1.5602,6
core,sparse,10000,mean_ring,1.276975,0.94515,1.4215,6
core,sparse,10000,mean_sqrtdegree,1.4299,1.05325,1.4996,6
core,sparse,10000,median,1.330925,1.0066,1.48225,6
core,sparse,10000,original_mean,1.21365,0.8948,1.5716,6
core,sparse,10000,sd,1.382575,1.04775,1.605,6
core,sparse,10000,selected_grid,1.179525,0.8645,1.26045,6
core,sparse,10000,skip_only,1.1059,0.81265,1.36605,6
core,sparse,10000,std_binary,2.378175,1.8658,2.6527,6
density,er_d128,1000,binary,0.721125,0.565,0.8222,6
density,er_d128,1000,caliber,0.7038,0.55255,0.74535,6
density,er_d128,1000,degree4,0.7502,0.5808,0.82255,6
density,er_d128,1000,fourary,0.71865,0.57085,0.92,6
density,er_d128,1000,max_maxdegree,0.990225,0.80215,1.08735,6
density,er_d128,1000,mean_degree,1.028225,0.8384,1.11005,6
density,er_d128,1000,mean_map,1.0281,0.8131,1.1652,6
density,er_d128,1000,mean_ring,1.032225,0.8144,1.17665,6
density,er_d128,1000,selected_grid,0.780225,0.6234,0.88055,6
density,er_d128,1000,std_binary,0.86275,0.66825,0.91185,6
density,er_d128,5000,binary,5.639875,5.07985,8.44915,6
density,er_d128,5000,caliber,5.31025,4.8709,7.239,6
density,er_d128,5000,degree4,5.6192,5.1067,7.54275,6
density,er_d128,5000,fourary,5.51815,5.00625,7.58975,6
density,er_d128,5000,max_maxdegree,5.952875,5.508,8.15705,6
density,er_d128,5000,mean_degree,6.1483,5.6925,8.53665,6
density,er_d128,5000,mean_map,7.598,7.133,10.1018,6
density,er_d128,5000,mean_ring,7.697925,7.23145,9.7641,6
density,er_d128,5000,selected_grid,5.53015,5.31525,7.0857,6
density,er_d128,5000,std_binary,5.9106,5.5332,7.7834,6
density,er_d16,1000,binary,0.332225,0.2782,0.3582,6
density,er_d16,1000,caliber,0.310925,0.25245,0.3292,6
density,er_d16,1000,degree4,0.34085,0.27845,0.3511,6
density,er_d16,1000,fourary,0.33545,0.26895,0.35745,6
density,er_d16,1000,max_maxdegree,0.273475,0.22215,0.28125,6
density,er_d16,1000,mean_degree,0.273725,0.23265,0.28335,6
density,er_d16,1000,mean_map,0.208075,0.1762,0.22215,6
density,er_d16,1000,mean_ring,0.200525,0.1657,0.2108,6
density,er_d16,1000,selected_grid,0.205575,0.17075,0.2163,6
density,er_d16,1000,std_binary,0.337925,0.2811,0.3558,6
density,er_d16,5000,binary,2.23475,2.11455,2.48815,6
density,er_d16,5000,caliber,1.991575,1.89605,2.47675,6
density,er_d16,5000,degree4,2.369825,2.1642,2.69575,6
density,er_d16,5000,fourary,2.148925,2.05195,2.5223,6
density,er_d16,5000,max_maxdegree,1.4118,1.3232,1.60375,6
density,er_d16,5000,mean_degree,1.382425,1.29515,1.67615,6
density,er_d16,5000,mean_map,1.300975,1.15005,1.55935,6
density,er_d16,5000,mean_ring,1.35855,1.16965,1.5224,6
density,er_d16,5000,selected_grid,1.235,1.15605,1.5108,6
density,er_d16,5000,std_binary,2.1452,2.0616,2.62445,6
density,er_d2,1000,binary,0.082,0.0005,0.09455,6
density,er_d2,1000,caliber,0.0672,0.0005,0.0782,6
density,er_d2,1000,degree4,0.09865,0.0005,0.112,6
density,er_d2,1000,fourary,0.084075,0.00055,0.09485,6
density,er_d2,1000,max_maxdegree,0.092925,0.0012,0.1031,6
density,er_d2,1000,mean_degree,0.085025,0.0012,0.09555,6
density,er_d2,1000,mean_map,0.0767,0.0012,0.08495,6
density,er_d2,1000,mean_ring,0.07035,0.0012,0.0813,6
density,er_d2,1000,selected_grid,0.058475,0.0012,0.0727,6
density,er_d2,1000,std_binary,0.0767,0.0005,0.08855,6
density,er_d2,5000,binary,0.563125,0.00385,0.60105,6
density,er_d2,5000,caliber,0.453,0.00365,0.4785,6
density,er_d2,5000,degree4,0.70315,0.0043,0.7476,6
density,er_d2,5000,fourary,0.590475,0.00425,0.62645,6
density,er_d2,5000,max_maxdegree,0.43705,0.00805,0.4599,6
density,er_d2,5000,mean_degree,0.394275,0.0079,0.427,6
density,er_d2,5000,mean_map,0.3806,0.0091,0.41555,6
density,er_d2,5000,mean_ring,0.3378,0.00835,0.3608,6
density,er_d2,5000,selected_grid,0.287825,0.0079,0.29975,6
density,er_d2,5000,std_binary,0.548275,0.00665,0.5673,6
density,er_d256,1000,binary,0.91825,0.7374,0.9738,6
density,er_d256,1000,caliber,0.888775,0.7235,0.99135,6
density,er_d256,1000,degree4,0.92265,0.801,0.9893,6
density,er_d256,1000,fourary,0.937525,0.77475,1.06255,6
density,er_d256,1000,max_maxdegree,1.667625,1.3604,1.73465,6
density,er_d256,1000,mean_degree,1.715625,1.43885,1.89545,6
density,er_d256,1000,mean_map,1.7127,1.44895,1.90695,6
density,er_d256,1000,mean_ring,1.795525,1.4803,1.944,6
density,er_d256,1000,selected_grid,1.47595,1.21365,1.6043,6
density,er_d256,1000,std_binary,1.157975,0.99885,1.26175,6
density,er_d256,5000,binary,6.839075,6.4929,6.97515,6
density,er_d256,5000,caliber,6.705075,6.3924,6.8721,6
density,er_d256,5000,degree4,6.8176,6.5677,7.09995,6
density,er_d256,5000,fourary,7.152275,6.68205,7.62605,6
density,er_d256,5000,max_maxdegree,9.837425,9.51055,10.2949,6
density,er_d256,5000,mean_degree,9.931275,9.67185,10.6638,6
density,er_d256,5000,mean_map,12.4844,11.86125,13.0778,6
density,er_d256,5000,mean_ring,12.7055,12.03935,13.0256,6
density,er_d256,5000,selected_grid,9.599925,9.33325,10.4911,6
density,er_d256,5000,std_binary,8.0216,7.68555,9.12075,6
density,er_d32,1000,binary,0.434425,0.3642,0.4464,6
density,er_d32,1000,caliber,0.41885,0.3456,0.4333,6
density,er_d32,1000,degree4,0.44795,0.37625,0.498,6
density,er_d32,1000,fourary,0.430575,0.35935,0.44575,6
density,er_d32,1000,max_maxdegree,0.38895,0.3278,0.3991,6
density,er_d32,1000,mean_degree,0.409175,0.337,0.4166,6
density,er_d32,1000,mean_map,0.35275,0.30295,0.4132,6
density,er_d32,1000,mean_ring,0.351575,0.29795,0.39795,6
density,er_d32,1000,selected_grid,0.295275,0.2429,0.30465,6
density,er_d32,1000,std_binary,0.446125,0.3804,0.4611,6
density,er_d32,5000,binary,2.74015,2.6932,2.8605,6
density,er_d32,5000,caliber,2.62705,2.6033,2.9869,6
density,er_d32,5000,degree4,2.915125,2.80105,3.0607,6
density,er_d32,5000,fourary,2.853725,2.7711,2.997,6
density,er_d32,5000,max_maxdegree,2.028925,2.0028,2.2155,6
density,er_d32,5000,mean_degree,2.09865,1.97725,2.25025,6
density,er_d32,5000,mean_map,2.094775,1.8827,2.4038,6
density,er_d32,5000,mean_ring,2.00145,1.8093,2.26355,6
density,er_d32,5000,selected_grid,1.86435,1.7193,2.0112,6
density,er_d32,5000,std_binary,2.888675,2.8095,2.99485,6
density,er_d4,1000,binary,0.168725,0.1408,0.1734,6
density,er_d4,1000,caliber,0.144675,0.12215,0.14915,6
density,er_d4,1000,degree4,0.1971,0.1677,0.2117,6
density,er_d4,1000,fourary,0.167825,0.141,0.18045,6
density,er_d4,1000,max_maxdegree,0.1563,0.1361,0.1625,6
density,er_d4,1000,mean_degree,0.139,0.12085,0.1426,6
density,er_d4,1000,mean_map,0.117375,0.09905,0.1317,6
density,er_d4,1000,mean_ring,0.109125,0.0895,0.113,6
density,er_d4,1000,selected_grid,0.1009,0.08565,0.1215,6
density,er_d4,1000,std_binary,0.16095,0.13185,0.1705,6
density,er_d4,5000,binary,1.148425,1.0053,1.96295,6
density,er_d4,5000,caliber,0.9109,0.8617,1.87295,6
density,er_d4,5000,degree4,1.301,1.23475,2.4304,6
density,er_d4,5000,fourary,1.04305,1.00495,1.8626,6
density,er_d4,5000,max_maxdegree,0.7434,0.68245,1.31705,6
density,er_d4,5000,mean_degree,0.694,0.6461,1.27925,6
density,er_d4,5000,mean_map,0.598575,0.5552,1.237,6
density,er_d4,5000,mean_ring,0.563575,0.51635,1.01635,6
density,er_d4,5000,selected_grid,0.5357,0.4748,1.04095,6
density,er_d4,5000,std_binary,1.01895,0.96155,1.9657,6
density,er_d64,1000,binary,0.59135,0.4822,0.62995,6
density,er_d64,1000,caliber,0.57025,0.47505,0.63255,6
density,er_d64,1000,degree4,0.59545,0.49245,0.6662,6
density,er_d64,1000,fourary,0.602175,0.496,0.65085,6
density,er_d64,1000,max_maxdegree,0.626175,0.5205,0.6731,6
density,er_d64,1000,mean_degree,0.665,0.56635,0.7254,6
density,er_d64,1000,mean_map,0.671125,0.52565,0.6967,6
density,er_d64,1000,mean_ring,0.6481,0.51705,0.6773,6
density,er_d64,1000,selected_grid,0.519125,0.4009,0.55875,6
density,er_d64,1000,std_binary,0.630175,0.52565,0.6773,6
density,er_d64,5000,binary,3.7008,3.62795,4.0734,6
density,er_d64,5000,caliber,3.65165,3.50875,3.8074,6
density,er_d64,5000,degree4,3.82835,3.7365,4.0153,6
density,er_d64,5000,fourary,3.80555,3.70245,3.97735,6
density,er_d64,5000,max_maxdegree,3.290225,3.242,3.6463,6
density,er_d64,5000,mean_degree,3.387225,3.29405,3.54815,6
density,er_d64,5000,mean_map,4.069175,3.89615,4.5128,6
density,er_d64,5000,mean_ring,4.06095,4.022,4.40685,6
density,er_d64,5000,selected_grid,2.965175,2.782,3.26595,6
density,er_d64,5000,std_binary,4.0705,3.87855,4.51965,6
density,er_d8,1000,binary,0.248275,0.20465,0.26105,6
density,er_d8,1000,caliber,0.22485,0.1871,0.2412,6
density,er_d8,1000,degree4,0.252375,0.2106,0.2676,6
density,er_d8,1000,fourary,0.255075,0.20495,0.2589,6
density,er_d8,1000,max_maxdegree,0.2032,0.17,0.21885,6
density,er_d8,1000,mean_degree,0.202325,0.16275,0.21905,6
density,er_d8,1000,mean_map,0.1551,0.12865,0.17105,6
density,er_d8,1000,mean_ring,0.145975,0.1193,0.15575,6
density,er_d8,1000,selected_grid,0.145575,0.12045,0.1726,6
density,er_d8,1000,std_binary,0.2424,0.2005,0.2532,6
density,er_d8,5000,binary,1.598675,1.5166,2.5509,6
density,er_d8,5000,caliber,1.383425,1.3096,2.06165,6
density,er_d8,5000,degree4,1.6532,1.53555,2.46985,6
density,er_d8,5000,fourary,1.614425,1.5438,2.4509,6
density,er_d8,5000,max_maxdegree,1.04455,0.9779,1.4735,6
density,er_d8,5000,mean_degree,0.994225,0.90915,1.6228,6
density,er_d8,5000,mean_map,0.901725,0.82175,1.5811,6
density,er_d8,5000,mean_ring,0.852675,0.7624,1.26925,6
density,er_d8,5000,selected_grid,0.844,0.7625,1.4215,6
density,er_d8,5000,std_binary,1.613975,1.4786,2.2613,6
laws,clustered_bimodal,2000,binary,0.44265,0.3842,0.5005,6
laws,clustered_bimodal,2000,caliber,0.4245,0.3812,0.50375,6
laws,clustered_bimodal,2000,degree4,0.43585,0.3926,0.5983,6
laws,clustered_bimodal,2000,fourary,0.497375,0.42995,0.59775,6
laws,clustered_bimodal,2000,max_maxdegree,0.420975,0.3645,0.5145,6
laws,clustered_bimodal,2000,mean_degree,0.408525,0.35245,0.48845,6
laws,clustered_bimodal,2000,mean_map,0.4184,0.3662,0.518,6
laws,clustered_bimodal,2000,mean_ring,0.413825,0.366,0.4667,6
laws,clustered_bimodal,2000,radix,0.3345,0.28845,0.391,6
laws,clustered_bimodal,2000,selected_grid,0.421225,0.3657,0.4363,6
laws,clustered_bimodal,2000,std_binary,0.430175,0.3689,0.5203,6
laws,clustered_integer,2000,binary,1.121925,1.01225,1.201,6
laws,clustered_integer,2000,caliber,1.040025,0.96945,1.1233,6
laws,clustered_integer,2000,degree4,1.1449,1.0401,1.2319,6
laws,clustered_integer,2000,fourary,1.416775,1.21425,1.45315,6
laws,clustered_integer,2000,max_maxdegree,0.791275,0.69945,0.89945,6
laws,clustered_integer,2000,mean_degree,0.82655,0.73375,0.86665,6
laws,clustered_integer,2000,mean_map,0.65725,0.5792,0.7561,6
laws,clustered_integer,2000,mean_ring,0.6193,0.56765,0.72955,6
laws,clustered_integer,2000,radix,0.5726,0.534,0.62925,6
laws,clustered_integer,2000,selected_grid,0.62445,0.54655,0.71975,6
laws,clustered_integer,2000,std_binary,1.1085,0.9935,1.20705,6
laws,clustered_near,2000,binary,0.429175,0.41375,0.47145,6
laws,clustered_near,2000,caliber,0.483375,0.46135,0.5152,6
laws,clustered_near,2000,degree4,0.465725,0.42095,0.4879,6
laws,clustered_near,2000,fourary,0.444925,0.40805,0.4824,6
laws,clustered_near,2000,max_maxdegree,0.3851,0.369,0.43365,6
laws,clustered_near,2000,mean_degree,0.40385,0.3715,0.43685,6
laws,clustered_near,2000,mean_map,0.444525,0.4206,0.51055,6
laws,clustered_near,2000,mean_ring,0.4409,0.4119,0.49215,6
laws,clustered_near,2000,selected_grid,0.414775,0.3615,0.4537,6
laws,clustered_near,2000,std_binary,0.462375,0.44215,0.51355,6
laws,clustered_scale,2000,binary,0.8176,0.79115,0.93905,6
laws,clustered_scale,2000,caliber,0.79765,0.76225,1.0095,6
laws,clustered_scale,2000,degree4,0.831875,0.81265,1.0022,6
laws,clustered_scale,2000,fourary,0.858575,0.82065,0.94755,6
laws,clustered_scale,2000,max_maxdegree,0.6308,0.6088,0.69955,6
laws,clustered_scale,2000,mean_degree,0.8579,0.8289,0.96845,6
laws,clustered_scale,2000,mean_map,0.571875,0.5454,0.67515,6
laws,clustered_scale,2000,mean_ring,0.537875,0.5187,0.6349,6
laws,clustered_scale,2000,selected_grid,0.540625,0.5301,0.5852,6
laws,clustered_scale,2000,std_binary,0.89685,0.87205,0.95725,6
laws,clustered_shuffle,2000,binary,0.739475,0.70845,0.7837,6
laws,clustered_shuffle,2000,caliber,0.725,0.69485,0.74585,6
laws,clustered_shuffle,2000,degree4,0.769175,0.73485,0.8159,6
laws,clustered_shuffle,2000,fourary,0.7582,0.72195,0.83425,6
laws,clustered_shuffle,2000,max_maxdegree,0.56005,0.5248,0.5878,6
laws,clustered_shuffle,2000,mean_degree,0.667775,0.63125,0.7094,6
laws,clustered_shuffle,2000,mean_map,0.551475,0.50525,0.59515,6
laws,clustered_shuffle,2000,mean_ring,0.528875,0.49055,0.57375,6
laws,clustered_shuffle,2000,selected_grid,0.525675,0.49115,0.55885,6
laws,clustered_shuffle,2000,std_binary,0.768325,0.7487,0.84275,6
laws,clustered_skew,2000,binary,0.584,0.5482,0.6198,6
laws,clustered_skew,2000,caliber,0.627775,0.5982,0.6817,6
laws,clustered_skew,2000,degree4,0.606125,0.56505,0.6645,6
laws,clustered_skew,2000,fourary,0.57475,0.5501,0.67435,6
laws,clustered_skew,2000,max_maxdegree,0.4934,0.4471,0.5301,6
laws,clustered_skew,2000,mean_degree,0.601025,0.5403,0.63165,6
laws,clustered_skew,2000,mean_map,0.49575,0.4556,0.536,6
laws,clustered_skew,2000,mean_ring,0.48545,0.4532,0.5042,6
laws,clustered_skew,2000,selected_grid,0.473925,0.43905,0.49575,6
laws,clustered_skew,2000,std_binary,0.613725,0.58475,0.64445,6
laws,clustered_uniform,2000,binary,0.788,0.76135,0.89295,6
laws,clustered_uniform,2000,caliber,0.77645,0.743,0.9342,6
laws,clustered_uniform,2000,degree4,0.8279,0.8042,0.9316,6
laws,clustered_uniform,2000,fourary,0.8543,0.81675,0.92325,6
laws,clustered_uniform,2000,max_maxdegree,0.632425,0.5893,0.7056,6
laws,clustered_uniform,2000,mean_degree,0.817975,0.78875,0.9342,6
laws,clustered_uniform,2000,mean_map,0.5619,0.52725,0.6222,6
laws,clustered_uniform,2000,mean_ring,0.521925,0.5063,0.616,6
laws,clustered_uniform,2000,selected_grid,0.5278,0.5112,0.58455,6
laws,clustered_uniform,2000,std_binary,0.855625,0.81145,0.9445,6
laws,clustered_zero,2000,binary,0.9269,0.80065,1.01875,6
laws,clustered_zero,2000,caliber,0.542475,0.50425,0.59675,6
laws,clustered_zero,2000,degree4,0.912125,0.84445,1.03165,6
laws,clustered_zero,2000,fourary,1.01345,0.8785,1.0433,6
laws,clustered_zero,2000,max_maxdegree,0.4548,0.4126,0.4786,6
laws,clustered_zero,2000,mean_degree,0.445475,0.4141,0.48445,6
laws,clustered_zero,2000,mean_map,0.587975,0.5295,0.62045,6
laws,clustered_zero,2000,mean_ring,0.58875,0.5335,0.64455,6
laws,clustered_zero,2000,selected_grid,0.486075,0.39325,0.52545,6
laws,clustered_zero,2000,std_binary,0.8831,0.80065,0.91595,6
laws,sparse_bimodal,2000,binary,0.395625,0.39185,0.4192,6
laws,sparse_bimodal,2000,caliber,0.331975,0.31845,0.35905,6
laws,sparse_bimodal,2000,degree4,0.44,0.4274,0.46875,6
laws,sparse_bimodal,2000,fourary,0.48335,0.4534,0.4965,6
laws,sparse_bimodal,2000,max_maxdegree,0.175025,0.1695,0.19195,6
laws,sparse_bimodal,2000,mean_degree,0.1862,0.1761,0.19145,6
laws,sparse_bimodal,2000,mean_map,0.18325,0.16885,0.19435,6
laws,sparse_bimodal,2000,mean_ring,0.188525,0.16935,0.1945,6
laws,sparse_bimodal,2000,radix,0.150275,0.1407,0.1521,6
laws,sparse_bimodal,2000,selected_grid,0.17485,0.16855,0.2018,6
laws,sparse_bimodal,2000,std_binary,0.33105,0.3201,0.35605,6
laws,sparse_integer,2000,binary,0.491,0.45405,0.5253,6
laws,sparse_integer,2000,caliber,0.414825,0.38655,0.4382,6
laws,sparse_integer,2000,degree4,0.526875,0.50805,0.5748,6
laws,sparse_integer,2000,fourary,0.63015,0.52895,0.67135,6
laws,sparse_integer,2000,max_maxdegree,0.310775,0.27645,0.32875,6
laws,sparse_integer,2000,mean_degree,0.316425,0.279,0.32985,6
laws,sparse_integer,2000,mean_map,0.268,0.23505,0.2905,6
laws,sparse_integer,2000,mean_ring,0.249175,0.21975,0.2792,6
laws,sparse_integer,2000,radix,0.289475,0.2549,0.33495,6
laws,sparse_integer,2000,selected_grid,0.2329,0.21275,0.2488,6
laws,sparse_integer,2000,std_binary,0.45465,0.43025,0.4896,6
laws,sparse_near,2000,binary,0.308825,0.29245,0.3494,6
laws,sparse_near,2000,caliber,0.30485,0.3037,0.3512,6
laws,sparse_near,2000,degree4,0.348825,0.3389,0.37735,6
laws,sparse_near,2000,fourary,0.306525,0.2961,0.35145,6
laws,sparse_near,2000,max_maxdegree,0.178125,0.16705,0.1984,6
laws,sparse_near,2000,mean_degree,0.180425,0.16615,0.19035,6
laws,sparse_near,2000,mean_map,0.2347,0.22605,0.2539,6
laws,sparse_near,2000,mean_ring,0.224725,0.2116,0.2453,6
laws,sparse_near,2000,selected_grid,0.16685,0.16015,0.17935,6
laws,sparse_near,2000,std_binary,0.291625,0.2858,0.31655,6
laws,sparse_scale,2000,binary,0.4092,0.3906,0.48355,6
laws,sparse_scale,2000,caliber,0.35535,0.3416,0.37965,6
laws,sparse_scale,2000,degree4,0.457975,0.44785,0.49785,6
laws,sparse_scale,2000,fourary,0.420625,0.39185,0.4711,6
laws,sparse_scale,2000,max_maxdegree,0.299025,0.27705,0.33835,6
laws,sparse_scale,2000,mean_degree,0.301575,0.2807,0.34175,6
laws,sparse_scale,2000,mean_map,0.2689,0.23725,0.3165,6
laws,sparse_scale,2000,mean_ring,0.24575,0.2263,0.2574,6
laws,sparse_scale,2000,selected_grid,0.225325,0.2207,0.2556,6
laws,sparse_scale,2000,std_binary,0.405975,0.3865,0.4287,6
laws,sparse_shuffle,2000,binary,0.422925,0.3947,0.45465,6
laws,sparse_shuffle,2000,caliber,0.369275,0.335,0.3832,6
laws,sparse_shuffle,2000,degree4,0.471625,0.43605,0.5281,6
laws,sparse_shuffle,2000,fourary,0.433325,0.40375,0.449,6
laws,sparse_shuffle,2000,max_maxdegree,0.30495,0.2743,0.32545,6
laws,sparse_shuffle,2000,mean_degree,0.317575,0.2783,0.36265,6
laws,sparse_shuffle,2000,mean_map,0.2611,0.2381,0.27885,6
laws,sparse_shuffle,2000,mean_ring,0.240825,0.22545,0.25205,6
laws,sparse_shuffle,2000,selected_grid,0.245025,0.21435,0.2566,6
laws,sparse_shuffle,2000,std_binary,0.406225,0.3843,0.4292,6
laws,sparse_skew,2000,binary,0.418075,0.40875,0.4572,6
laws,sparse_skew,2000,caliber,0.384475,0.37415,0.426,6
laws,sparse_skew,2000,degree4,0.47095,0.4565,0.55615,6
laws,sparse_skew,2000,fourary,0.45615,0.41445,0.5311,6
laws,sparse_skew,2000,max_maxdegree,0.252325,0.22915,0.26205,6
laws,sparse_skew,2000,mean_degree,0.29285,0.27955,0.31875,6
laws,sparse_skew,2000,mean_map,0.251925,0.23705,0.27,6
laws,sparse_skew,2000,mean_ring,0.2456,0.2274,0.25005,6
laws,sparse_skew,2000,selected_grid,0.2594,0.23175,0.28045,6
laws,sparse_skew,2000,std_binary,0.41345,0.41065,0.4652,6
laws,sparse_uniform,2000,binary,0.42365,0.4074,0.453,6
laws,sparse_uniform,2000,caliber,0.365975,0.35735,0.3969,6
laws,sparse_uniform,2000,degree4,0.471575,0.4493,0.52885,6
laws,sparse_uniform,2000,fourary,0.4341,0.41465,0.4612,6
laws,sparse_uniform,2000,max_maxdegree,0.314575,0.2848,0.3211,6
laws,sparse_uniform,2000,mean_degree,0.312875,0.29155,0.3263,6
laws,sparse_uniform,2000,mean_map,0.2604,0.25175,0.2748,6
laws,sparse_uniform,2000,mean_ring,0.2438,0.22795,0.25485,6
laws,sparse_uniform,2000,selected_grid,0.2361,0.2262,0.2527,6
laws,sparse_uniform,2000,std_binary,0.40525,0.4002,0.44195,6
laws,sparse_zero,2000,binary,0.555225,0.53035,0.60425,6
laws,sparse_zero,2000,caliber,0.388525,0.36915,0.4278,6
laws,sparse_zero,2000,degree4,0.634575,0.6029,0.68645,6
laws,sparse_zero,2000,fourary,0.570925,0.5367,0.6906,6
laws,sparse_zero,2000,max_maxdegree,0.358625,0.34715,0.39435,6
laws,sparse_zero,2000,mean_degree,0.380525,0.34025,0.40125,6
laws,sparse_zero,2000,mean_map,0.500575,0.37845,0.5671,6
laws,sparse_zero,2000,mean_ring,0.487475,0.3591,0.52615,6
laws,sparse_zero,2000,selected_grid,0.37085,0.3213,0.4403,6
laws,sparse_zero,2000,std_binary,0.534875,0.50845,0.56965,6
layout,bfs,5000,binary,1.079775,1.0696,1.11655,6
layout,bfs,5000,caliber,0.951675,0.93095,1.0202,6
layout,bfs,5000,degree4,1.264,1.23575,1.30355,6
layout,bfs,5000,fourary,1.11425,1.0799,1.21925,6
layout,bfs,5000,max_maxdegree,0.70075,0.66785,0.7266,6
layout,bfs,5000,mean_degree,0.7023,0.6803,0.76775,6
layout,bfs,5000,mean_map,0.617775,0.5928,0.70315,6
layout,bfs,5000,mean_ring,0.5627,0.55745,0.5881,6
layout,bfs,5000,std_binary,1.060575,1.03345,1.14995,6
layout,bfs,100000,binary,49.464725,47.62045,59.48205,6
layout,bfs,100000,caliber,43.676625,42.47265,57.558,6
layout,bfs,100000,degree4,59.3625,58.2485,76.19435,6
layout,bfs,100000,fourary,48.46705,47.63985,65.24725,6
layout,bfs,100000,max_maxdegree,25.9126,25.6097,34.23765,6
layout,bfs,100000,mean_degree,26.0749,25.67255,33.40345,6
layout,bfs,100000,mean_map,26.6836,26.083,32.3892,6
layout,bfs,100000,mean_ring,25.959125,25.4827,33.1233,6
layout,bfs,100000,std_binary,47.50195,46.78975,60.69255,6
layout,destination,5000,binary,1.1321,1.0983,1.16385,6
layout,destination,5000,caliber,0.996775,0.9495,1.068,6
layout,destination,5000,degree4,1.292775,1.237,1.33235,6
layout,destination,5000,fourary,1.1254,1.0778,1.1646,6
layout,destination,5000,max_maxdegree,0.69705,0.66945,0.71515,6
layout,destination,5000,mean_degree,0.7085,0.6842,0.7265,6
layout,destination,5000,mean_map,0.782025,0.7369,0.79065,6
layout,destination,5000,mean_ring,0.730175,0.69405,0.7408,6
layout,destination,5000,std_binary,1.10475,1.0507,1.12065,6
layout,destination,100000,binary,51.11445,46.995,52.6017,6
layout,destination,100000,caliber,45.335325,42.61375,49.619,6
layout,destination,100000,degree4,60.76625,57.5744,65.6373,6
layout,destination,100000,fourary,49.850675,46.07015,52.99365,6
layout,destination,100000,max_maxdegree,26.210675,25.06215,29.8338,6
layout,destination,100000,mean_degree,25.899425,24.25585,27.62105,6
layout,destination,100000,mean_map,32.0258,29.83735,33.44065,6
layout,destination,100000,mean_ring,29.912625,29.19245,31.97725,6
layout,destination,100000,std_binary,48.735375,45.91975,52.38645,6
layout,random,5000,binary,1.1429,1.06705,1.1767,6
layout,random,5000,caliber,0.983275,0.92565,1.0152,6
layout,random,5000,degree4,1.303025,1.22385,1.39,6
layout,random,5000,fourary,1.134625,1.08905,1.1865,6
layout,random,5000,max_maxdegree,0.70785,0.66035,0.72015,6
layout,random,5000,mean_degree,0.694375,0.6664,0.7017,6
layout,random,5000,mean_map,0.768575,0.7356,0.7789,6
layout,random,5000,mean_ring,0.705325,0.678,0.71625,6
layout,random,5000,std_binary,1.11735,1.0271,1.1355,6
layout,random,100000,binary,49.090475,47.3147,52.79725,6
layout,random,100000,caliber,43.71785,42.09395,44.57755,6
layout,random,100000,degree4,59.0284,58.451,62.2929,6
layout,random,100000,fourary,48.481575,47.3718,49.8374,6
layout,random,100000,max_maxdegree,25.1675,24.5032,25.87195,6
layout,random,100000,mean_degree,25.58695,24.40905,26.47025,6
layout,random,100000,mean_map,30.871,29.5921,32.2553,6
layout,random,100000,mean_ring,29.3173,28.7232,30.31185,6
layout,random,100000,std_binary,46.9157,45.3064,49.07815,6
layout,rcm,5000,binary,1.1356,1.0956,1.27765,6
layout,rcm,5000,caliber,0.97855,0.9407,1.02375,6
layout,rcm,5000,degree4,1.27425,1.2523,1.31385,6
layout,rcm,5000,fourary,1.138375,1.0661,1.1463,6
layout,rcm,5000,max_maxdegree,0.70805,0.69895,0.7683,6
layout,rcm,5000,mean_degree,0.702025,0.6721,0.74755,6
layout,rcm,5000,mean_map,0.62955,0.59605,0.66035,6
layout,rcm,5000,mean_ring,0.587025,0.53085,0.6496,6
layout,rcm,5000,std_binary,1.07005,1.0478,1.15175,6
layout,rcm,100000,binary,51.444175,47.73815,53.6337,6
layout,rcm,100000,caliber,46.2595,43.27385,46.7421,6
layout,rcm,100000,degree4,62.388075,58.2247,64.87155,6
layout,rcm,100000,fourary,50.537125,47.9434,52.92285,6
layout,rcm,100000,max_maxdegree,26.867825,25.86385,28.7143,6
layout,rcm,100000,mean_degree,26.894375,24.2176,27.93955,6
layout,rcm,100000,mean_map,28.05295,26.2834,30.2667,6
layout,rcm,100000,mean_ring,27.329375,26.5008,28.2214,6
layout,rcm,100000,std_binary,49.375775,47.62065,50.60025,6
layout,weight,5000,binary,1.119575,1.08635,1.21925,6
layout,weight,5000,caliber,0.95925,0.9492,1.01075,6
layout,weight,5000,degree4,1.27235,1.23285,1.32475,6
layout,weight,5000,fourary,1.1628,1.09995,1.1867,6
layout,weight,5000,max_maxdegree,0.684525,0.6687,0.7526,6
layout,weight,5000,mean_degree,0.693225,0.67545,0.73565,6
layout,weight,5000,mean_map,0.6084,0.5891,0.6901,6
layout,weight,5000,mean_ring,0.556225,0.54305,0.6089,6
layout,weight,5000,std_binary,1.07055,1.04515,1.1341,6
layout,weight,100000,binary,47.046675,45.49635,50.4162,6
layout,weight,100000,caliber,42.11485,40.89595,45.43045,6
layout,weight,100000,degree4,57.2587,56.23775,61.2574,6
layout,weight,100000,fourary,46.670375,46.06535,50.6916,6
layout,weight,100000,max_maxdegree,24.0962,23.556,25.79595,6
layout,weight,100000,mean_degree,24.40855,23.65905,26.73325,6
layout,weight,100000,mean_map,25.3188,24.56085,27.3093,6
layout,weight,100000,mean_ring,24.352975,23.71795,26.68695,6
layout,weight,100000,std_binary,45.7762,45.00625,49.2811,6
roads,BAY,321270,binary,58.06475,56.51255,58.83435,6
roads,BAY,321270,caliber,43.63885,41.95425,45.8675,6
roads,BAY,321270,degree4,69.644275,68.1878,73.21205,6
roads,BAY,321270,fourary,59.668325,56.0551,60.90235,6
roads,BAY,321270,max_maxdegree,35.44825,34.8408,36.7479,6
roads,BAY,321270,mean_degree,43.950675,42.35235,45.0532,6
roads,BAY,321270,mean_map,41.309275,39.98915,42.0084,6
roads,BAY,321270,mean_ring,36.514175,35.49275,37.9547,6
roads,BAY,321270,radix,78.50275,77.7056,78.93485,6
roads,BAY,321270,selected_grid,35.017675,34.12455,36.05545,6
roads,BAY,321270,std_binary,54.7886,53.8506,58.21565,6
roads,COL,435666,binary,79.692,77.34865,81.8205,6
roads,COL,435666,caliber,60.832125,58.64975,61.8067,6
roads,COL,435666,degree4,95.28965,92.9684,99.81065,6
roads,COL,435666,fourary,79.4529,77.9858,80.9182,6
roads,COL,435666,max_maxdegree,50.522225,48.74025,51.40195,6
roads,COL,435666,mean_degree,62.256425,61.20445,64.2806,6
roads,COL,435666,mean_map,55.99335,55.3125,59.46095,6
roads,COL,435666,mean_ring,48.9149,48.53215,50.1612,6
roads,COL,435666,radix,107.2365,105.19815,112.6308,6
roads,COL,435666,selected_grid,49.1161,48.25355,50.97625,6
roads,COL,435666,std_binary,77.7513,74.6898,80.13615,6
roads,NY,264346,binary,53.1923,48.49615,59.805,6
roads,NY,264346,caliber,42.605175,39.7003,46.02195,6
roads,NY,264346,degree4,64.959225,60.86705,70.7787,6
roads,NY,264346,fourary,54.71455,50.87185,60.3825,6
roads,NY,264346,max_maxdegree,29.68175,28.7736,32.9904,6
roads,NY,264346,mean_degree,35.8693,34.292,40.2134,6
roads,NY,264346,mean_map,34.144575,33.56405,38.9774,6
roads,NY,264346,mean_ring,31.287675,30.2351,34.77045,6
roads,NY,264346,radix,66.9238,64.7566,76.36105,6
roads,NY,264346,selected_grid,29.71715,29.00135,32.3476,6
roads,NY,264346,std_binary,51.62155,47.0777,57.20655,6
scale,sparse_fast,10000,binary,2.964225,2.8612,3.17185,6
scale,sparse_fast,10000,caliber,2.621225,2.37215,2.6721,6
scale,sparse_fast,10000,degree4,3.48275,3.29505,3.9033,6
scale,sparse_fast,10000,fourary,2.964225,2.75985,3.17915,6
scale,sparse_fast,10000,max_maxdegree,1.8133,1.6299,1.88355,6
scale,sparse_fast,10000,mean_degree,1.725325,1.68735,2.0855,6
scale,sparse_fast,10000,mean_map,1.814075,1.57825,2.0895,6
scale,sparse_fast,10000,mean_ring,1.62335,1.3845,1.76475,6
scale,sparse_fast,10000,std_binary,2.846425,2.7107,2.96935,6
scale,sparse_fast,100000,binary,51.626225,44.96385,53.88245,6
scale,sparse_fast,100000,caliber,45.89935,41.03925,48.55615,6
scale,sparse_fast,100000,degree4,62.354975,54.48965,66.07505,6
scale,sparse_fast,100000,fourary,51.150425,44.3406,52.88885,6
scale,sparse_fast,100000,max_maxdegree,27.39155,22.50865,29.8146,6
scale,sparse_fast,100000,mean_degree,27.288725,24.12725,28.66585,6
scale,sparse_fast,100000,mean_map,28.409825,24.6372,29.79905,6
scale,sparse_fast,100000,mean_ring,27.621075,24.46105,29.31545,6
scale,sparse_fast,100000,std_binary,50.673575,43.30055,54.29865,6
scale,sparse_fast,1000000,binary,830.528125,781.0244,925.3407,6
scale,sparse_fast,1000000,caliber,779.672375,731.44005,858.7977,6
scale,sparse_fast,1000000,degree4,1006.561775,938.56515,1110.8709,6
scale,sparse_fast,1000000,fourary,801.000575,750.7868,892.3534,6
scale,sparse_fast,1000000,max_maxdegree,447.285775,426.21775,545.05475,6
scale,sparse_fast,1000000,mean_degree,450.579625,424.71215,515.71145,6
scale,sparse_fast,1000000,mean_map,449.357675,425.2982,496.8635,6
scale,sparse_fast,1000000,mean_ring,445.235225,422.2452,509.09275,6
scale,sparse_fast,1000000,std_binary,796.94345,769.26295,880.30155,6
