case,stage,family,n,m,seed,source,arm,round,position,ns,width,prep_ns
1,calibration,sparse_fast,100,469,42,0,grid_0.75,0,0,14200,38.66422658394275,400
1,calibration,sparse_fast,100,469,42,0,grid_1,0,1,12200,51.552302111923666,400
1,calibration,sparse_fast,100,469,42,0,grid_0.1,0,2,22400,5.155230211192367,400
1,calibration,sparse_fast,100,469,42,0,grid_2,0,3,11500,103.10460422384733,400
1,calibration,sparse_fast,100,469,42,0,grid_16,0,4,7900,824.8368337907787,400
1,calibration,sparse_fast,100,469,42,0,grid_0.25,0,5,18000,12.888075527980916,400
1,calibration,sparse_fast,100,469,42,0,grid_0.5,0,6,14800,25.776151055961833,400
1,calibration,sparse_fast,100,469,42,0,grid_0.03125,0,7,31900,1.6110094409976146,400
1,calibration,sparse_fast,100,469,42,0,grid_1.5,0,8,13600,77.3284531678855,400
1,calibration,sparse_fast,100,469,42,0,grid_4,0,9,9000,206.20920844769466,400
1,calibration,sparse_fast,100,469,42,0,grid_8,0,10,6900,412.4184168953893,400
1,calibration,sparse_fast,100,469,42,0,grid_0.05,0,11,25100,2.5776151055961836,400
1,calibration,sparse_fast,100,469,42,0,grid_0.05,1,0,18600,2.5776151055961836,400
1,calibration,sparse_fast,100,469,42,0,grid_8,1,1,8100,412.4184168953893,400
1,calibration,sparse_fast,100,469,42,0,grid_4,1,2,7600,206.20920844769466,400
1,calibration,sparse_fast,100,469,42,0,grid_1.5,1,3,15000,77.3284531678855,400
1,calibration,sparse_fast,100,469,42,0,grid_0.03125,1,4,32800,1.6110094409976146,400
1,calibration,sparse_fast,100,469,42,0,grid_0.5,1,5,15000,25.776151055961833,400
1,calibration,sparse_fast,100,469,42,0,grid_0.25,1,6,18900,12.888075527980916,400
1,calibration,sparse_fast,100,469,42,0,grid_16,1,7,8200,824.8368337907787,400
1,calibration,sparse_fast,100,469,42,0,grid_2,1,8,32900,103.10460422384733,400
1,calibration,sparse_fast,100,469,42,0,grid_0.1,1,9,21100,5.155230211192367,400
1,calibration,sparse_fast,100,469,42,0,grid_1,1,10,14100,51.552302111923666,400
1,calibration,sparse_fast,100,469,42,0,grid_0.75,1,11,15700,38.66422658394275,400
1,calibration,sparse_fast,100,469,42,0,grid_1,2,0,10300,51.552302111923666,400
1,calibration,sparse_fast,100,469,42,0,grid_0.75,2,1,9800,38.66422658394275,400
1,calibration,sparse_fast,100,469,42,0,grid_1.5,2,2,11800,77.3284531678855,400
1,calibration,sparse_fast,100,469,42,0,grid_4,2,3,8600,206.20920844769466,400
1,calibration,sparse_fast,100,469,42,0,grid_0.03125,2,4,27100,1.6110094409976146,400
1,calibration,sparse_fast,100,469,42,0,grid_0.05,2,5,21200,2.5776151055961836,400
1,calibration,sparse_fast,100,469,42,0,grid_0.25,2,6,17700,12.888075527980916,400
1,calibration,sparse_fast,100,469,42,0,grid_16,2,7,7800,824.8368337907787,400
1,calibration,sparse_fast,100,469,42,0,grid_0.1,2,8,18300,5.155230211192367,400
1,calibration,sparse_fast,100,469,42,0,grid_0.5,2,9,13900,25.776151055961833,400
1,calibration,sparse_fast,100,469,42,0,grid_8,2,10,7300,412.4184168953893,400
1,calibration,sparse_fast,100,469,42,0,grid_2,2,11,11700,103.10460422384733,400
1,calibration,sparse_fast,100,469,42,0,grid_2,3,0,7900,103.10460422384733,400
1,calibration,sparse_fast,100,469,42,0,grid_8,3,1,7900,412.4184168953893,400
1,calibration,sparse_fast,100,469,42,0,grid_0.5,3,2,10000,25.776151055961833,400
1,calibration,sparse_fast,100,469,42,0,grid_0.1,3,3,15500,5.155230211192367,400
1,calibration,sparse_fast,100,469,42,0,grid_16,3,4,7300,824.8368337907787,400
1,calibration,sparse_fast,100,469,42,0,grid_0.25,3,5,16000,12.888075527980916,400
1,calibration,sparse_fast,100,469,42,0,grid_0.05,3,6,21400,2.5776151055961836,400
1,calibration,sparse_fast,100,469,42,0,grid_0.03125,3,7,27100,1.6110094409976146,400
1,calibration,sparse_fast,100,469,42,0,grid_4,3,8,9200,206.20920844769466,400
1,calibration,sparse_fast,100,469,42,0,grid_1.5,3,9,13100,77.3284531678855,400
1,calibration,sparse_fast,100,469,42,0,grid_0.75,3,10,15600,38.66422658394275,400
1,calibration,sparse_fast,100,469,42,0,grid_1,3,11,13200,51.552302111923666,400
1,calibration,sparse_fast,100,469,42,0,grid_0.03125,4,0,23800,1.6110094409976146,400
1,calibration,sparse_fast,100,469,42,0,grid_0.1,4,1,17300,5.155230211192367,400
1,calibration,sparse_fast,100,469,42,0,grid_4,4,2,9000,206.20920844769466,400
1,calibration,sparse_fast,100,469,42,0,grid_2,4,3,9900,103.10460422384733,400
1,calibration,sparse_fast,100,469,42,0,grid_0.5,4,4,11500,25.776151055961833,400
1,calibration,sparse_fast,100,469,42,0,grid_8,4,5,7000,412.4184168953893,400
1,calibration,sparse_fast,100,469,42,0,grid_0.05,4,6,19300,2.5776151055961836,400
1,calibration,sparse_fast,100,469,42,0,grid_0.75,4,7,12200,38.66422658394275,400
1,calibration,sparse_fast,100,469,42,0,grid_1.5,4,8,10800,77.3284531678855,400
1,calibration,sparse_fast,100,469,42,0,grid_0.25,4,9,15100,12.888075527980916,400
1,calibration,sparse_fast,100,469,42,0,grid_16,4,10,6400,824.8368337907787,400
1,calibration,sparse_fast,100,469,42,0,grid_1,4,11,11300,51.552302111923666,400
1,calibration,sparse_fast,100,469,42,0,grid_1,5,0,6800,51.552302111923666,400
1,calibration,sparse_fast,100,469,42,0,grid_16,5,1,6200,824.8368337907787,400
1,calibration,sparse_fast,100,469,42,0,grid_0.25,5,2,10500,12.888075527980916,400
1,calibration,sparse_fast,100,469,42,0,grid_1.5,5,3,8600,77.3284531678855,400
1,calibration,sparse_fast,100,469,42,0,grid_0.75,5,4,9700,38.66422658394275,400
1,calibration,sparse_fast,100,469,42,0,grid_0.05,5,5,17200,2.5776151055961836,400
1,calibration,sparse_fast,100,469,42,0,grid_8,5,6,6100,412.4184168953893,400
1,calibration,sparse_fast,100,469,42,0,grid_0.5,5,7,10300,25.776151055961833,400
1,calibration,sparse_fast,100,469,42,0,grid_2,5,8,9100,103.10460422384733,400
1,calibration,sparse_fast,100,469,42,0,grid_4,5,9,7400,206.20920844769466,400
1,calibration,sparse_fast,100,469,42,0,grid_0.1,5,10,15600,5.155230211192367,400
1,calibration,sparse_fast,100,469,42,0,grid_0.03125,5,11,23500,1.6110094409976146,400
1,smoke,sparse_fast,100,469,42,0,binary,0,0,14400,0,0
1,smoke,sparse_fast,100,469,42,0,fourary,0,1,14000,0,0
1,smoke,sparse_fast,100,469,42,0,mean_sqrtdegree,0,2,15900,23.804641343134683,400
1,smoke,sparse_fast,100,469,42,0,sd,0,3,14500,28.14871466100286,8900
1,smoke,sparse_fast,100,469,42,0,original_mean,0,4,11100,51.552302111923666,0
1,smoke,sparse_fast,100,469,42,0,mean_ring,0,5,12000,51.552302111923666,400
1,smoke,sparse_fast,100,469,42,0,heavy_only,0,6,12200,51.552302111923666,400
1,smoke,sparse_fast,100,469,42,0,selected_grid,0,7,11500,412.4184168953893,1065000
1,smoke,sparse_fast,100,469,42,0,max_maxdegree,0,8,17900,12.459250994472354,1300
1,smoke,sparse_fast,100,469,42,0,mean_map,0,9,10400,51.552302111923666,400
1,smoke,sparse_fast,100,469,42,0,std_binary,0,10,10200,0,0
1,smoke,sparse_fast,100,469,42,0,degree4,0,11,14800,0,5800
1,smoke,sparse_fast,100,469,42,0,caliber,0,12,12400,0,1900
1,smoke,sparse_fast,100,469,42,0,list_both,0,13,12200,51.552302111923666,400
1,smoke,sparse_fast,100,469,42,0,mean_degree,0,14,18200,10.991962070772635,400
1,smoke,sparse_fast,100,469,42,0,skip_only,0,15,11600,51.552302111923666,400
1,smoke,sparse_fast,100,469,42,0,median,0,16,12600,54.394396656336156,8400
1,smoke,sparse_fast,100,469,42,0,median,1,0,7900,54.394396656336156,8400
1,smoke,sparse_fast,100,469,42,0,skip_only,1,1,8400,51.552302111923666,400
1,smoke,sparse_fast,100,469,42,0,mean_degree,1,2,13300,10.991962070772635,400
1,smoke,sparse_fast,100,469,42,0,list_both,1,3,10200,51.552302111923666,400
1,smoke,sparse_fast,100,469,42,0,caliber,1,4,9500,0,1900
1,smoke,sparse_fast,100,469,42,0,degree4,1,5,12900,0,5800
1,smoke,sparse_fast,100,469,42,0,std_binary,1,6,10300,0,0
1,smoke,sparse_fast,100,469,42,0,mean_map,1,7,10700,51.552302111923666,400
1,smoke,sparse_fast,100,469,42,0,max_maxdegree,1,8,16800,12.459250994472354,1300
1,smoke,sparse_fast,100,469,42,0,selected_grid,1,9,11500,412.4184168953893,1065000
1,smoke,sparse_fast,100,469,42,0,heavy_only,1,10,11100,51.552302111923666,400
1,smoke,sparse_fast,100,469,42,0,mean_ring,1,11,11000,51.552302111923666,400
1,smoke,sparse_fast,100,469,42,0,original_mean,1,12,12100,51.552302111923666,0
1,smoke,sparse_fast,100,469,42,0,sd,1,13,15300,28.14871466100286,8900
1,smoke,sparse_fast,100,469,42,0,mean_sqrtdegree,1,14,15000,23.804641343134683,400
1,smoke,sparse_fast,100,469,42,0,fourary,1,15,14300,0,0
1,smoke,sparse_fast,100,469,42,0,binary,1,16,17100,0,0
1,smoke,sparse_fast,100,469,42,33,mean_map,0,0,14200,51.552302111923666,400
1,smoke,sparse_fast,100,469,42,33,original_mean,0,1,13200,51.552302111923666,0
1,smoke,sparse_fast,100,469,42,33,sd,0,2,15800,28.14871466100286,8900
1,smoke,sparse_fast,100,469,42,33,caliber,0,3,10600,0,1900
1,smoke,sparse_fast,100,469,42,33,selected_grid,0,4,10100,412.4184168953893,1065000
1,smoke,sparse_fast,100,469,42,33,std_binary,0,5,11800,0,0
1,smoke,sparse_fast,100,469,42,33,mean_ring,0,6,13900,51.552302111923666,400
1,smoke,sparse_fast,100,469,42,33,heavy_only,0,7,13700,51.552302111923666,400
1,smoke,sparse_fast,100,469,42,33,median,0,8,13600,54.394396656336156,8400
1,smoke,sparse_fast,100,469,42,33,mean_degree,0,9,19000,10.991962070772635,400
1,smoke,sparse_fast,100,469,42,33,mean_sqrtdegree,0,10,15800,23.804641343134683,400
1,smoke,sparse_fast,100,469,42,33,fourary,0,11,13900,0,0
1,smoke,sparse_fast,100,469,42,33,list_both,0,12,15000,51.552302111923666,400
1,smoke,sparse_fast,100,469,42,33,max_maxdegree,0,13,18000,12.459250994472354,1300
1,smoke,sparse_fast,100,469,42,33,skip_only,0,14,13300,51.552302111923666,400
1,smoke,sparse_fast,100,469,42,33,binary,0,15,13300,0,0
1,smoke,sparse_fast,100,469,42,33,degree4,0,16,13500,0,5800
1,smoke,sparse_fast,100,469,42,33,degree4,1,0,8700,0,5800
1,smoke,sparse_fast,100,469,42,33,binary,1,1,8800,0,0
1,smoke,sparse_fast,100,469,42,33,skip_only,1,2,9900,51.552302111923666,400
1,smoke,sparse_fast,100,469,42,33,max_maxdegree,1,3,13400,12.459250994472354,1300
1,smoke,sparse_fast,100,469,42,33,list_both,1,4,11200,51.552302111923666,400
1,smoke,sparse_fast,100,469,42,33,fourary,1,5,10800,0,0
1,smoke,sparse_fast,100,469,42,33,mean_sqrtdegree,1,6,14300,23.804641343134683,400
1,smoke,sparse_fast,100,469,42,33,mean_degree,1,7,16100,10.991962070772635,400
1,smoke,sparse_fast,100,469,42,33,median,1,8,12700,54.394396656336156,8400
1,smoke,sparse_fast,100,469,42,33,heavy_only,1,9,11500,51.552302111923666,400
1,smoke,sparse_fast,100,469,42,33,mean_ring,1,10,11800,51.552302111923666,400
1,smoke,sparse_fast,100,469,42,33,std_binary,1,11,11100,0,0
1,smoke,sparse_fast,100,469,42,33,selected_grid,1,12,10600,412.4184168953893,1065000
1,smoke,sparse_fast,100,469,42,33,caliber,1,13,9400,0,1900
1,smoke,sparse_fast,100,469,42,33,sd,1,14,14200,28.14871466100286,8900
1,smoke,sparse_fast,100,469,42,33,original_mean,1,15,12200,51.552302111923666,0
1,smoke,sparse_fast,100,469,42,33,mean_map,1,16,10800,51.552302111923666,400
