case,training_source,multiplier,median_ns,total_calibration_ns,selected
1,0,0.03125,240200,13309200,false
1,0,0.05,215450,13309200,false
1,0,0.1,194650,13309200,false
1,0,0.25,186900,13309200,false
1,0,0.5,178250,13309200,false
1,0,0.75,172600,13309200,false
1,0,1,162550,13309200,false
1,0,1.5,168050,13309200,false
1,0,2,138300,13309200,true
1,0,4,171600,13309200,false
1,0,8,172450,13309200,false
1,0,16,182400,13309200,false
2,0,0.03125,411450,22441200,false
2,0,0.05,366950,22441200,false
2,0,0.1,341250,22441200,false
2,0,0.25,323500,22441200,false
2,0,0.5,285700,22441200,false
2,0,0.75,275000,22441200,false
2,0,1,318350,22441200,false
2,0,1.5,251800,22441200,false
2,0,2,227050,22441200,true
2,0,4,246050,22441200,false
2,0,8,256050,22441200,false
2,0,16,263950,22441200,false
3,0,0.03125,1053800,61987800,false
3,0,0.05,1000100,61987800,false
3,0,0.1,938200,61987800,false
3,0,0.25,811350,61987800,false
3,0,0.5,776750,61987800,false
3,0,0.75,711300,61987800,false
3,0,1,813700,61987800,false
3,0,1.5,703500,61987800,false
3,0,2,637450,61987800,true
3,0,4,730600,61987800,false
3,0,8,852700,61987800,false
3,0,16,927600,61987800,false
4,0,0.03125,1778200,109618600,false
4,0,0.05,1596800,109618600,false
4,0,0.1,1512850,109618600,false
4,0,0.25,1431150,109618600,false
4,0,0.5,1364950,109618600,false
4,0,0.75,1403750,109618600,false
4,0,1,1424200,109618600,false
4,0,1.5,1367150,109618600,false
4,0,2,1241100,109618600,true
4,0,4,1356850,109618600,false
4,0,8,1678950,109618600,false
4,0,16,1649700,109618600,false
5,0,0.03125,450400,23012700,false
5,0,0.05,404000,23012700,false
5,0,0.1,351800,23012700,false
5,0,0.25,330500,23012700,false
5,0,0.5,285150,23012700,false
5,0,0.75,278050,23012700,false
5,0,1,280300,23012700,false
5,0,1.5,255450,23012700,false
5,0,2,281200,23012700,false
5,0,4,256850,23012700,false
5,0,8,269200,23012700,false
5,0,16,252550,23012700,true
6,0,0.03125,876400,47909500,false
6,0,0.05,855550,47909500,false
6,0,0.1,692350,47909500,false
6,0,0.25,606950,47909500,false
6,0,0.5,574400,47909500,false
6,0,0.75,583650,47909500,false
6,0,1,559950,47909500,false
6,0,1.5,549400,47909500,false
6,0,2,547650,47909500,true
6,0,4,555800,47909500,false
6,0,8,618900,47909500,false
6,0,16,567550,47909500,false
7,0,0.03125,2091750,129584300,false
7,0,0.05,1903650,129584300,false
7,0,0.1,1810600,129584300,false
7,0,0.25,1724150,129584300,false
7,0,0.5,1595250,129584300,false
7,0,0.75,1609550,129584300,false
7,0,1,1733450,129584300,false
7,0,1.5,1540200,129584300,false
7,0,2,1507150,129584300,true
7,0,4,1928850,129584300,false
7,0,8,1640350,129584300,false
7,0,16,1741450,129584300,false
8,0,0.03125,4593450,307089800,false
8,0,0.05,4377800,307089800,false
8,0,0.1,4380750,307089800,false
8,0,0.25,3920900,307089800,false
8,0,0.5,3989000,307089800,false
8,0,0.75,4100300,307089800,false
8,0,1,3946600,307089800,false
8,0,1.5,4183950,307089800,false
8,0,2,3670350,307089800,true
8,0,4,3874700,307089800,false
8,0,8,4108700,307089800,false
8,0,16,4539850,307089800,false
9,0,0.03125,813600,66801800,false
9,0,0.05,798800,66801800,false
9,0,0.1,750650,66801800,false
9,0,0.25,694150,66801800,true
9,0,0.5,831750,66801800,false
9,0,0.75,923200,66801800,false
9,0,1,968100,66801800,false
9,0,1.5,939000,66801800,false
9,0,2,982000,66801800,false
9,0,4,996600,66801800,false
9,0,8,1005400,66801800,false
9,0,16,918300,66801800,false
10,0,0.03125,2765300,227093200,false
10,0,0.05,2482850,227093200,false
10,0,0.1,2440300,227093200,true
10,0,0.25,2632100,227093200,false
10,0,0.5,3017650,227093200,false
10,0,0.75,3192800,227093200,false
10,0,1,3201650,227093200,false
10,0,1.5,3541450,227093200,false
10,0,2,3447150,227093200,false
10,0,4,3404150,227093200,false
10,0,8,3356600,227093200,false
10,0,16,3376050,227093200,false
11,0,0.03125,15820650,1330278100,false
11,0,0.05,15112000,1330278100,true
11,0,0.1,15481800,1330278100,false
11,0,0.25,17250050,1330278100,false
11,0,0.5,18382750,1330278100,false
11,0,0.75,19362550,1330278100,false
11,0,1,18764750,1330278100,false
11,0,1.5,19917150,1330278100,false
11,0,2,20183650,1330278100,false
11,0,4,20267150,1330278100,false
11,0,8,20269700,1330278100,false
11,0,16,20236100,1330278100,false
19,0,0.03125,200450,11986000,false
19,0,0.05,186100,11986000,false
19,0,0.1,170000,11986000,false
19,0,0.25,157650,11986000,false
19,0,0.5,135750,11986000,false
19,0,0.75,139050,11986000,false
19,0,1,126250,11986000,false
19,0,1.5,123850,11986000,false
19,0,2,110600,11986000,true
19,0,4,119950,11986000,false
19,0,8,118700,11986000,false
19,0,16,119300,11986000,false
20,0,0.03125,377950,20661900,false
20,0,0.05,343150,20661900,false
20,0,0.1,344550,20661900,false
20,0,0.25,289150,20661900,false
20,0,0.5,258000,20661900,false
20,0,0.75,246300,20661900,false
20,0,1,241500,20661900,false
20,0,1.5,242900,20661900,false
20,0,2,216650,20661900,true
20,0,4,217250,20661900,false
20,0,8,274100,20661900,false
20,0,16,279400,20661900,false
21,0,0.03125,843650,51164800,false
21,0,0.05,823450,51164800,false
21,0,0.1,734050,51164800,false
21,0,0.25,656500,51164800,false
21,0,0.5,705200,51164800,false
21,0,0.75,640300,51164800,false
21,0,1,637500,51164800,false
21,0,1.5,569450,51164800,false
21,0,2,547050,51164800,false
21,0,4,516700,51164800,true
21,0,8,690700,51164800,false
21,0,16,695700,51164800,false
22,0,0.03125,1594150,103553900,false
22,0,0.05,1516050,103553900,false
22,0,0.1,1517900,103553900,false
22,0,0.25,1412750,103553900,false
22,0,0.5,1392450,103553900,false
22,0,0.75,1302600,103553900,false
22,0,1,1344950,103553900,false
22,0,1.5,1220500,103553900,false
22,0,2,1162500,103553900,true
22,0,4,1377050,103553900,false
22,0,8,1365550,103553900,false
22,0,16,1586950,103553900,false
23,0,0.03125,423300,21474700,false
23,0,0.05,384150,21474700,false
23,0,0.1,327650,21474700,false
23,0,0.25,291500,21474700,false
23,0,0.5,277050,21474700,false
23,0,0.75,259750,21474700,false
23,0,1,262850,21474700,false
23,0,1.5,241950,21474700,false
23,0,2,257050,21474700,false
23,0,4,239450,21474700,false
23,0,8,234100,21474700,true
23,0,16,243900,21474700,false
24,0,0.03125,814100,46003700,false
24,0,0.05,742300,46003700,false
24,0,0.1,638500,46003700,false
24,0,0.25,590000,46003700,false
24,0,0.5,542650,46003700,false
24,0,0.75,572300,46003700,false
24,0,1,536600,46003700,false
24,0,1.5,523150,46003700,false
24,0,2,498150,46003700,true
24,0,4,516800,46003700,false
24,0,8,551050,46003700,false
24,0,16,549850,46003700,false
25,0,0.03125,1973350,121663600,false
25,0,0.05,1885400,121663600,false
25,0,0.1,1789700,121663600,false
25,0,0.25,1625600,121663600,false
25,0,0.5,1530100,121663600,false
25,0,0.75,1676550,121663600,false
25,0,1,1432350,121663600,true
25,0,1.5,1470650,121663600,false
25,0,2,1471850,121663600,false
25,0,4,1756200,121663600,false
25,0,8,1469250,121663600,false
25,0,16,1596900,121663600,false
26,0,0.03125,4922650,302950300,false
26,0,0.05,4574700,302950300,false
26,0,0.1,4143850,302950300,false
26,0,0.25,4068550,302950300,false
26,0,0.5,3919050,302950300,false
26,0,0.75,4184500,302950300,false
26,0,1,3890200,302950300,false
26,0,1.5,4014700,302950300,false
26,0,2,3883650,302950300,true
26,0,4,4158900,302950300,false
26,0,8,4004850,302950300,false
26,0,16,4299000,302950300,false
27,0,0.03125,778950,60171600,false
27,0,0.05,722200,60171600,false
27,0,0.1,725250,60171600,false
27,0,0.25,664200,60171600,true
27,0,0.5,767400,60171600,false
27,0,0.75,826050,60171600,false
27,0,1,848100,60171600,false
27,0,1.5,896850,60171600,false
27,0,2,859750,60171600,false
27,0,4,936600,60171600,false
27,0,8,860500,60171600,false
27,0,16,866400,60171600,false
28,0,0.03125,2573750,214494900,false
28,0,0.05,2517950,214494900,true
28,0,0.1,2545150,214494900,false
28,0,0.25,2604450,214494900,false
28,0,0.5,2808550,214494900,false
28,0,0.75,2962500,214494900,false
28,0,1,3255650,214494900,false
28,0,1.5,3121950,214494900,false
28,0,2,3094350,214494900,false
28,0,4,3184000,214494900,false
28,0,8,3113500,214494900,false
28,0,16,3142500,214494900,false
29,0,0.03125,13301300,1153019200,true
29,0,0.05,13406150,1153019200,false
29,0,0.1,13482650,1153019200,false
29,0,0.25,15119300,1153019200,false
29,0,0.5,15643550,1153019200,false
29,0,0.75,16346350,1153019200,false
29,0,1,16299750,1153019200,false
29,0,1.5,17314600,1153019200,false
29,0,2,17523400,1153019200,false
29,0,4,17236950,1153019200,false
29,0,8,17625700,1153019200,false
29,0,16,17455800,1153019200,false
37,0,0.03125,157800,8387200,false
37,0,0.05,147700,8387200,false
37,0,0.1,127750,8387200,false
37,0,0.25,114550,8387200,false
37,0,0.5,121650,8387200,false
37,0,0.75,98900,8387200,false
37,0,1,97250,8387200,false
37,0,1.5,92450,8387200,false
37,0,2,91200,8387200,false
37,0,4,91700,8387200,false
37,0,8,89550,8387200,false
37,0,16,88950,8387200,true
38,0,0.03125,272800,14816400,false
38,0,0.05,249450,14816400,false
38,0,0.1,232600,14816400,false
38,0,0.25,212700,14816400,false
38,0,0.5,197550,14816400,false
38,0,0.75,184850,14816400,false
38,0,1,180000,14816400,false
38,0,1.5,177750,14816400,false
38,0,2,164750,14816400,true
38,0,4,171300,14816400,false
38,0,8,209200,14816400,false
38,0,16,207150,14816400,false
39,0,0.03125,651000,37033000,false
39,0,0.05,611350,37033000,false
39,0,0.1,573300,37033000,false
39,0,0.25,519050,37033000,false
39,0,0.5,490450,37033000,false
39,0,0.75,469500,37033000,false
39,0,1,465500,37033000,false
39,0,1.5,449400,37033000,false
39,0,2,414950,37033000,false
39,0,4,407150,37033000,true
39,0,8,509600,37033000,false
39,0,16,496300,37033000,false
40,0,0.03125,1262150,80515700,false
40,0,0.05,1197400,80515700,false
40,0,0.1,1176150,80515700,false
40,0,0.25,1054900,80515700,false
40,0,0.5,1032050,80515700,false
40,0,0.75,1011650,80515700,false
40,0,1,985050,80515700,false
40,0,1.5,983650,80515700,false
40,0,2,866100,80515700,true
40,0,4,888050,80515700,false
40,0,8,1259700,80515700,false
40,0,16,1270800,80515700,false
41,0,0.03125,329700,16716000,false
41,0,0.05,298100,16716000,false
41,0,0.1,261550,16716000,false
41,0,0.25,230500,16716000,false
41,0,0.5,209700,16716000,false
41,0,0.75,203700,16716000,false
41,0,1,206350,16716000,false
41,0,1.5,192450,16716000,false
41,0,2,187550,16716000,true
41,0,4,200300,16716000,false
41,0,8,196500,16716000,false
41,0,16,199450,16716000,false
42,0,0.03125,597650,32831400,false
42,0,0.05,556550,32831400,false
42,0,0.1,494800,32831400,false
42,0,0.25,459200,32831400,false
42,0,0.5,411700,32831400,false
42,0,0.75,408500,32831400,false
42,0,1,403750,32831400,false
42,0,1.5,384500,32831400,true
42,0,2,385200,32831400,false
42,0,4,385600,32831400,false
42,0,8,425150,32831400,false
42,0,16,388250,32831400,false
43,0,0.03125,1544600,94084900,false
43,0,0.05,1464950,94084900,false
43,0,0.1,1338700,94084900,false
43,0,0.25,1240050,94084900,false
43,0,0.5,1190650,94084900,false
43,0,0.75,1142950,94084900,false
43,0,1,1114750,94084900,false
43,0,1.5,1140300,94084900,false
43,0,2,1111650,94084900,true
43,0,4,1348350,94084900,false
43,0,8,1190400,94084900,false
43,0,16,1242450,94084900,false
44,0,0.03125,3489350,226649800,false
44,0,0.05,3531500,226649800,false
44,0,0.1,3425050,226649800,false
44,0,0.25,3273450,226649800,false
44,0,0.5,2846100,226649800,false
44,0,0.75,2832550,226649800,false
44,0,1,2776900,226649800,false
44,0,1.5,2816700,226649800,false
44,0,2,2728900,226649800,true
44,0,4,3011300,226649800,false
44,0,8,3341400,226649800,false
44,0,16,3384300,226649800,false
45,0,0.03125,590450,47418800,false
45,0,0.05,569350,47418800,false
45,0,0.1,530700,47418800,false
45,0,0.25,485900,47418800,true
45,0,0.5,628500,47418800,false
45,0,0.75,656300,47418800,false
45,0,1,692250,47418800,false
45,0,1.5,701900,47418800,false
45,0,2,704250,47418800,false
45,0,4,701800,47418800,false
45,0,8,702200,47418800,false
45,0,16,710100,47418800,false
46,0,0.03125,2133250,171680600,false
46,0,0.05,1915000,171680600,false
46,0,0.1,1831950,171680600,true
46,0,0.25,2011500,171680600,false
46,0,0.5,2313350,171680600,false
46,0,0.75,2433500,171680600,false
46,0,1,2409750,171680600,false
46,0,1.5,2527700,171680600,false
46,0,2,2555100,171680600,false
46,0,4,2526400,171680600,false
46,0,8,2528750,171680600,false
46,0,16,2488750,171680600,false
47,0,0.03125,12906750,1110687600,false
47,0,0.05,12564400,1110687600,true
47,0,0.1,13217050,1110687600,false
47,0,0.25,14035400,1110687600,false
47,0,0.5,15562550,1110687600,false
47,0,0.75,15785300,1110687600,false
47,0,1,16598850,1110687600,false
47,0,1.5,16717650,1110687600,false
47,0,2,16704300,1110687600,false
47,0,4,17091150,1110687600,false
47,0,8,17553200,1110687600,false
47,0,16,16203150,1110687600,false
