case,source,arm,pushes,pops,comparisons,peak,scans,scouts,scout_scans,scout_yield,improvements,superseded,phases,vertex_scans,unchanged,heavy,max_phase_scans,admitted,potential_work,budget
1,333,std_binary,0,0,0,0,0,0,0,0,0,0,0,0,0,0,0,0,0,0
1,333,binary,839,839,10485,177,1583,0,0,0,838,53,0,786,0,0,0,0,0,0
1,333,fourary,839,839,11527,177,1583,0,0,0,838,53,0,786,0,0,0,0,0,0
1,333,mean_map,826,826,0,0,3171,0,0,0,825,14,17,789,23,784,175,0,0,0
1,333,mean_ring,826,826,0,0,3171,0,0,0,825,14,17,789,23,784,175,0,0,0
1,333,mean_degree,828,828,0,0,3166,0,0,0,827,28,32,786,14,1185,93,0,0,0
1,333,max_maxdegree,835,835,0,0,3166,0,0,0,834,41,58,786,8,1395,48,0,0,0
1,333,caliber,548,548,6786,188,1583,0,0,0,852,67,0,786,0,0,0,0,0,0
1,333,degree4,880,880,11885,258,1583,362,684,378,879,94,0,786,0,0,0,1663,3090,18446744073709551615
1,333,selected_grid,904,904,0,0,3239,0,0,0,903,24,5,824,56,0,503,0,0,0
1,666,std_binary,0,0,0,0,0,0,0,0,0,0,0,0,0,0,0,0,0,0
1,666,binary,848,848,10431,158,1583,0,0,0,847,62,0,786,0,0,0,0,0,0
1,666,fourary,848,848,11528,158,1583,0,0,0,847,62,0,786,0,0,0,0,0,0
1,666,mean_map,832,832,0,0,3170,0,0,0,831,15,16,787,30,784,139,0,0,0
1,666,mean_ring,832,832,0,0,3170,0,0,0,831,15,16,787,30,784,139,0,0,0
1,666,mean_degree,841,841,0,0,3172,0,0,0,840,34,30,788,19,1185,69,0,0,0
1,666,max_maxdegree,843,843,0,0,3170,0,0,0,842,40,53,787,16,1395,41,0,0,0
1,666,caliber,557,557,6802,168,1583,0,0,0,873,88,0,786,0,0,0,0,0,0
1,666,degree4,885,885,11883,235,1583,366,678,391,884,99,0,786,0,0,0,1663,3090,18446744073709551615
1,666,selected_grid,900,900,0,0,3229,0,0,0,899,34,4,819,47,0,445,0,0,0
2,333,std_binary,0,0,0,0,0,0,0,0,0,0,0,0,0,0,0,0,0,0
2,333,binary,1296,1296,20620,552,3895,0,0,0,1295,313,0,983,0,0,0,0,0,0
2,333,fourary,1296,1296,22112,552,3895,0,0,0,1295,313,0,983,0,0,0,0,0,0
2,333,mean_map,1237,1237,0,0,7925,0,0,0,1236,91,8,1017,129,1959,403,0,0,0
2,333,mean_ring,1237,1237,0,0,7925,0,0,0,1236,91,8,1017,129,1959,403,0,0,0
2,333,mean_degree,1290,1290,0,0,7802,0,0,0,1289,253,29,987,50,3410,126,0,0,0
2,333,max_maxdegree,1292,1292,0,0,7790,0,0,0,1291,281,42,983,28,3601,80,0,0,0
2,333,caliber,987,987,15518,564,3895,0,0,0,1342,360,0,983,0,0,0,0,0,0
2,333,degree4,1390,1390,23036,670,3895,226,626,294,1389,407,0,983,0,0,0,1055,2861,18446744073709551615
2,333,selected_grid,1536,1536,0,0,8213,0,0,0,1535,158,2,1097,281,0,551,0,0,0
2,666,std_binary,0,0,0,0,0,0,0,0,0,0,0,0,0,0,0,0,0,0
2,666,binary,1313,1313,20949,586,3895,0,0,0,1312,330,0,983,0,0,0,0,0,0
2,666,fourary,1313,1313,22384,586,3895,0,0,0,1312,330,0,983,0,0,0,0,0,0
2,666,mean_map,1230,1230,0,0,7891,0,0,0,1229,99,8,1007,124,1959,390,0,0,0
2,666,mean_ring,1230,1230,0,0,7891,0,0,0,1229,99,8,1007,124,1959,390,0,0,0
2,666,mean_degree,1293,1293,0,0,7798,0,0,0,1292,257,28,986,50,3410,120,0,0,0
2,666,max_maxdegree,1305,1305,0,0,7793,0,0,0,1304,286,41,984,35,3601,83,0,0,0
2,666,caliber,1011,1011,15929,607,3895,0,0,0,1361,379,0,983,0,0,0,0,0,0
2,666,degree4,1428,1428,23810,724,3895,240,625,313,1427,445,0,983,0,0,0,1055,2861,18446744073709551615
2,666,selected_grid,1549,1549,0,0,8215,0,0,0,1548,161,2,1093,295,0,556,0,0,0
3,333,std_binary,0,0,0,0,0,0,0,0,0,0,0,0,0,0,0,0,0,0
3,333,binary,1815,1815,32218,1076,7994,0,0,0,1814,816,0,999,0,0,0,0,0,0
3,333,fourary,1815,1815,33872,1076,7994,0,0,0,1814,816,0,999,0,0,0,0,0,0
3,333,mean_map,1680,1680,0,0,16724,0,0,0,1679,285,4,1095,300,4000,718,0,0,0
3,333,mean_ring,1680,1680,0,0,16724,0,0,0,1679,285,4,1095,300,4000,718,0,0,0
3,333,mean_degree,1779,1779,0,0,15988,0,0,0,1778,721,31,999,59,7568,119,0,0,0
3,333,max_maxdegree,1806,1806,0,0,15988,0,0,0,1805,759,41,999,48,7689,87,0,0,0
3,333,caliber,1564,1564,27676,1159,7994,0,0,0,1901,903,0,999,0,0,0,0,0,0
3,333,degree4,1818,1818,32338,1079,7994,4,12,3,1817,819,0,999,0,0,0,23,71,18446744073709551615
3,333,selected_grid,2212,2212,0,0,17134,0,0,0,2211,545,2,1147,520,0,797,0,0,0
3,666,std_binary,0,0,0,0,0,0,0,0,0,0,0,0,0,0,0,0,0,0
3,666,binary,1789,1789,31860,1070,7994,0,0,0,1788,790,0,999,0,0,0,0,0,0
3,666,fourary,1789,1789,33362,1070,7994,0,0,0,1788,790,0,999,0,0,0,0,0,0
3,666,mean_map,1631,1631,0,0,16674,0,0,0,1630,255,4,1086,290,4000,755,0,0,0
3,666,mean_ring,1631,1631,0,0,16674,0,0,0,1630,255,4,1086,290,4000,755,0,0,0
3,666,mean_degree,1786,1786,0,0,15988,0,0,0,1785,741,29,999,46,7568,131,0,0,0
3,666,max_maxdegree,1766,1766,0,0,15988,0,0,0,1765,729,38,999,38,7689,104,0,0,0
3,666,caliber,1518,1518,26826,1124,7994,0,0,0,1854,856,0,999,0,0,0,0,0,0
3,666,degree4,1794,1794,31967,1076,7994,8,23,9,1793,795,0,999,0,0,0,23,71,18446744073709551615
3,666,selected_grid,2416,2416,0,0,17744,0,0,0,2415,731,2,1227,458,0,943,0,0,0
4,333,std_binary,0,0,0,0,0,0,0,0,0,0,0,0,0,0,0,0,0,0
4,333,binary,2332,2332,44571,1651,15852,0,0,0,2331,1332,0,1000,0,0,0,0,0,0
4,333,fourary,2332,2332,46098,1651,15852,0,0,0,2331,1332,0,1000,0,0,0,0,0,0
4,333,mean_map,2274,2274,0,0,34381,0,0,0,2273,695,2,1177,402,7938,978,0,0,0
4,333,mean_ring,2274,2274,0,0,34381,0,0,0,2273,695,2,1177,402,7938,978,0,0,0
4,333,mean_degree,2348,2348,0,0,31721,0,0,0,2347,1288,42,1001,59,15488,119,0,0,0
4,333,max_maxdegree,2351,2351,0,0,31704,0,0,0,2350,1284,37,1000,67,15422,133,0,0,0
4,333,caliber,2083,2083,39424,1705,15852,0,0,0,2405,1406,0,1000,0,0,0,0,0,0
4,333,degree4,2332,2332,44571,1651,15852,0,0,0,2331,1332,0,1000,0,0,0,0,0,18446744073709551615
4,333,selected_grid,2038,2038,0,0,33378,0,0,0,2037,648,5,1106,284,11935,823,0,0,0
4,666,std_binary,0,0,0,0,0,0,0,0,0,0,0,0,0,0,0,0,0,0
4,666,binary,2371,2371,45102,1642,15852,0,0,0,2370,1371,0,1000,0,0,0,0,0,0
4,666,fourary,2371,2371,46867,1642,15852,0,0,0,2370,1371,0,1000,0,0,0,0,0,0
4,666,mean_map,2162,2162,0,0,33694,0,0,0,2161,425,3,1126,611,7938,624,0,0,0
4,666,mean_ring,2162,2162,0,0,33694,0,0,0,2161,425,3,1126,611,7938,624,0,0,0
4,666,mean_degree,2367,2367,0,0,31721,0,0,0,2366,1317,46,1001,49,15488,124,0,0,0
4,666,max_maxdegree,2352,2352,0,0,31704,0,0,0,2351,1296,40,1000,56,15422,138,0,0,0
4,666,caliber,2108,2108,39818,1691,15852,0,0,0,2441,1442,0,1000,0,0,0,0,0,0
4,666,degree4,2371,2371,45102,1642,15852,0,0,0,2370,1371,0,1000,0,0,0,0,0,18446744073709551615
4,666,selected_grid,1874,1874,0,0,33020,0,0,0,1873,480,6,1081,313,11935,560,0,0,0
5,333,std_binary,0,0,0,0,0,0,0,0,0,0,0,0,0,0,0,0,0,0
5,333,binary,2902,2902,57672,2229,31685,0,0,0,2901,1902,0,1000,0,0,0,0,0,0
5,333,fourary,2902,2902,60248,2229,31685,0,0,0,2901,1902,0,1000,0,0,0,0,0,0
5,333,mean_map,3493,3493,0,0,84562,0,0,0,3492,1091,2,1664,738,15878,1661,0,0,0
5,333,mean_ring,3493,3493,0,0,84562,0,0,0,3492,1091,2,1664,738,15878,1661,0,0,0
5,333,mean_degree,2874,2874,0,0,63370,0,0,0,2873,1813,73,1000,61,31470,105,0,0,0
5,333,max_maxdegree,2852,2852,0,0,63403,0,0,0,2851,1778,63,1001,73,31369,128,0,0,0
5,333,caliber,2672,2672,52770,2277,31685,0,0,0,2984,1985,0,1000,0,0,0,0,0,0
5,333,degree4,2902,2902,57672,2229,31685,0,0,0,2901,1902,0,1000,0,0,0,0,0,18446744073709551615
5,333,selected_grid,2341,2341,0,0,69330,0,0,0,2340,545,5,1184,612,23877,1017,0,0,0
5,666,std_binary,0,0,0,0,0,0,0,0,0,0,0,0,0,0,0,0,0,0
5,666,binary,2944,2944,58701,2260,31685,0,0,0,2943,1944,0,1000,0,0,0,0,0,0
5,666,fourary,2944,2944,61261,2260,31685,0,0,0,2943,1944,0,1000,0,0,0,0,0,0
5,666,mean_map,3495,3495,0,0,85222,0,0,0,3494,908,2,1692,895,15878,1690,0,0,0
5,666,mean_ring,3495,3495,0,0,85222,0,0,0,3494,908,2,1692,895,15878,1690,0,0,0
5,666,mean_degree,2925,2925,0,0,63391,0,0,0,2924,1867,73,1001,57,31470,123,0,0,0
5,666,max_maxdegree,2901,2901,0,0,63370,0,0,0,2900,1828,61,1000,73,31369,137,0,0,0
5,666,caliber,2648,2648,52052,2250,31685,0,0,0,2958,1959,0,1000,0,0,0,0,0,0
5,666,degree4,2944,2944,58701,2260,31685,0,0,0,2943,1944,0,1000,0,0,0,0,0,18446744073709551615
5,666,selected_grid,2131,2131,0,0,66724,0,0,0,2130,373,5,1107,651,23877,823,0,0,0
6,333,std_binary,0,0,0,0,0,0,0,0,0,0,0,0,0,0,0,0,0,0
6,333,binary,3444,3444,70901,2829,63664,0,0,0,3443,2444,0,1000,0,0,0,0,0,0
6,333,fourary,3444,3444,73559,2829,63664,0,0,0,3443,2444,0,1000,0,0,0,0,0,0
6,333,mean_map,4280,4280,0,0,176684,0,0,0,4279,462,2,1774,2044,31828,1774,0,0,0
6,333,mean_ring,4280,4280,0,0,176684,0,0,0,4279,462,2,1774,2044,31828,1774,0,0,0
6,333,mean_degree,3470,3470,0,0,127328,0,0,0,3469,2437,134,1000,33,63664,108,0,0,0
6,333,max_maxdegree,3477,3477,0,0,127328,0,0,0,3476,2425,99,1000,52,63597,148,0,0,0
6,333,caliber,3239,3239,66347,2884,63664,0,0,0,3541,2542,0,1000,0,0,0,0,0,0
6,333,degree4,3444,3444,70901,2829,63664,0,0,0,3443,2444,0,1000,0,0,0,0,0,18446744073709551615
6,333,selected_grid,2037,2037,0,0,133029,0,0,0,2036,381,9,1088,568,56069,792,0,0,0
6,666,std_binary,0,0,0,0,0,0,0,0,0,0,0,0,0,0,0,0,0,0
6,666,binary,3509,3509,72420,2870,63664,0,0,0,3508,2509,0,1000,0,0,0,0,0,0
6,666,fourary,3509,3509,74981,2870,63664,0,0,0,3508,2509,0,1000,0,0,0,0,0,0
6,666,mean_map,4418,4418,0,0,183351,0,0,0,4417,529,2,1875,2014,31828,1875,0,0,0
6,666,mean_ring,4418,4418,0,0,183351,0,0,0,4417,529,2,1875,2014,31828,1875,0,0,0
6,666,mean_degree,3523,3523,0,0,127328,0,0,0,3522,2475,138,1000,48,63664,102,0,0,0
6,666,max_maxdegree,3515,3515,0,0,127328,0,0,0,3514,2452,100,1000,63,63597,133,0,0,0
6,666,caliber,3241,3241,66410,2871,63664,0,0,0,3524,2525,0,1000,0,0,0,0,0,0
6,666,degree4,3509,3509,72420,2870,63664,0,0,0,3508,2509,0,1000,0,0,0,0,0,18446744073709551615
6,666,selected_grid,2354,2354,0,0,134434,0,0,0,2353,634,9,1110,610,56069,899,0,0,0
7,333,std_binary,0,0,0,0,0,0,0,0,0,0,0,0,0,0,0,0,0,0
7,333,binary,4026,4026,84743,3419,127491,0,0,0,4025,3026,0,1000,0,0,0,0,0,0
7,333,fourary,4026,4026,87641,3419,127491,0,0,0,4025,3026,0,1000,0,0,0,0,0,0
7,333,mean_map,5139,5139,0,0,370513,0,0,0,5138,358,2,1907,2874,63807,1907,0,0,0
7,333,mean_ring,5139,5139,0,0,370513,0,0,0,5138,358,2,1907,2874,63807,1907,0,0,0
7,333,mean_degree,4014,4014,0,0,254982,0,0,0,4013,2969,258,1000,45,127491,79,0,0,0
7,333,max_maxdegree,4024,4024,0,0,254982,0,0,0,4023,2960,175,1000,64,127491,122,0,0,0
7,333,caliber,3842,3842,80693,3490,127491,0,0,0,4121,3122,0,1000,0,0,0,0,0,0
7,333,degree4,4026,4026,84743,3419,127491,0,0,0,4025,3026,0,1000,0,0,0,0,0,18446744073709551615
7,333,selected_grid,2244,2244,0,0,265379,0,0,0,2243,291,4,1080,873,112458,710,0,0,0
7,666,std_binary,0,0,0,0,0,0,0,0,0,0,0,0,0,0,0,0,0,0
7,666,binary,3923,3923,82411,3347,127491,0,0,0,3922,2923,0,1000,0,0,0,0,0,0
7,666,fourary,3923,3923,85130,3347,127491,0,0,0,3922,2923,0,1000,0,0,0,0,0,0
7,666,mean_map,4595,4595,0,0,344094,0,0,0,4594,230,2,1700,2665,63807,1700,0,0,0
7,666,mean_ring,4595,4595,0,0,344094,0,0,0,4594,230,2,1700,2665,63807,1700,0,0,0
7,666,mean_degree,3925,3925,0,0,254982,0,0,0,3924,2877,258,1000,48,127491,96,0,0,0
7,666,max_maxdegree,3939,3939,0,0,254982,0,0,0,3938,2876,174,1000,63,127491,134,0,0,0
7,666,caliber,3770,3770,78980,3439,127491,0,0,0,4051,3052,0,1000,0,0,0,0,0,0
7,666,degree4,3923,3923,82411,3347,127491,0,0,0,3922,2923,0,1000,0,0,0,0,0,18446744073709551615
7,666,selected_grid,2393,2393,0,0,262322,0,0,0,2392,644,2,1057,692,112458,718,0,0,0
8,333,std_binary,0,0,0,0,0,0,0,0,0,0,0,0,0,0,0,0,0,0
8,333,binary,4465,4465,95018,3943,255852,0,0,0,4464,3465,0,1000,0,0,0,0,0,0
8,333,fourary,4465,4465,97663,3943,255852,0,0,0,4464,3465,0,1000,0,0,0,0,0,0
8,333,mean_map,5055,5055,0,0,668812,0,0,0,5054,81,2,1614,3360,127868,1614,0,0,0
8,333,mean_ring,5055,5055,0,0,668812,0,0,0,5054,81,2,1614,3360,127868,1614,0,0,0
8,333,mean_degree,4472,4472,0,0,511704,0,0,0,4471,3430,494,1000,42,255852,69,0,0,0
8,333,max_maxdegree,4463,4463,0,0,511704,0,0,0,4462,3396,299,1000,67,255852,113,0,0,0
8,333,caliber,4233,4233,89728,3907,255852,0,0,0,4475,3476,0,1000,0,0,0,0,0,0
8,333,degree4,4465,4465,95018,3943,255852,0,0,0,4464,3465,0,1000,0,0,0,0,0,18446744073709551615
8,333,selected_grid,3796,3796,0,0,513979,0,0,0,3795,2507,41,1009,280,251963,588,0,0,0
8,666,std_binary,0,0,0,0,0,0,0,0,0,0,0,0,0,0,0,0,0,0
8,666,binary,4500,4500,95772,3970,255852,0,0,0,4499,3500,0,1000,0,0,0,0,0,0
8,666,fourary,4500,4500,98488,3970,255852,0,0,0,4499,3500,0,1000,0,0,0,0,0,0
8,666,mean_map,5274,5274,0,0,681423,0,0,0,5273,68,2,1663,3543,127868,1663,0,0,0
8,666,mean_ring,5274,5274,0,0,681423,0,0,0,5273,68,2,1663,3543,127868,1663,0,0,0
8,666,mean_degree,4492,4492,0,0,511704,0,0,0,4491,3449,494,1000,43,255852,68,0,0,0
8,666,max_maxdegree,4483,4483,0,0,511704,0,0,0,4482,3422,300,1000,61,255852,106,0,0,0
8,666,caliber,4341,4341,92324,4024,255852,0,0,0,4585,3586,0,1000,0,0,0,0,0,0
8,666,degree4,4500,4500,95772,3970,255852,0,0,0,4499,3500,0,1000,0,0,0,0,0,18446744073709551615
8,666,selected_grid,3752,3752,0,0,514204,0,0,0,3751,2437,41,1010,305,251963,483,0,0,0
9,1666,std_binary,0,0,0,0,0,0,0,0,0,0,0,0,0,0,0,0,0,0
9,1666,binary,2,2,0,1,1,0,0,0,1,0,0,2,0,0,0,0,0,0
9,1666,fourary,2,2,0,1,1,0,0,0,1,0,0,2,0,0,0,0,0,0
9,1666,mean_map,2,2,0,0,2,0,0,0,1,0,1,2,0,0,2,0,0,0
9,1666,mean_ring,2,2,0,0,2,0,0,0,1,0,1,2,0,0,2,0,0,0
9,1666,mean_degree,2,2,0,0,2,0,0,0,1,0,1,2,0,0,2,0,0,0
9,1666,max_maxdegree,2,2,0,0,2,0,0,0,1,0,2,2,0,1,1,0,0,0
9,1666,caliber,2,2,0,1,1,0,0,0,1,0,0,2,0,0,0,0,0,0
9,1666,degree4,2,2,0,1,1,1,0,0,1,0,0,2,0,0,0,8180,14948,18446744073709551615
9,1666,selected_grid,2,2,0,0,2,0,0,0,1,0,1,2,0,0,2,0,0,0
9,3333,std_binary,0,0,0,0,0,0,0,0,0,0,0,0,0,0,0,0,0,0
9,3333,binary,1,1,0,1,0,0,0,0,0,0,0,1,0,0,0,0,0,0
9,3333,fourary,1,1,0,1,0,0,0,0,0,0,0,1,0,0,0,0,0,0
9,3333,mean_map,1,1,0,0,0,0,0,0,0,0,1,1,0,0,1,0,0,0
9,3333,mean_ring,1,1,0,0,0,0,0,0,0,0,1,1,0,0,1,0,0,0
9,3333,mean_degree,1,1,0,0,0,0,0,0,0,0,1,1,0,0,1,0,0,0
9,3333,max_maxdegree,1,1,0,0,0,0,0,0,0,0,1,1,0,0,1,0,0,0
9,3333,caliber,1,1,0,1,0,0,0,0,0,0,0,1,0,0,0,0,0,0
9,3333,degree4,1,1,0,1,0,0,0,0,0,0,0,1,0,0,0,8180,14948,18446744073709551615
9,3333,selected_grid,1,1,0,0,0,0,0,0,0,0,1,1,0,0,1,0,0,0
10,1666,std_binary,0,0,0,0,0,0,0,0,0,0,0,0,0,0,0,0,0,0
10,1666,binary,6516,6516,134712,2744,19865,0,0,0,6515,1610,0,4906,0,0,0,0,0,0
10,1666,fourary,6516,6516,141860,2744,19865,0,0,0,6515,1610,0,4906,0,0,0,0,0,0
10,1666,mean_map,6183,6183,0,0,40258,0,0,0,6182,483,10,5034,666,9977,2232,0,0,0
10,1666,mean_ring,6183,6183,0,0,40258,0,0,0,6182,483,10,5034,666,9977,2232,0,0,0
10,1666,mean_degree,6448,6448,0,0,39745,0,0,0,6447,1283,32,4910,255,17538,599,0,0,0
10,1666,max_maxdegree,6485,6485,0,0,39738,0,0,0,6484,1394,53,4908,183,18645,345,0,0,0
10,1666,caliber,5046,5046,103364,2903,19865,0,0,0,6779,1874,0,4906,0,0,0,0,0,0
10,1666,degree4,6976,6976,147865,3330,19865,1140,3175,1408,6975,2070,0,4906,0,0,0,5355,14802,18446744073709551615
10,1666,selected_grid,7348,7348,0,0,41499,0,0,0,7347,665,5,5352,1331,0,3389,0,0,0
10,3333,std_binary,0,0,0,0,0,0,0,0,0,0,0,0,0,0,0,0,0,0
10,3333,binary,6500,6500,134148,2780,19865,0,0,0,6499,1594,0,4906,0,0,0,0,0,0
10,3333,fourary,6500,6500,141406,2780,19865,0,0,0,6499,1594,0,4906,0,0,0,0,0,0
10,3333,mean_map,6199,6199,0,0,40174,0,0,0,6198,514,10,5019,666,9977,2072,0,0,0
10,3333,mean_ring,6199,6199,0,0,40174,0,0,0,6198,514,10,5019,666,9977,2072,0,0,0
10,3333,mean_degree,6421,6421,0,0,39781,0,0,0,6420,1246,33,4918,257,17538,597,0,0,0
10,3333,max_maxdegree,6468,6468,0,0,39744,0,0,0,6467,1408,55,4908,152,18645,352,0,0,0
10,3333,caliber,5050,5050,103240,2935,19865,0,0,0,6777,1872,0,4906,0,0,0,0,0,0
10,3333,degree4,6966,6966,147570,3380,19865,1151,3146,1395,6965,2060,0,4906,0,0,0,5355,14802,18446744073709551615
10,3333,selected_grid,7723,7723,0,0,42562,0,0,0,7722,1010,6,5613,1100,0,4415,0,0,0
11,1666,std_binary,0,0,0,0,0,0,0,0,0,0,0,0,0,0,0,0,0,0
11,1666,binary,8959,8959,202194,5346,40109,0,0,0,8958,3960,0,4999,0,0,0,0,0,0
11,1666,fourary,8959,8959,207395,5346,40109,0,0,0,8958,3960,0,4999,0,0,0,0,0,0
11,1666,mean_map,8291,8291,0,0,83345,0,0,0,8290,1222,7,5384,1685,20046,3439,0,0,0
11,1666,mean_ring,8291,8291,0,0,83345,0,0,0,8290,1222,7,5384,1685,20046,3439,0,0,0
11,1666,mean_degree,8903,8903,0,0,80322,0,0,0,8902,3599,38,5012,292,37969,610,0,0,0
11,1666,max_maxdegree,8934,8934,0,0,80244,0,0,0,8933,3710,43,5002,222,38371,519,0,0,0
11,1666,caliber,7607,7607,169637,5507,40109,0,0,0,9276,4278,0,4999,0,0,0,0,0,0
11,1666,degree4,8979,8979,202597,5366,40109,37,128,39,8978,3980,0,4999,0,0,0,159,554,18446744073709551615
11,1666,selected_grid,13017,13017,0,0,100149,0,0,0,13016,3415,4,7489,2113,0,7261,0,0,0
11,3333,std_binary,0,0,0,0,0,0,0,0,0,0,0,0,0,0,0,0,0,0
11,3333,binary,8951,8951,201867,5302,40109,0,0,0,8950,3952,0,4999,0,0,0,0,0,0
11,3333,fourary,8951,8951,207242,5302,40109,0,0,0,8950,3952,0,4999,0,0,0,0,0,0
11,3333,mean_map,8358,8358,0,0,84225,0,0,0,8357,1444,6,5506,1408,20046,3652,0,0,0
11,3333,mean_ring,8358,8358,0,0,84225,0,0,0,8357,1444,6,5506,1408,20046,3652,0,0,0
11,3333,mean_degree,8862,8862,0,0,80303,0,0,0,8861,3549,38,5010,303,37969,624,0,0,0
11,3333,max_maxdegree,8863,8863,0,0,80265,0,0,0,8862,3618,45,5004,241,38371,539,0,0,0
11,3333,caliber,7562,7562,168342,5464,40109,0,0,0,9244,4246,0,4999,0,0,0,0,0,0
11,3333,degree4,8975,8975,202379,5327,40109,30,102,39,8974,3976,0,4999,0,0,0,159,554,18446744073709551615
11,3333,selected_grid,11858,11858,0,0,97137,0,0,0,11857,1820,3,7105,2933,0,6860,0,0,0
12,1666,std_binary,0,0,0,0,0,0,0,0,0,0,0,0,0,0,0,0,0,0
12,1666,binary,11828,11828,279249,8248,80269,0,0,0,11827,6828,0,5000,0,0,0,0,0,0
12,1666,fourary,11828,11828,291212,8248,80269,0,0,0,11827,6828,0,5000,0,0,0,0,0,0
12,1666,mean_map,12595,12595,0,0,192698,0,0,0,12594,3258,3,7014,2323,40170,6778,0,0,0
12,1666,mean_ring,12595,12595,0,0,192698,0,0,0,12594,3258,3,7014,2323,40170,6778,0,0,0
12,1666,mean_degree,11732,11732,0,0,160581,0,0,0,11731,6417,49,5003,312,78500,625,0,0,0
12,1666,max_maxdegree,11757,11757,0,0,160555,0,0,0,11756,6494,56,5001,262,78800,545,0,0,0
12,1666,caliber,10529,10529,246932,8398,80269,0,0,0,12099,7100,0,5000,0,0,0,0,0,0
12,1666,degree4,11828,11828,279249,8248,80269,0,0,0,11827,6828,0,5000,0,0,0,0,0,18446744073709551615
12,1666,selected_grid,9633,9633,0,0,168779,0,0,0,9632,1570,5,5521,2542,50395,3490,0,0,0
12,3333,std_binary,0,0,0,0,0,0,0,0,0,0,0,0,0,0,0,0,0,0
12,3333,binary,11765,11765,278419,8288,80269,0,0,0,11764,6765,0,5000,0,0,0,0,0,0
12,3333,fourary,11765,11765,289694,8288,80269,0,0,0,11764,6765,0,5000,0,0,0,0,0,0
12,3333,mean_map,11147,11147,0,0,178553,0,0,0,11146,1463,3,6123,3561,40170,5135,0,0,0
12,3333,mean_ring,11147,11147,0,0,178553,0,0,0,11146,1463,3,6123,3561,40170,5135,0,0,0
12,3333,mean_degree,11723,11723,0,0,160586,0,0,0,11722,6421,50,5003,299,78500,591,0,0,0
12,3333,max_maxdegree,11737,11737,0,0,160624,0,0,0,11736,6465,57,5005,267,78800,532,0,0,0
12,3333,caliber,10475,10475,245972,8463,80269,0,0,0,12051,7052,0,5000,0,0,0,0,0,0
12,3333,degree4,11765,11765,278419,8288,80269,0,0,0,11764,6765,0,5000,0,0,0,0,0,18446744073709551615
12,3333,selected_grid,10994,10994,0,0,179125,0,0,0,10993,2968,5,6158,1868,50395,5525,0,0,0
13,1666,std_binary,0,0,0,0,0,0,0,0,0,0,0,0,0,0,0,0,0,0
13,1666,binary,14618,14618,359663,11182,160515,0,0,0,14617,9618,0,5000,0,0,0,0,0,0
13,1666,fourary,14618,14618,371236,11182,160515,0,0,0,14617,9618,0,5000,0,0,0,0,0,0
13,1666,mean_map,19150,19150,0,0,450106,0,0,0,19149,5901,2,9029,4220,80243,9015,0,0,0
13,1666,mean_ring,19150,19150,0,0,450106,0,0,0,19149,5901,2,9029,4220,80243,9015,0,0,0
13,1666,mean_degree,14600,14600,0,0,321030,0,0,0,14599,9319,78,5000,281,159541,580,0,0,0
13,1666,max_maxdegree,14593,14593,0,0,321132,0,0,0,14592,9223,66,5003,367,159018,655,0,0,0
13,1666,caliber,13365,13365,326360,11359,160515,0,0,0,14916,9917,0,5000,0,0,0,0,0,0
13,1666,degree4,14618,14618,359663,11182,160515,0,0,0,14617,9618,0,5000,0,0,0,0,0,18446744073709551615
13,1666,selected_grid,14811,14811,0,0,379675,0,0,0,14810,5885,2,6824,2102,100704,6327,0,0,0
13,3333,std_binary,0,0,0,0,0,0,0,0,0,0,0,0,0,0,0,0,0,0
13,3333,binary,14681,14681,361757,11241,160515,0,0,0,14680,9681,0,5000,0,0,0,0,0,0
13,3333,fourary,14681,14681,373902,11241,160515,0,0,0,14680,9681,0,5000,0,0,0,0,0,0
13,3333,mean_map,16470,16470,0,0,397268,0,0,0,16469,6811,2,7375,2284,80243,7208,0,0,0
13,3333,mean_ring,16470,16470,0,0,397268,0,0,0,16469,6811,2,7375,2284,80243,7208,0,0,0
13,3333,mean_degree,14646,14646,0,0,321030,0,0,0,14645,9362,81,5000,284,159541,562,0,0,0
13,3333,max_maxdegree,14630,14630,0,0,321148,0,0,0,14629,9322,67,5004,304,159018,668,0,0,0
13,3333,caliber,13347,13347,326320,11344,160515,0,0,0,14886,9887,0,5000,0,0,0,0,0,0
13,3333,degree4,14681,14681,361757,11241,160515,0,0,0,14680,9681,0,5000,0,0,0,0,0,18446744073709551615
13,3333,selected_grid,11703,11703,0,0,340862,0,0,0,11702,1630,4,5624,4449,100704,3610,0,0,0
14,1666,std_binary,0,0,0,0,0,0,0,0,0,0,0,0,0,0,0,0,0,0
14,1666,binary,17765,17765,448605,14473,320252,0,0,0,17764,12765,0,5000,0,0,0,0,0,0
14,1666,fourary,17765,17765,460720,14473,320252,0,0,0,17764,12765,0,5000,0,0,0,0,0,0
14,1666,mean_map,25398,25398,0,0,990868,0,0,0,25397,5128,2,10469,9801,160080,10469,0,0,0
14,1666,mean_ring,25398,25398,0,0,990868,0,0,0,25397,5128,2,10469,9801,160080,10469,0,0,0
14,1666,mean_degree,17777,17777,0,0,640504,0,0,0,17776,12498,145,5000,279,320252,494,0,0,0
14,1666,max_maxdegree,17739,17739,0,0,640504,0,0,0,17738,12361,109,5000,378,320062,651,0,0,0
14,1666,caliber,16580,16580,416353,14619,320252,0,0,0,18049,13050,0,5000,0,0,0,0,0,0
14,1666,degree4,17765,17765,448605,14473,320252,0,0,0,17764,12765,0,5000,0,0,0,0,0,18446744073709551615
14,1666,selected_grid,12570,12570,0,0,679134,0,0,0,12569,5004,10,5603,1963,282416,4470,0,0,0
14,3333,std_binary,0,0,0,0,0,0,0,0,0,0,0,0,0,0,0,0,0,0
14,3333,binary,17475,17475,440337,14220,320252,0,0,0,17474,12475,0,5000,0,0,0,0,0,0
14,3333,fourary,17475,17475,452594,14220,320252,0,0,0,17474,12475,0,5000,0,0,0,0,0,0
14,3333,mean_map,26469,26469,0,0,1041223,0,0,0,26468,4774,2,11270,10425,160080,11270,0,0,0
14,3333,mean_ring,26469,26469,0,0,1041223,0,0,0,26468,4774,2,11270,10425,160080,11270,0,0,0
14,3333,mean_degree,17528,17528,0,0,640504,0,0,0,17527,12249,144,5000,279,320252,532,0,0,0
14,3333,max_maxdegree,17531,17531,0,0,640504,0,0,0,17530,12184,107,5000,347,320062,700,0,0,0
14,3333,caliber,16275,16275,408617,14429,320252,0,0,0,17781,12782,0,5000,0,0,0,0,0,0
14,3333,degree4,17475,17475,440337,14220,320252,0,0,0,17474,12475,0,5000,0,0,0,0,0,18446744073709551615
14,3333,selected_grid,14212,14212,0,0,698578,0,0,0,14211,6323,9,5906,1983,282416,5426,0,0,0
15,1666,std_binary,0,0,0,0,0,0,0,0,0,0,0,0,0,0,0,0,0,0
15,1666,binary,20053,20053,513645,17092,640741,0,0,0,20052,15053,0,5000,0,0,0,0,0,0
15,1666,fourary,20053,20053,524706,17092,640741,0,0,0,20052,15053,0,5000,0,0,0,0,0,0
15,1666,mean_map,28205,28205,0,0,1931969,0,0,0,28204,2848,2,10071,15286,320281,10071,0,0,0
15,1666,mean_ring,28205,28205,0,0,1931969,0,0,0,28204,2848,2,10071,15286,320281,10071,0,0,0
15,1666,mean_degree,20109,20109,0,0,1281482,0,0,0,20108,14869,270,5000,240,640741,416,0,0,0
15,1666,max_maxdegree,20097,20097,0,0,1281482,0,0,0,20096,14766,181,5000,331,640741,616,0,0,0
15,1666,caliber,18980,18980,485137,17202,640741,0,0,0,20325,15326,0,5000,0,0,0,0,0,0
15,1666,degree4,20053,20053,513645,17092,640741,0,0,0,20052,15053,0,5000,0,0,0,0,0,18446744073709551615
15,1666,selected_grid,16172,16172,0,0,1304835,0,0,0,16171,9405,22,5182,1585,614618,3984,0,0,0
15,3333,std_binary,0,0,0,0,0,0,0,0,0,0,0,0,0,0,0,0,0,0
15,3333,binary,20117,20117,515692,17167,640741,0,0,0,20116,15117,0,5000,0,0,0,0,0,0
15,3333,fourary,20117,20117,526705,17167,640741,0,0,0,20116,15117,0,5000,0,0,0,0,0,0
15,3333,mean_map,27989,27989,0,0,1914426,0,0,0,27988,2580,2,9941,15468,320281,9941,0,0,0
15,3333,mean_ring,27989,27989,0,0,1914426,0,0,0,27988,2580,2,9941,15468,320281,9941,0,0,0
15,3333,mean_degree,20173,20173,0,0,1281482,0,0,0,20172,14919,270,5000,254,640741,434,0,0,0
15,3333,max_maxdegree,20149,20149,0,0,1281482,0,0,0,20148,14778,182,5000,371,640741,648,0,0,0
15,3333,caliber,19136,19136,489782,17414,640741,0,0,0,20497,15498,0,5000,0,0,0,0,0,0
15,3333,degree4,20117,20117,515692,17167,640741,0,0,0,20116,15117,0,5000,0,0,0,0,0,18446744073709551615
15,3333,selected_grid,15467,15467,0,0,1307025,0,0,0,15466,8645,22,5198,1624,614618,4146,0,0,0
16,1666,std_binary,0,0,0,0,0,0,0,0,0,0,0,0,0,0,0,0,0,0
16,1666,binary,22362,22362,584176,19733,1281541,0,0,0,22361,17362,0,5000,0,0,0,0,0,0
16,1666,fourary,22362,22362,588775,19733,1281541,0,0,0,22361,17362,0,5000,0,0,0,0,0,0
16,1666,mean_map,30372,30372,0,0,3764153,0,0,0,30371,1405,2,9689,19278,640646,9689,0,0,0
16,1666,mean_ring,30372,30372,0,0,3764153,0,0,0,30371,1405,2,9689,19278,640646,9689,0,0,0
16,1666,mean_degree,22305,22305,0,0,2563082,0,0,0,22304,17119,521,5000,186,1281541,330,0,0,0
16,1666,max_maxdegree,22345,22345,0,0,2563082,0,0,0,22344,17053,323,5000,292,1281541,527,0,0,0
16,1666,caliber,21602,21602,563693,19983,1281541,0,0,0,22755,17756,0,5000,0,0,0,0,0,0
16,1666,degree4,22362,22362,584176,19733,1281541,0,0,0,22361,17362,0,5000,0,0,0,0,0,18446744073709551615
16,1666,selected_grid,17731,17731,0,0,3087687,0,0,0,17730,6506,2,7047,4178,1130873,7043,0,0,0
16,3333,std_binary,0,0,0,0,0,0,0,0,0,0,0,0,0,0,0,0,0,0
16,3333,binary,22266,22266,581004,19740,1281541,0,0,0,22265,17266,0,5000,0,0,0,0,0,0
16,3333,fourary,22266,22266,585830,19740,1281541,0,0,0,22265,17266,0,5000,0,0,0,0,0,0
16,3333,mean_map,28542,28542,0,0,3590317,0,0,0,28541,1368,2,9016,18158,640646,9016,0,0,0
16,3333,mean_ring,28542,28542,0,0,3590317,0,0,0,28541,1368,2,9016,18158,640646,9016,0,0,0
16,3333,mean_degree,22270,22270,0,0,2563082,0,0,0,22269,17098,525,5000,172,1281541,321,0,0,0
16,3333,max_maxdegree,22303,22303,0,0,2563082,0,0,0,22302,17009,326,5000,294,1281541,523,0,0,0
16,3333,caliber,21809,21809,569581,20210,1281541,0,0,0,22948,17949,0,5000,0,0,0,0,0,0
16,3333,degree4,22266,22266,581004,19740,1281541,0,0,0,22265,17266,0,5000,0,0,0,0,0,18446744073709551615
16,3333,selected_grid,16644,16644,0,0,2943505,0,0,0,16643,6885,2,6486,3273,1130873,6451,0,0,0
17,333,std_binary,0,0,0,0,0,0,0,0,0,0,0,0,0,0,0,0,0,0
17,333,binary,1,1,0,1,0,0,0,0,0,0,0,1,0,0,0,0,0,0
17,333,fourary,1,1,0,1,0,0,0,0,0,0,0,1,0,0,0,0,0,0
17,333,mean_map,1,1,0,0,0,0,0,0,0,0,1,1,0,0,1,0,0,0
17,333,mean_ring,1,1,0,0,0,0,0,0,0,0,1,1,0,0,1,0,0,0
17,333,mean_degree,1,1,0,0,0,0,0,0,0,0,1,1,0,0,1,0,0,0
17,333,max_maxdegree,1,1,0,0,0,0,0,0,0,0,1,1,0,0,1,0,0,0
17,333,caliber,1,1,0,1,0,0,0,0,0,0,0,1,0,0,0,0,0,0
17,333,degree4,1,1,0,1,0,0,0,0,0,0,0,1,0,0,0,1664,3017,18446744073709551615
17,333,selected_grid,1,1,0,0,0,0,0,0,0,0,1,1,0,0,1,0,0,0
17,666,std_binary,0,0,0,0,0,0,0,0,0,0,0,0,0,0,0,0,0,0
17,666,binary,829,829,10199,167,1537,0,0,0,828,48,0,781,0,0,0,0,0,0
17,666,fourary,829,829,11182,167,1537,0,0,0,828,48,0,781,0,0,0,0,0,0
17,666,mean_map,823,823,0,0,3082,0,0,0,822,15,18,789,19,798,158,0,0,0
17,666,mean_ring,823,823,0,0,3082,0,0,0,822,15,18,789,19,798,158,0,0,0
17,666,mean_degree,823,823,0,0,3074,0,0,0,822,26,33,782,15,1174,90,0,0,0
17,666,max_maxdegree,828,828,0,0,3074,0,0,0,827,37,54,782,9,1358,50,0,0,0
17,666,caliber,555,555,6745,173,1537,0,0,0,835,55,0,781,0,0,0,0,0,0
17,666,degree4,862,862,11404,240,1537,363,666,377,861,81,0,781,0,0,0,1664,3017,18446744073709551615
17,666,selected_grid,1042,1042,0,0,3484,0,0,0,1041,4,2,974,64,0,969,0,0,0
18,333,std_binary,0,0,0,0,0,0,0,0,0,0,0,0,0,0,0,0,0,0
18,333,binary,1273,1273,20182,550,3913,0,0,0,1272,298,0,975,0,0,0,0,0,0
18,333,fourary,1273,1273,21524,550,3913,0,0,0,1272,298,0,975,0,0,0,0,0,0
18,333,mean_map,1207,1207,0,0,7904,0,0,0,1206,91,8,995,121,1975,428,0,0,0
18,333,mean_ring,1207,1207,0,0,7904,0,0,0,1206,91,8,995,121,1975,428,0,0,0
18,333,mean_degree,1254,1254,0,0,7829,0,0,0,1253,226,27,977,51,3478,126,0,0,0
18,333,max_maxdegree,1260,1260,0,0,7830,0,0,0,1259,249,39,976,35,3660,82,0,0,0
18,333,caliber,1008,1008,15866,582,3913,0,0,0,1334,360,0,975,0,0,0,0,0,0
18,333,degree4,1381,1381,22889,686,3913,247,739,329,1380,406,0,975,0,0,0,1187,3400,18446744073709551615
18,333,selected_grid,1512,1512,0,0,8677,0,0,0,1511,21,3,1182,309,0,1089,0,0,0
18,666,std_binary,0,0,0,0,0,0,0,0,0,0,0,0,0,0,0,0,0,0
18,666,binary,1279,1279,20200,531,3913,0,0,0,1278,304,0,975,0,0,0,0,0,0
18,666,fourary,1279,1279,21663,531,3913,0,0,0,1278,304,0,975,0,0,0,0,0,0
18,666,mean_map,1217,1217,0,0,7896,0,0,0,1216,102,7,994,121,1975,463,0,0,0
18,666,mean_ring,1217,1217,0,0,7896,0,0,0,1216,102,7,994,121,1975,463,0,0,0
18,666,mean_degree,1273,1273,0,0,7829,0,0,0,1272,248,27,976,49,3478,129,0,0,0
18,666,max_maxdegree,1274,1274,0,0,7826,0,0,0,1273,267,39,975,32,3660,83,0,0,0
18,666,caliber,987,987,15424,553,3913,0,0,0,1321,347,0,975,0,0,0,0,0,0
18,666,degree4,1374,1374,22697,664,3913,260,760,346,1373,399,0,975,0,0,0,1187,3400,18446744073709551615
18,666,selected_grid,1533,1533,0,0,8190,0,0,0,1532,234,2,1077,222,0,791,0,0,0
19,333,std_binary,0,0,0,0,0,0,0,0,0,0,0,0,0,0,0,0,0,0
19,333,binary,1767,1767,31406,1059,7967,0,0,0,1766,769,0,998,0,0,0,0,0,0
19,333,fourary,1767,1767,32986,1059,7967,0,0,0,1766,769,0,998,0,0,0,0,0,0
19,333,mean_map,1604,1604,0,0,16447,0,0,0,1603,246,4,1061,297,4020,652,0,0,0
19,333,mean_ring,1604,1604,0,0,16447,0,0,0,1603,246,4,1061,297,4020,652,0,0,0
19,333,mean_degree,1750,1750,0,0,15934,0,0,0,1749,698,28,998,54,7556,125,0,0,0
19,333,max_maxdegree,1747,1747,0,0,15945,0,0,0,1746,690,30,999,58,7598,116,0,0,0
19,333,caliber,1499,1499,26333,1095,7967,0,0,0,1832,835,0,998,0,0,0,0,0,0
19,333,degree4,1768,1768,31510,1064,7967,8,30,16,1767,770,0,998,0,0,0,36,128,18446744073709551615
19,333,selected_grid,2125,2125,0,0,16913,0,0,0,2124,515,2,1118,492,0,721,0,0,0
19,666,std_binary,0,0,0,0,0,0,0,0,0,0,0,0,0,0,0,0,0,0
19,666,binary,1774,1774,31375,1037,7967,0,0,0,1773,776,0,998,0,0,0,0,0,0
19,666,fourary,1774,1774,33067,1037,7967,0,0,0,1773,776,0,998,0,0,0,0,0,0
19,666,mean_map,1661,1661,0,0,16573,0,0,0,1660,221,5,1079,361,4020,636,0,0,0
19,666,mean_ring,1661,1661,0,0,16573,0,0,0,1660,221,5,1079,361,4020,636,0,0,0
19,666,mean_degree,1754,1754,0,0,15950,0,0,0,1753,688,31,1000,66,7556,125,0,0,0
19,666,max_maxdegree,1750,1750,0,0,15934,0,0,0,1749,691,34,998,61,7598,114,0,0,0
19,666,caliber,1523,1523,26683,1087,7967,0,0,0,1838,841,0,998,0,0,0,0,0,0
19,666,degree4,1783,1783,31689,1048,7967,11,39,19,1782,785,0,998,0,0,0,36,128,18446744073709551615
19,666,selected_grid,2025,2025,0,0,17140,0,0,0,2024,226,3,1147,652,0,723,0,0,0
20,333,std_binary,0,0,0,0,0,0,0,0,0,0,0,0,0,0,0,0,0,0
20,333,binary,2404,2404,46086,1709,16166,0,0,0,2403,1404,0,1000,0,0,0,0,0,0
20,333,fourary,2404,2404,48020,1709,16166,0,0,0,2403,1404,0,1000,0,0,0,0,0,0
20,333,mean_map,2320,2320,0,0,34554,0,0,0,2319,671,2,1140,509,8129,825,0,0,0
20,333,mean_ring,2320,2320,0,0,34554,0,0,0,2319,671,2,1140,509,8129,825,0,0,0
20,333,mean_degree,2404,2404,0,0,32344,0,0,0,2403,1353,44,1001,50,15811,131,0,0,0
20,333,max_maxdegree,2387,2387,0,0,32360,0,0,0,2386,1329,41,1002,56,15782,137,0,0,0
20,333,caliber,2146,2146,40643,1749,16166,0,0,0,2485,1486,0,1000,0,0,0,0,0,0
20,333,degree4,2404,2404,46086,1709,16166,0,0,0,2403,1404,0,1000,0,0,0,0,0,18446744073709551615
20,333,selected_grid,1943,1943,0,0,33604,0,0,0,1942,569,6,1080,294,12233,709,0,0,0
20,666,std_binary,0,0,0,0,0,0,0,0,0,0,0,0,0,0,0,0,0,0
20,666,binary,2336,2336,44410,1626,16166,0,0,0,2335,1336,0,1000,0,0,0,0,0,0
20,666,fourary,2336,2336,46091,1626,16166,0,0,0,2335,1336,0,1000,0,0,0,0,0,0
20,666,mean_map,2268,2268,0,0,35308,0,0,0,2267,510,3,1189,569,8129,748,0,0,0
20,666,mean_ring,2268,2268,0,0,35308,0,0,0,2267,510,3,1189,569,8129,748,0,0,0
20,666,mean_degree,2338,2338,0,0,32343,0,0,0,2337,1268,45,1001,69,15811,130,0,0,0
20,666,max_maxdegree,2332,2332,0,0,32343,0,0,0,2331,1261,43,1001,70,15782,133,0,0,0
20,666,caliber,2069,2069,38959,1659,16166,0,0,0,2398,1399,0,1000,0,0,0,0,0,0
20,666,degree4,2336,2336,44410,1626,16166,0,0,0,2335,1336,0,1000,0,0,0,0,0,18446744073709551615
20,666,selected_grid,1920,1920,0,0,33689,0,0,0,1919,513,6,1086,321,12233,623,0,0,0
21,333,std_binary,0,0,0,0,0,0,0,0,0,0,0,0,0,0,0,0,0,0
21,333,binary,2964,2964,59095,2284,32240,0,0,0,2963,1964,0,1000,0,0,0,0,0,0
21,333,fourary,2964,2964,61745,2284,32240,0,0,0,2963,1964,0,1000,0,0,0,0,0,0
21,333,mean_map,3442,3442,0,0,88853,0,0,0,3441,841,2,1761,840,16140,1761,0,0,0
21,333,mean_ring,3442,3442,0,0,88853,0,0,0,3441,841,2,1761,840,16140,1761,0,0,0
21,333,mean_degree,2971,2971,0,0,64509,0,0,0,2970,1917,75,1001,53,32054,115,0,0,0
21,333,max_maxdegree,2938,2938,0,0,64514,0,0,0,2937,1869,62,1001,68,31920,132,0,0,0
21,333,caliber,2755,2755,54594,2346,32240,0,0,0,3051,2052,0,1000,0,0,0,0,0,0
21,333,degree4,2964,2964,59095,2284,32240,0,0,0,2963,1964,0,1000,0,0,0,0,0,18446744073709551615
21,333,selected_grid,2162,2162,0,0,69221,0,0,0,2161,338,5,1149,675,24275,868,0,0,0
21,666,std_binary,0,0,0,0,0,0,0,0,0,0,0,0,0,0,0,0,0,0
21,666,binary,2961,2961,58858,2247,32240,0,0,0,2960,1961,0,1000,0,0,0,0,0,0
21,666,fourary,2961,2961,61542,2247,32240,0,0,0,2960,1961,0,1000,0,0,0,0,0,0
21,666,mean_map,3504,3504,0,0,89088,0,0,0,3503,845,2,1756,903,16140,1756,0,0,0
21,666,mean_ring,3504,3504,0,0,89088,0,0,0,3503,845,2,1756,903,16140,1756,0,0,0
21,666,mean_degree,2954,2954,0,0,64480,0,0,0,2953,1898,74,1000,56,32054,128,0,0,0
21,666,max_maxdegree,2931,2931,0,0,64480,0,0,0,2930,1869,62,1000,62,31920,154,0,0,0
21,666,caliber,2714,2714,53697,2311,32240,0,0,0,3019,2020,0,1000,0,0,0,0,0,0
21,666,degree4,2961,2961,58858,2247,32240,0,0,0,2960,1961,0,1000,0,0,0,0,0,18446744073709551615
21,666,selected_grid,2014,2014,0,0,68384,0,0,0,2013,270,5,1123,621,24275,751,0,0,0
22,333,std_binary,0,0,0,0,0,0,0,0,0,0,0,0,0,0,0,0,0,0
22,333,binary,3520,3520,72616,2861,64155,0,0,0,3519,2520,0,1000,0,0,0,0,0,0
22,333,fourary,3520,3520,75371,2861,64155,0,0,0,3519,2520,0,1000,0,0,0,0,0,0
22,333,mean_map,4420,4420,0,0,187619,0,0,0,4419,531,2,1927,1962,32042,1927,0,0,0
22,333,mean_ring,4420,4420,0,0,187619,0,0,0,4419,531,2,1927,1962,32042,1927,0,0,0
22,333,mean_degree,3509,3509,0,0,128310,0,0,0,3508,2448,138,1000,61,64155,103,0,0,0
22,333,max_maxdegree,3533,3533,0,0,128310,0,0,0,3532,2447,99,1000,86,64087,154,0,0,0
22,333,caliber,3257,3257,66784,2873,64155,0,0,0,3553,2554,0,1000,0,0,0,0,0,0
22,333,degree4,3520,3520,72616,2861,64155,0,0,0,3519,2520,0,1000,0,0,0,0,0,18446744073709551615
22,333,selected_grid,2816,2816,0,0,141234,0,0,0,2815,1100,9,1200,516,56527,1080,0,0,0
22,666,std_binary,0,0,0,0,0,0,0,0,0,0,0,0,0,0,0,0,0,0
22,666,binary,3573,3573,73900,2917,64155,0,0,0,3572,2573,0,1000,0,0,0,0,0,0
22,666,fourary,3573,3573,76465,2917,64155,0,0,0,3572,2573,0,1000,0,0,0,0,0,0
22,666,mean_map,4341,4341,0,0,184482,0,0,0,4340,522,2,1875,1944,32042,1875,0,0,0
22,666,mean_ring,4341,4341,0,0,184482,0,0,0,4340,522,2,1875,1944,32042,1875,0,0,0
22,666,mean_degree,3591,3591,0,0,128310,0,0,0,3590,2537,137,1000,54,64155,104,0,0,0
22,666,max_maxdegree,3558,3558,0,0,128310,0,0,0,3557,2486,98,1000,72,64087,144,0,0,0
22,666,caliber,3298,3298,67658,2923,64155,0,0,0,3596,2597,0,1000,0,0,0,0,0,0
22,666,degree4,3573,3573,73900,2917,64155,0,0,0,3572,2573,0,1000,0,0,0,0,0,18446744073709551615
22,666,selected_grid,2733,2733,0,0,138431,0,0,0,2732,992,9,1158,583,56527,1034,0,0,0
23,333,std_binary,0,0,0,0,0,0,0,0,0,0,0,0,0,0,0,0,0,0
23,333,binary,4017,4017,84378,3433,128619,0,0,0,4016,3017,0,1000,0,0,0,0,0,0
23,333,fourary,4017,4017,87263,3433,128619,0,0,0,4016,3017,0,1000,0,0,0,0,0,0
23,333,mean_map,4878,4878,0,0,360106,0,0,0,4877,265,2,1801,2812,64256,1801,0,0,0
23,333,mean_ring,4878,4878,0,0,360106,0,0,0,4877,265,2,1801,2812,64256,1801,0,0,0
23,333,mean_degree,4002,4002,0,0,257238,0,0,0,4001,2949,261,1000,53,128619,81,0,0,0
23,333,max_maxdegree,3987,3987,0,0,257238,0,0,0,3986,2903,168,1000,84,128619,119,0,0,0
23,333,caliber,3813,3813,79864,3459,128619,0,0,0,4059,3060,0,1000,0,0,0,0,0,0
23,333,degree4,4017,4017,84378,3433,128619,0,0,0,4016,3017,0,1000,0,0,0,0,0,18446744073709551615
23,333,selected_grid,2514,2514,0,0,270128,0,0,0,2513,802,2,1100,612,113399,822,0,0,0
23,666,std_binary,0,0,0,0,0,0,0,0,0,0,0,0,0,0,0,0,0,0
23,666,binary,3911,3911,81933,3336,128619,0,0,0,3910,2911,0,1000,0,0,0,0,0,0
23,666,fourary,3911,3911,84805,3336,128619,0,0,0,3910,2911,0,1000,0,0,0,0,0,0
23,666,mean_map,4754,4754,0,0,351696,0,0,0,4753,207,2,1734,2813,64256,1734,0,0,0
23,666,mean_ring,4754,4754,0,0,351696,0,0,0,4753,207,2,1734,2813,64256,1734,0,0,0
23,666,mean_degree,3927,3927,0,0,257238,0,0,0,3926,2866,255,1000,61,128619,83,0,0,0
23,666,max_maxdegree,3929,3929,0,0,257238,0,0,0,3928,2854,166,1000,75,128619,125,0,0,0
23,666,caliber,3699,3699,77300,3352,128619,0,0,0,3954,2955,0,1000,0,0,0,0,0,0
23,666,degree4,3911,3911,81933,3336,128619,0,0,0,3910,2911,0,1000,0,0,0,0,0,18446744073709551615
23,666,selected_grid,2503,2503,0,0,272340,0,0,0,2502,906,2,1117,480,113399,966,0,0,0
24,333,std_binary,0,0,0,0,0,0,0,0,0,0,0,0,0,0,0,0,0,0
24,333,binary,4364,4364,92803,3853,256574,0,0,0,4363,3364,0,1000,0,0,0,0,0,0
24,333,fourary,4364,4364,95148,3853,256574,0,0,0,4363,3364,0,1000,0,0,0,0,0,0
24,333,mean_map,5148,5148,0,0,684076,0,0,0,5147,89,2,1663,3396,127991,1663,0,0,0
24,333,mean_ring,5148,5148,0,0,684076,0,0,0,5147,89,2,1663,3396,127991,1663,0,0,0
24,333,mean_degree,4386,4386,0,0,513148,0,0,0,4385,3351,491,1000,35,256574,70,0,0,0
24,333,max_maxdegree,4387,4387,0,0,513148,0,0,0,4386,3322,304,1000,65,256574,115,0,0,0
24,333,caliber,4212,4212,89243,3884,256574,0,0,0,4445,3446,0,1000,0,0,0,0,0,0
24,333,degree4,4364,4364,92803,3853,256574,0,0,0,4363,3364,0,1000,0,0,0,0,0,18446744073709551615
24,333,selected_grid,2844,2844,0,0,524898,0,0,0,2843,1234,21,1046,564,245988,946,0,0,0
24,666,std_binary,0,0,0,0,0,0,0,0,0,0,0,0,0,0,0,0,0,0
24,666,binary,4518,4518,96473,4028,256574,0,0,0,4517,3518,0,1000,0,0,0,0,0,0
24,666,fourary,4518,4518,99020,4028,256574,0,0,0,4517,3518,0,1000,0,0,0,0,0,0
24,666,mean_map,5279,5279,0,0,703013,0,0,0,5278,52,2,1742,3485,127991,1742,0,0,0
24,666,mean_ring,5279,5279,0,0,703013,0,0,0,5278,52,2,1742,3485,127991,1742,0,0,0
24,666,mean_degree,4511,4511,0,0,513148,0,0,0,4510,3480,484,1000,31,256574,65,0,0,0
24,666,max_maxdegree,4493,4493,0,0,513148,0,0,0,4492,3431,302,1000,62,256574,107,0,0,0
24,666,caliber,4365,4365,93155,4049,256574,0,0,0,4607,3608,0,1000,0,0,0,0,0,0
24,666,degree4,4518,4518,96473,4028,256574,0,0,0,4517,3518,0,1000,0,0,0,0,0,18446744073709551615
24,666,selected_grid,2931,2931,0,0,527524,0,0,0,2930,1275,21,1056,600,245988,948,0,0,0
25,1666,std_binary,0,0,0,0,0,0,0,0,0,0,0,0,0,0,0,0,0,0
25,1666,binary,4289,4289,73445,911,8176,0,0,0,4288,261,0,4028,0,0,0,0,0,0
25,1666,fourary,4289,4289,78890,911,8176,0,0,0,4288,261,0,4028,0,0,0,0,0,0
25,1666,mean_map,4241,4241,0,0,16383,0,0,0,4240,84,20,4045,112,4116,834,0,0,0
25,1666,mean_ring,4241,4241,0,0,16383,0,0,0,4240,84,20,4045,112,4116,834,0,0,0
25,1666,mean_degree,4263,4263,0,0,16357,0,0,0,4262,144,40,4032,87,6216,420,0,0,0
25,1666,max_maxdegree,4284,4284,0,0,16356,0,0,0,4283,214,80,4031,39,7347,192,0,0,0
25,1666,caliber,2859,2859,48758,947,8176,0,0,0,4382,355,0,4028,0,0,0,0,0,0
25,1666,degree4,4458,4458,81076,1308,8176,1833,3373,1926,4457,430,0,4028,0,0,0,8231,15120,18446744073709551615
25,1666,selected_grid,4702,4702,0,0,17080,0,0,0,4701,36,3,4361,305,0,3495,0,0,0
25,3333,std_binary,0,0,0,0,0,0,0,0,0,0,0,0,0,0,0,0,0,0
25,3333,binary,4284,4284,72939,843,8176,0,0,0,4283,256,0,4028,0,0,0,0,0,0
25,3333,fourary,4284,4284,78707,843,8176,0,0,0,4283,256,0,4028,0,0,0,0,0,0
25,3333,mean_map,4243,4243,0,0,16400,0,0,0,4242,76,19,4050,117,4116,743,0,0,0
25,3333,mean_ring,4243,4243,0,0,16400,0,0,0,4242,76,19,4050,117,4116,743,0,0,0
25,3333,mean_degree,4262,4262,0,0,16355,0,0,0,4261,156,36,4033,73,6216,378,0,0,0
25,3333,max_maxdegree,4286,4286,0,0,16353,0,0,0,4285,211,74,4029,46,7347,183,0,0,0
25,3333,caliber,2860,2860,48647,898,8176,0,0,0,4380,353,0,4028,0,0,0,0,0,0
25,3333,degree4,4479,4479,81164,1233,8176,1829,3341,1965,4478,451,0,4028,0,0,0,8231,15120,18446744073709551615
25,3333,selected_grid,4848,4848,0,0,16925,0,0,0,4847,169,3,4343,336,0,2388,0,0,0
26,1666,std_binary,0,0,0,0,0,0,0,0,0,0,0,0,0,0,0,0,0,0
26,1666,binary,6526,6526,134851,2770,20039,0,0,0,6525,1601,0,4925,0,0,0,0,0,0
26,1666,fourary,6526,6526,142120,2770,20039,0,0,0,6525,1601,0,4925,0,0,0,0,0,0
26,1666,mean_map,6216,6216,0,0,40619,0,0,0,6215,486,9,5063,667,10029,2161,0,0,0
26,1666,mean_ring,6216,6216,0,0,40619,0,0,0,6215,486,9,5063,667,10029,2161,0,0,0
26,1666,mean_degree,6479,6479,0,0,40136,0,0,0,6478,1314,33,4941,224,17703,596,0,0,0
26,1666,max_maxdegree,6511,6511,0,0,40101,0,0,0,6510,1428,54,4931,152,18776,359,0,0,0
26,1666,caliber,5032,5032,102963,2939,20039,0,0,0,6769,1845,0,4925,0,0,0,0,0,0
26,1666,degree4,7016,7016,148636,3356,20039,1142,3187,1397,7015,2091,0,4925,0,0,0,5177,14407,18446744073709551615
26,1666,selected_grid,7594,7594,0,0,42044,0,0,0,7593,710,3,5419,1465,0,3121,0,0,0
26,3333,std_binary,0,0,0,0,0,0,0,0,0,0,0,0,0,0,0,0,0,0
26,3333,binary,6520,6520,134456,2775,20039,0,0,0,6519,1595,0,4925,0,0,0,0,0,0
26,3333,fourary,6520,6520,141709,2775,20039,0,0,0,6519,1595,0,4925,0,0,0,0,0,0
26,3333,mean_map,6285,6285,0,0,40688,0,0,0,6284,551,10,5068,666,10029,2300,0,0,0
26,3333,mean_ring,6285,6285,0,0,40688,0,0,0,6284,551,10,5068,666,10029,2300,0,0,0
26,3333,mean_degree,6484,6484,0,0,40140,0,0,0,6483,1303,35,4938,243,17703,603,0,0,0
26,3333,max_maxdegree,6500,6500,0,0,40096,0,0,0,6499,1405,57,4929,166,18776,353,0,0,0
26,3333,caliber,5068,5068,103493,2921,20039,0,0,0,6770,1846,0,4925,0,0,0,0,0,0
26,3333,degree4,6999,6999,148544,3405,20039,1146,3220,1413,6998,2074,0,4925,0,0,0,5177,14407,18446744073709551615
26,3333,selected_grid,7469,7469,0,0,42748,0,0,0,7468,365,3,5553,1551,0,4001,0,0,0
27,1666,std_binary,0,0,0,0,0,0,0,0,0,0,0,0,0,0,0,0,0,0
27,1666,binary,8882,8882,199944,5237,40346,0,0,0,8881,3883,0,4999,0,0,0,0,0,0
27,1666,fourary,8882,8882,205463,5237,40346,0,0,0,8881,3883,0,4999,0,0,0,0,0,0
27,1666,mean_map,8279,8279,0,0,84288,0,0,0,8278,1245,5,5446,1588,20192,2920,0,0,0
27,1666,mean_ring,8279,8279,0,0,84288,0,0,0,8278,1245,5,5446,1588,20192,2920,0,0,0
27,1666,mean_degree,8828,8828,0,0,80782,0,0,0,8827,3511,35,5011,306,38188,599,0,0,0
27,1666,max_maxdegree,8853,8853,0,0,80728,0,0,0,8852,3597,43,5004,252,38725,487,0,0,0
27,1666,caliber,7544,7544,167575,5454,40346,0,0,0,9171,4173,0,4999,0,0,0,0,0,0
27,1666,degree4,8899,8899,200541,5257,40346,42,153,44,8898,3900,0,4999,0,0,0,145,515,18446744073709551615
27,1666,selected_grid,11177,11177,0,0,86862,0,0,0,11176,2337,3,5762,3078,0,3280,0,0,0
27,3333,std_binary,0,0,0,0,0,0,0,0,0,0,0,0,0,0,0,0,0,0
27,3333,binary,8936,8936,201176,5288,40346,0,0,0,8935,3937,0,4999,0,0,0,0,0,0
27,3333,fourary,8936,8936,206672,5288,40346,0,0,0,8935,3937,0,4999,0,0,0,0,0,0
27,3333,mean_map,8502,8502,0,0,85232,0,0,0,8501,1402,6,5565,1535,20192,4279,0,0,0
27,3333,mean_ring,8502,8502,0,0,85232,0,0,0,8501,1402,6,5565,1535,20192,4279,0,0,0
27,3333,mean_degree,8840,8840,0,0,80755,0,0,0,8839,3557,35,5006,277,38188,611,0,0,0
27,3333,max_maxdegree,8851,8851,0,0,80740,0,0,0,8850,3633,42,5004,214,38725,482,0,0,0
27,3333,caliber,7530,7530,167398,5414,40346,0,0,0,9160,4162,0,4999,0,0,0,0,0,0
27,3333,degree4,8950,8950,201615,5303,40346,36,131,41,8949,3951,0,4999,0,0,0,145,515,18446744073709551615
27,3333,selected_grid,10542,10542,0,0,91812,0,0,0,10541,719,3,6381,3442,0,5628,0,0,0
28,1666,std_binary,0,0,0,0,0,0,0,0,0,0,0,0,0,0,0,0,0,0
28,1666,binary,11798,11798,278699,8242,80554,0,0,0,11797,6798,0,5000,0,0,0,0,0,0
28,1666,fourary,11798,11798,290476,8242,80554,0,0,0,11797,6798,0,5000,0,0,0,0,0,0
28,1666,mean_map,10912,10912,0,0,177140,0,0,0,10911,1400,3,5998,3514,40341,4833,0,0,0
28,1666,mean_ring,10912,10912,0,0,177140,0,0,0,10911,1400,3,5998,3514,40341,4833,0,0,0
28,1666,mean_degree,11658,11658,0,0,161195,0,0,0,11657,6387,49,5006,265,78817,623,0,0,0
28,1666,max_maxdegree,11706,11706,0,0,161197,0,0,0,11705,6419,47,5006,281,78678,655,0,0,0
28,1666,caliber,10444,10444,244923,8439,80554,0,0,0,12047,7048,0,5000,0,0,0,0,0,0
28,1666,degree4,11798,11798,278699,8242,80554,0,0,0,11797,6798,0,5000,0,0,0,0,0,18446744073709551615
28,1666,selected_grid,10006,10006,0,0,168421,0,0,0,10005,2954,7,5457,1595,60898,3950,0,0,0
28,3333,std_binary,0,0,0,0,0,0,0,0,0,0,0,0,0,0,0,0,0,0
28,3333,binary,11827,11827,278958,8261,80554,0,0,0,11826,6827,0,5000,0,0,0,0,0,0
28,3333,fourary,11827,11827,291241,8261,80554,0,0,0,11826,6827,0,5000,0,0,0,0,0,0
28,3333,mean_map,10944,10944,0,0,177823,0,0,0,10943,1388,3,6038,3518,40341,5014,0,0,0
28,3333,mean_ring,10944,10944,0,0,177823,0,0,0,10943,1388,3,6038,3518,40341,5014,0,0,0
28,3333,mean_degree,11793,11793,0,0,161268,0,0,0,11792,6498,48,5010,285,78817,611,0,0,0
28,3333,max_maxdegree,11771,11771,0,0,161318,0,0,0,11770,6469,45,5013,289,78678,645,0,0,0
28,3333,caliber,10463,10463,245476,8416,80554,0,0,0,12069,7070,0,5000,0,0,0,0,0,0
28,3333,degree4,11827,11827,278958,8261,80554,0,0,0,11826,6827,0,5000,0,0,0,0,0,18446744073709551615
28,3333,selected_grid,10037,10037,0,0,168775,0,0,0,10036,3028,7,5475,1534,60898,4062,0,0,0
29,1666,std_binary,0,0,0,0,0,0,0,0,0,0,0,0,0,0,0,0,0,0
29,1666,binary,14621,14621,360155,11230,160837,0,0,0,14620,9621,0,5000,0,0,0,0,0,0
29,1666,fourary,14621,14621,371679,11230,160837,0,0,0,14620,9621,0,5000,0,0,0,0,0,0
29,1666,mean_map,16739,16739,0,0,409137,0,0,0,16738,6411,2,7745,2583,80463,7667,0,0,0
29,1666,mean_ring,16739,16739,0,0,409137,0,0,0,16738,6411,2,7745,2583,80463,7667,0,0,0
29,1666,mean_degree,14618,14618,0,0,321674,0,0,0,14617,9344,81,5000,274,159931,570,0,0,0
29,1666,max_maxdegree,14598,14598,0,0,321701,0,0,0,14597,9275,68,5001,322,159412,673,0,0,0
29,1666,caliber,13410,13410,327975,11457,160837,0,0,0,14964,9965,0,5000,0,0,0,0,0,0
29,1666,degree4,14621,14621,360155,11230,160837,0,0,0,14620,9621,0,5000,0,0,0,0,0,18446744073709551615
29,1666,selected_grid,11347,11347,0,0,328287,0,0,0,11346,4655,11,5202,1490,141966,2626,0,0,0
29,3333,std_binary,0,0,0,0,0,0,0,0,0,0,0,0,0,0,0,0,0,0
29,3333,binary,14772,14772,364028,11310,160837,0,0,0,14771,9772,0,5000,0,0,0,0,0,0
29,3333,fourary,14772,14772,376017,11310,160837,0,0,0,14771,9772,0,5000,0,0,0,0,0,0
29,3333,mean_map,18385,18385,0,0,437000,0,0,0,18384,6847,2,8586,2952,80463,8531,0,0,0
29,3333,mean_ring,18385,18385,0,0,437000,0,0,0,18384,6847,2,8586,2952,80463,8531,0,0,0
29,3333,mean_degree,14716,14716,0,0,321704,0,0,0,14715,9428,82,5001,287,159931,559,0,0,0
29,3333,max_maxdegree,14713,14713,0,0,321757,0,0,0,14712,9378,68,5003,332,159412,635,0,0,0
29,3333,caliber,13614,13614,333733,11565,160837,0,0,0,15138,10139,0,5000,0,0,0,0,0,0
29,3333,degree4,14772,14772,364028,11310,160837,0,0,0,14771,9772,0,5000,0,0,0,0,0,18446744073709551615
29,3333,selected_grid,11830,11830,0,0,330658,0,0,0,11829,5114,11,5283,1433,141966,3165,0,0,0
30,1666,std_binary,0,0,0,0,0,0,0,0,0,0,0,0,0,0,0,0,0,0
30,1666,binary,17665,17665,445769,14432,321543,0,0,0,17664,12665,0,5000,0,0,0,0,0,0
30,1666,fourary,17665,17665,457860,14432,321543,0,0,0,17664,12665,0,5000,0,0,0,0,0,0
30,1666,mean_map,23589,23589,0,0,940291,0,0,0,23588,4834,2,9614,9141,160872,9614,0,0,0
30,1666,mean_ring,23589,23589,0,0,940291,0,0,0,23588,4834,2,9614,9141,160872,9614,0,0,0
30,1666,mean_degree,17592,17592,0,0,643086,0,0,0,17591,12324,142,5000,268,321543,486,0,0,0
30,1666,max_maxdegree,17572,17572,0,0,643086,0,0,0,17571,12220,105,5000,352,321297,680,0,0,0
30,1666,caliber,16500,16500,414093,14582,321543,0,0,0,17964,12965,0,5000,0,0,0,0,0,0
30,1666,degree4,17665,17665,445769,14432,321543,0,0,0,17664,12665,0,5000,0,0,0,0,0,18446744073709551615
30,1666,selected_grid,11051,11051,0,0,664884,0,0,0,11050,3327,10,5337,2387,283831,3250,0,0,0
30,3333,std_binary,0,0,0,0,0,0,0,0,0,0,0,0,0,0,0,0,0,0
30,3333,binary,17380,17380,437282,14124,321543,0,0,0,17379,12380,0,5000,0,0,0,0,0,0
30,3333,fourary,17380,17380,450236,14124,321543,0,0,0,17379,12380,0,5000,0,0,0,0,0,0
30,3333,mean_map,23813,23813,0,0,951074,0,0,0,23812,3887,2,9801,10125,160872,9801,0,0,0
30,3333,mean_ring,23813,23813,0,0,951074,0,0,0,23812,3887,2,9801,10125,160872,9801,0,0,0
30,3333,mean_degree,17400,17400,0,0,643086,0,0,0,17399,12161,143,5000,239,321543,505,0,0,0
30,3333,max_maxdegree,17370,17370,0,0,643086,0,0,0,17369,12065,105,5000,305,321297,694,0,0,0
30,3333,caliber,16256,16256,407180,14320,321543,0,0,0,17707,12708,0,5000,0,0,0,0,0,0
30,3333,degree4,17380,17380,437282,14124,321543,0,0,0,17379,12380,0,5000,0,0,0,0,0,18446744073709551615
30,3333,selected_grid,14931,14931,0,0,706630,0,0,0,14930,6677,9,5994,2260,283831,5603,0,0,0
31,1666,std_binary,0,0,0,0,0,0,0,0,0,0,0,0,0,0,0,0,0,0
31,1666,binary,20076,20076,514849,17078,642281,0,0,0,20075,15076,0,5000,0,0,0,0,0,0
31,1666,fourary,20076,20076,525442,17078,642281,0,0,0,20075,15076,0,5000,0,0,0,0,0,0
31,1666,mean_map,27548,27548,0,0,1882478,0,0,0,27547,3001,2,9663,14884,321348,9663,0,0,0
31,1666,mean_ring,27548,27548,0,0,1882478,0,0,0,27547,3001,2,9663,14884,321348,9663,0,0,0
31,1666,mean_degree,20044,20044,0,0,1284562,0,0,0,20043,14813,270,5000,231,642281,431,0,0,0
31,1666,max_maxdegree,20111,20111,0,0,1284562,0,0,0,20110,14777,184,5000,334,642281,621,0,0,0
31,1666,caliber,19065,19065,487135,17261,642281,0,0,0,20439,15440,0,5000,0,0,0,0,0,0
31,1666,degree4,20076,20076,514849,17078,642281,0,0,0,20075,15076,0,5000,0,0,0,0,0,18446744073709551615
31,1666,selected_grid,11929,11929,0,0,1377236,0,0,0,11928,1252,9,5727,4950,566755,4734,0,0,0
31,3333,std_binary,0,0,0,0,0,0,0,0,0,0,0,0,0,0,0,0,0,0
31,3333,binary,20048,20048,513597,17072,642281,0,0,0,20047,15048,0,5000,0,0,0,0,0,0
31,3333,fourary,20048,20048,524321,17072,642281,0,0,0,20047,15048,0,5000,0,0,0,0,0,0
31,3333,mean_map,27874,27874,0,0,1939940,0,0,0,27873,2719,2,10101,15054,321348,10101,0,0,0
31,3333,mean_ring,27874,27874,0,0,1939940,0,0,0,27873,2719,2,10101,15054,321348,10101,0,0,0
31,3333,mean_degree,20036,20036,0,0,1284562,0,0,0,20035,14832,270,5000,204,642281,433,0,0,0
31,3333,max_maxdegree,20064,20064,0,0,1284562,0,0,0,20063,14748,184,5000,316,642281,603,0,0,0
31,3333,caliber,19124,19124,488779,17341,642281,0,0,0,20481,15482,0,5000,0,0,0,0,0,0
31,3333,degree4,20048,20048,513597,17072,642281,0,0,0,20047,15048,0,5000,0,0,0,0,0,18446744073709551615
31,3333,selected_grid,11619,11619,0,0,1334018,0,0,0,11618,1662,9,5389,4568,566755,3364,0,0,0
32,1666,std_binary,0,0,0,0,0,0,0,0,0,0,0,0,0,0,0,0,0,0
32,1666,binary,22388,22388,584953,19752,1282027,0,0,0,22387,17388,0,5000,0,0,0,0,0,0
32,1666,fourary,22388,22388,589398,19752,1282027,0,0,0,22387,17388,0,5000,0,0,0,0,0,0
32,1666,mean_map,28359,28359,0,0,3546051,0,0,0,28358,1240,2,8830,18289,640864,8830,0,0,0
32,1666,mean_ring,28359,28359,0,0,3546051,0,0,0,28358,1240,2,8830,18289,640864,8830,0,0,0
32,1666,mean_degree,22396,22396,0,0,2564054,0,0,0,22395,17217,521,5000,179,1282027,323,0,0,0
32,1666,max_maxdegree,22365,22365,0,0,2564054,0,0,0,22364,17087,327,5000,278,1282027,504,0,0,0
32,1666,caliber,21756,21756,567813,20120,1282027,0,0,0,22946,17947,0,5000,0,0,0,0,0,0
32,1666,degree4,22388,22388,584953,19752,1282027,0,0,0,22387,17388,0,5000,0,0,0,0,0,18446744073709551615
32,1666,selected_grid,18082,18082,0,0,2650727,0,0,0,18081,10655,21,5338,2089,1229169,4801,0,0,0
32,3333,std_binary,0,0,0,0,0,0,0,0,0,0,0,0,0,0,0,0,0,0
32,3333,binary,22393,22393,584779,19727,1282027,0,0,0,22392,17393,0,5000,0,0,0,0,0,0
32,3333,fourary,22393,22393,589527,19727,1282027,0,0,0,22392,17393,0,5000,0,0,0,0,0,0
32,3333,mean_map,30047,30047,0,0,3738594,0,0,0,30046,1461,2,9585,19001,640864,9585,0,0,0
32,3333,mean_ring,30047,30047,0,0,3738594,0,0,0,30046,1461,2,9585,19001,640864,9585,0,0,0
32,3333,mean_degree,22409,22409,0,0,2564054,0,0,0,22408,17224,519,5000,185,1282027,309,0,0,0
32,3333,max_maxdegree,22468,22468,0,0,2564054,0,0,0,22467,17197,327,5000,271,1282027,501,0,0,0
32,3333,caliber,21771,21771,568339,20095,1282027,0,0,0,22943,17944,0,5000,0,0,0,0,0,0
32,3333,degree4,22393,22393,584779,19727,1282027,0,0,0,22392,17393,0,5000,0,0,0,0,0,18446744073709551615
32,3333,selected_grid,16769,16769,0,0,2616159,0,0,0,16768,9273,21,5203,2293,1229169,4069,0,0,0
33,333,std_binary,0,0,0,0,0,0,0,0,0,0,0,0,0,0,0,0,0,0
33,333,binary,846,846,10638,181,1564,0,0,0,845,58,0,788,0,0,0,0,0,0
33,333,fourary,846,846,11696,181,1564,0,0,0,845,58,0,788,0,0,0,0,0,0
33,333,mean_map,831,831,0,0,3135,0,0,0,830,17,16,792,22,778,158,0,0,0
33,333,mean_ring,831,831,0,0,3135,0,0,0,830,17,16,792,22,778,158,0,0,0
33,333,mean_degree,839,839,0,0,3128,0,0,0,838,37,30,788,14,1202,83,0,0,0
33,333,max_maxdegree,848,848,0,0,3128,0,0,0,847,49,55,788,11,1399,43,0,0,0
33,333,caliber,575,575,7176,197,1564,0,0,0,859,72,0,788,0,0,0,0,0,0
33,333,degree4,876,876,11855,262,1564,347,599,362,875,88,0,788,0,0,0,1563,2753,18446744073709551615
33,333,selected_grid,1274,1274,0,0,3948,0,0,0,1273,0,1,1190,84,0,1190,0,0,0
33,666,std_binary,0,0,0,0,0,0,0,0,0,0,0,0,0,0,0,0,0,0
33,666,binary,830,830,10467,168,1564,0,0,0,829,42,0,788,0,0,0,0,0,0
33,666,fourary,830,830,11452,168,1564,0,0,0,829,42,0,788,0,0,0,0,0,0
33,666,mean_map,826,826,0,0,3128,0,0,0,825,10,13,788,28,778,159,0,0,0
33,666,mean_ring,826,826,0,0,3128,0,0,0,825,10,13,788,28,778,159,0,0,0
33,666,mean_degree,825,825,0,0,3128,0,0,0,824,24,25,788,13,1202,80,0,0,0
33,666,max_maxdegree,834,834,0,0,3128,0,0,0,833,38,49,788,8,1399,49,0,0,0
33,666,caliber,560,560,7004,178,1564,0,0,0,848,61,0,788,0,0,0,0,0,0
33,666,degree4,859,859,11601,261,1564,335,610,361,858,71,0,788,0,0,0,1563,2753,18446744073709551615
33,666,selected_grid,1176,1176,0,0,3725,0,0,0,1175,0,1,1084,92,0,1084,0,0,0
34,333,std_binary,0,0,0,0,0,0,0,0,0,0,0,0,0,0,0,0,0,0
34,333,binary,1294,1294,20847,584,3991,0,0,0,1293,315,0,979,0,0,0,0,0,0
34,333,fourary,1294,1294,22205,584,3991,0,0,0,1293,315,0,979,0,0,0,0,0,0
34,333,mean_map,1231,1231,0,0,8053,0,0,0,1230,96,7,997,138,1971,414,0,0,0
34,333,mean_ring,1231,1231,0,0,8053,0,0,0,1230,96,7,997,138,1971,414,0,0,0
34,333,mean_degree,1279,1279,0,0,7994,0,0,0,1278,256,26,981,42,3536,126,0,0,0
34,333,max_maxdegree,1291,1291,0,0,7987,0,0,0,1290,278,39,980,33,3725,83,0,0,0
34,333,caliber,997,997,15838,605,3991,0,0,0,1339,361,0,979,0,0,0,0,0,0
34,333,degree4,1403,1403,23534,718,3991,251,703,320,1402,424,0,979,0,0,0,1144,3272,18446744073709551615
34,333,selected_grid,1975,1975,0,0,9430,0,0,0,1974,378,2,1336,261,0,1196,0,0,0
34,666,std_binary,0,0,0,0,0,0,0,0,0,0,0,0,0,0,0,0,0,0
34,666,binary,1301,1301,20898,585,3991,0,0,0,1300,322,0,979,0,0,0,0,0,0
34,666,fourary,1301,1301,22403,585,3991,0,0,0,1300,322,0,979,0,0,0,0,0,0
34,666,mean_map,1229,1229,0,0,8086,0,0,0,1228,104,8,1005,120,1971,487,0,0,0
34,666,mean_ring,1229,1229,0,0,8086,0,0,0,1228,104,8,1005,120,1971,487,0,0,0
34,666,mean_degree,1281,1281,0,0,7984,0,0,0,1280,251,27,980,50,3536,145,0,0,0
34,666,max_maxdegree,1293,1293,0,0,7982,0,0,0,1292,281,41,979,33,3725,94,0,0,0
34,666,caliber,1020,1020,16229,611,3991,0,0,0,1363,385,0,979,0,0,0,0,0,0
34,666,degree4,1374,1374,22870,695,3991,245,702,311,1373,395,0,979,0,0,0,1144,3272,18446744073709551615
34,666,selected_grid,1732,1732,0,0,8647,0,0,0,1731,316,2,1151,265,0,854,0,0,0
35,333,std_binary,0,0,0,0,0,0,0,0,0,0,0,0,0,0,0,0,0,0
35,333,binary,1761,1761,31411,1061,8079,0,0,0,1760,761,0,1000,0,0,0,0,0,0
35,333,fourary,1761,1761,32908,1061,8079,0,0,0,1760,761,0,1000,0,0,0,0,0,0
35,333,mean_map,1689,1689,0,0,17344,0,0,0,1688,290,4,1144,255,4052,918,0,0,0
35,333,mean_ring,1689,1689,0,0,17344,0,0,0,1688,290,4,1144,255,4052,918,0,0,0
35,333,mean_degree,1752,1752,0,0,16183,0,0,0,1751,697,27,1002,53,7663,132,0,0,0
35,333,max_maxdegree,1743,1743,0,0,16168,0,0,0,1742,699,31,1001,43,7715,111,0,0,0
35,333,caliber,1514,1514,26663,1113,8079,0,0,0,1849,850,0,1000,0,0,0,0,0,0
35,333,degree4,1762,1762,31428,1061,8079,4,15,3,1761,762,0,1000,0,0,0,24,83,18446744073709551615
35,333,selected_grid,2588,2588,0,0,19610,0,0,0,2587,860,2,1412,316,0,1304,0,0,0
35,666,std_binary,0,0,0,0,0,0,0,0,0,0,0,0,0,0,0,0,0,0
35,666,binary,1787,1787,31846,1061,8079,0,0,0,1786,787,0,1000,0,0,0,0,0,0
35,666,fourary,1787,1787,33458,1061,8079,0,0,0,1786,787,0,1000,0,0,0,0,0,0
35,666,mean_map,1655,1655,0,0,16948,0,0,0,1654,248,4,1097,310,4052,642,0,0,0
35,666,mean_ring,1655,1655,0,0,16948,0,0,0,1654,248,4,1097,310,4052,642,0,0,0
35,666,mean_degree,1788,1788,0,0,16173,0,0,0,1787,713,32,1002,73,7663,123,0,0,0
35,666,max_maxdegree,1792,1792,0,0,16168,0,0,0,1791,727,35,1002,63,7715,115,0,0,0
35,666,caliber,1505,1505,26419,1093,8079,0,0,0,1849,850,0,1000,0,0,0,0,0,0
35,666,degree4,1787,1787,31786,1062,8079,2,7,2,1786,787,0,1000,0,0,0,24,83,18446744073709551615
35,666,selected_grid,2252,2252,0,0,17444,0,0,0,2251,484,2,1160,608,0,712,0,0,0
36,333,std_binary,0,0,0,0,0,0,0,0,0,0,0,0,0,0,0,0,0,0
36,333,binary,2332,2332,44480,1623,16075,0,0,0,2331,1332,0,1000,0,0,0,0,0,0
36,333,fourary,2332,2332,46012,1623,16075,0,0,0,2331,1332,0,1000,0,0,0,0,0,0
36,333,mean_map,2171,2171,0,0,34922,0,0,0,2170,269,3,1170,732,7987,930,0,0,0
36,333,mean_ring,2171,2171,0,0,34922,0,0,0,2170,269,3,1170,732,7987,930,0,0,0
36,333,mean_degree,2315,2315,0,0,32168,0,0,0,2314,1260,48,1001,54,15764,128,0,0,0
36,333,max_maxdegree,2303,2303,0,0,32150,0,0,0,2302,1236,47,1000,67,15747,124,0,0,0
36,333,caliber,2064,2064,38862,1658,16075,0,0,0,2387,1388,0,1000,0,0,0,0,0,0
36,333,degree4,2332,2332,44480,1623,16075,0,0,0,2331,1332,0,1000,0,0,0,0,0,18446744073709551615
36,333,selected_grid,2006,2006,0,0,33445,0,0,0,2005,625,6,1078,303,12104,784,0,0,0
36,666,std_binary,0,0,0,0,0,0,0,0,0,0,0,0,0,0,0,0,0,0
36,666,binary,2314,2314,44019,1616,16075,0,0,0,2313,1314,0,1000,0,0,0,0,0,0
36,666,fourary,2314,2314,45619,1616,16075,0,0,0,2313,1314,0,1000,0,0,0,0,0,0
36,666,mean_map,2127,2127,0,0,33944,0,0,0,2126,437,3,1112,578,7987,605,0,0,0
36,666,mean_ring,2127,2127,0,0,33944,0,0,0,2126,437,3,1112,578,7987,605,0,0,0
36,666,mean_degree,2297,2297,0,0,32150,0,0,0,2296,1239,45,1000,58,15764,116,0,0,0
36,666,max_maxdegree,2312,2312,0,0,32170,0,0,0,2311,1257,44,1001,54,15747,126,0,0,0
36,666,caliber,2058,2058,38951,1665,16075,0,0,0,2391,1392,0,1000,0,0,0,0,0,0
36,666,degree4,2314,2314,44019,1616,16075,0,0,0,2313,1314,0,1000,0,0,0,0,0,18446744073709551615
36,666,selected_grid,1870,1870,0,0,33196,0,0,0,1869,491,6,1067,312,12104,551,0,0,0
37,333,std_binary,0,0,0,0,0,0,0,0,0,0,0,0,0,0,0,0,0,0
37,333,binary,2897,2897,57506,2225,32044,0,0,0,2896,1897,0,1000,0,0,0,0,0,0
37,333,fourary,2897,2897,60124,2225,32044,0,0,0,2896,1897,0,1000,0,0,0,0,0,0
37,333,mean_map,3237,3237,0,0,80427,0,0,0,3236,969,2,1508,760,15983,1505,0,0,0
37,333,mean_ring,3237,3237,0,0,80427,0,0,0,3236,969,2,1508,760,15983,1505,0,0,0
37,333,mean_degree,2919,2919,0,0,64088,0,0,0,2918,1853,75,1000,66,31838,114,0,0,0
37,333,max_maxdegree,2902,2902,0,0,64143,0,0,0,2901,1826,64,1002,74,31714,145,0,0,0
37,333,caliber,2663,2663,52398,2255,32044,0,0,0,2963,1964,0,1000,0,0,0,0,0,0
37,333,degree4,2897,2897,57506,2225,32044,0,0,0,2896,1897,0,1000,0,0,0,0,0,18446744073709551615
37,333,selected_grid,2327,2327,0,0,69942,0,0,0,2326,517,5,1183,627,24083,1001,0,0,0
37,666,std_binary,0,0,0,0,0,0,0,0,0,0,0,0,0,0,0,0,0,0
37,666,binary,2877,2877,56786,2177,32044,0,0,0,2876,1877,0,1000,0,0,0,0,0,0
37,666,fourary,2877,2877,59495,2177,32044,0,0,0,2876,1877,0,1000,0,0,0,0,0,0
37,666,mean_map,3678,3678,0,0,93680,0,0,0,3677,898,2,1930,850,15983,1929,0,0,0
37,666,mean_ring,3678,3678,0,0,93680,0,0,0,3677,898,2,1930,850,15983,1929,0,0,0
37,666,mean_degree,2871,2871,0,0,64088,0,0,0,2870,1813,76,1000,58,31838,104,0,0,0
37,666,max_maxdegree,2837,2837,0,0,64088,0,0,0,2836,1776,60,1000,61,31714,127,0,0,0
37,666,caliber,2634,2634,51777,2238,32044,0,0,0,2936,1937,0,1000,0,0,0,0,0,0
37,666,degree4,2877,2877,56786,2177,32044,0,0,0,2876,1877,0,1000,0,0,0,0,0,18446744073709551615
37,666,selected_grid,2197,2197,0,0,68318,0,0,0,2196,378,5,1134,685,24083,841,0,0,0
38,333,std_binary,0,0,0,0,0,0,0,0,0,0,0,0,0,0,0,0,0,0
38,333,binary,3547,3547,73218,2889,63889,0,0,0,3546,2547,0,1000,0,0,0,0,0,0
38,333,fourary,3547,3547,75917,2889,63889,0,0,0,3546,2547,0,1000,0,0,0,0,0,0
38,333,mean_map,4595,4595,0,0,192511,0,0,0,4594,610,2,2010,1975,31826,2010,0,0,0
38,333,mean_ring,4595,4595,0,0,192511,0,0,0,4594,610,2,2010,1975,31826,2010,0,0,0
38,333,mean_degree,3537,3537,0,0,127778,0,0,0,3536,2481,136,1000,56,63889,115,0,0,0
38,333,max_maxdegree,3570,3570,0,0,127778,0,0,0,3569,2484,96,1000,86,63788,154,0,0,0
38,333,caliber,3284,3284,67261,2904,63889,0,0,0,3598,2599,0,1000,0,0,0,0,0,0
38,333,degree4,3547,3547,73218,2889,63889,0,0,0,3546,2547,0,1000,0,0,0,0,0,18446744073709551615
38,333,selected_grid,3001,3001,0,0,142791,0,0,0,3000,1266,9,1235,500,56515,1150,0,0,0
38,666,std_binary,0,0,0,0,0,0,0,0,0,0,0,0,0,0,0,0,0,0
38,666,binary,3540,3540,73056,2860,63889,0,0,0,3539,2540,0,1000,0,0,0,0,0,0
38,666,fourary,3540,3540,75724,2860,63889,0,0,0,3539,2540,0,1000,0,0,0,0,0,0
38,666,mean_map,4558,4558,0,0,180343,0,0,0,4557,720,2,1824,2014,31826,1824,0,0,0
38,666,mean_ring,4558,4558,0,0,180343,0,0,0,4557,720,2,1824,2014,31826,1824,0,0,0
38,666,mean_degree,3565,3565,0,0,127778,0,0,0,3564,2517,137,1000,48,63889,94,0,0,0
38,666,max_maxdegree,3543,3543,0,0,127778,0,0,0,3542,2484,95,1000,59,63788,137,0,0,0
38,666,caliber,3309,3309,67825,2919,63889,0,0,0,3605,2606,0,1000,0,0,0,0,0,0
38,666,degree4,3540,3540,73056,2860,63889,0,0,0,3539,2540,0,1000,0,0,0,0,0,18446744073709551615
38,666,selected_grid,2799,2799,0,0,138996,0,0,0,2798,1084,9,1176,539,56515,1042,0,0,0
39,333,std_binary,0,0,0,0,0,0,0,0,0,0,0,0,0,0,0,0,0,0
39,333,binary,4043,4043,85224,3478,127918,0,0,0,4042,3043,0,1000,0,0,0,0,0,0
39,333,fourary,4043,4043,87942,3478,127918,0,0,0,4042,3043,0,1000,0,0,0,0,0,0
39,333,mean_map,4667,4667,0,0,339868,0,0,0,4666,281,2,1655,2731,63846,1655,0,0,0
39,333,mean_ring,4667,4667,0,0,339868,0,0,0,4666,281,2,1655,2731,63846,1655,0,0,0
39,333,mean_degree,4050,4050,0,0,255836,0,0,0,4049,3004,262,1000,46,127918,86,0,0,0
39,333,max_maxdegree,4075,4075,0,0,255836,0,0,0,4074,3002,167,1000,73,127918,136,0,0,0
39,333,caliber,3900,3900,82051,3540,127918,0,0,0,4161,3162,0,1000,0,0,0,0,0,0
39,333,degree4,4043,4043,85224,3478,127918,0,0,0,4042,3043,0,1000,0,0,0,0,0,18446744073709551615
39,333,selected_grid,2309,2309,0,0,262662,0,0,0,2308,572,2,1054,683,112923,648,0,0,0
39,666,std_binary,0,0,0,0,0,0,0,0,0,0,0,0,0,0,0,0,0,0
39,666,binary,4001,4001,84011,3388,127918,0,0,0,4000,3001,0,1000,0,0,0,0,0,0
39,666,fourary,4001,4001,87024,3388,127918,0,0,0,4000,3001,0,1000,0,0,0,0,0,0
39,666,mean_map,5071,5071,0,0,367801,0,0,0,5070,293,2,1877,2901,63846,1877,0,0,0
39,666,mean_ring,5071,5071,0,0,367801,0,0,0,5070,293,2,1877,2901,63846,1877,0,0,0
39,666,mean_degree,4002,4002,0,0,255836,0,0,0,4001,2953,261,1000,49,127918,83,0,0,0
39,666,max_maxdegree,3990,3990,0,0,255836,0,0,0,3989,2908,166,1000,82,127918,125,0,0,0
39,666,caliber,3855,3855,80944,3485,127918,0,0,0,4112,3113,0,1000,0,0,0,0,0,0
39,666,degree4,4001,4001,84011,3388,127918,0,0,0,4000,3001,0,1000,0,0,0,0,0,18446744073709551615
39,666,selected_grid,2503,2503,0,0,267734,0,0,0,2502,676,2,1092,735,112923,709,0,0,0
40,333,std_binary,0,0,0,0,0,0,0,0,0,0,0,0,0,0,0,0,0,0
40,333,binary,4427,4427,94398,3936,255736,0,0,0,4426,3427,0,1000,0,0,0,0,0,0
40,333,fourary,4427,4427,96831,3936,255736,0,0,0,4426,3427,0,1000,0,0,0,0,0,0
40,333,mean_map,4934,4934,0,0,657931,0,0,0,4933,77,2,1572,3285,127692,1572,0,0,0
40,333,mean_ring,4934,4934,0,0,657931,0,0,0,4933,77,2,1572,3285,127692,1572,0,0,0
40,333,mean_degree,4437,4437,0,0,511472,0,0,0,4436,3396,477,1000,41,255736,72,0,0,0
40,333,max_maxdegree,4416,4416,0,0,511472,0,0,0,4415,3354,307,1000,62,255736,122,0,0,0
40,333,caliber,4244,4244,90089,3942,255736,0,0,0,4490,3491,0,1000,0,0,0,0,0,0
40,333,degree4,4427,4427,94398,3936,255736,0,0,0,4426,3427,0,1000,0,0,0,0,0,18446744073709551615
40,333,selected_grid,3549,3549,0,0,533696,0,0,0,3548,2010,21,1087,452,245310,1023,0,0,0
40,666,std_binary,0,0,0,0,0,0,0,0,0,0,0,0,0,0,0,0,0,0
40,666,binary,4396,4396,93334,3908,255736,0,0,0,4395,3396,0,1000,0,0,0,0,0,0
40,666,fourary,4396,4396,96164,3908,255736,0,0,0,4395,3396,0,1000,0,0,0,0,0,0
40,666,mean_map,4990,4990,0,0,675709,0,0,0,4989,107,2,1640,3243,127692,1640,0,0,0
40,666,mean_ring,4990,4990,0,0,675709,0,0,0,4989,107,2,1640,3243,127692,1640,0,0,0
40,666,mean_degree,4421,4421,0,0,511472,0,0,0,4420,3382,485,1000,39,255736,67,0,0,0
40,666,max_maxdegree,4418,4418,0,0,511472,0,0,0,4417,3358,309,1000,60,255736,109,0,0,0
40,666,caliber,4266,4266,90551,3946,255736,0,0,0,4487,3488,0,1000,0,0,0,0,0,0
40,666,degree4,4396,4396,93334,3908,255736,0,0,0,4395,3396,0,1000,0,0,0,0,0,18446744073709551615
40,666,selected_grid,3392,3392,0,0,525614,0,0,0,3391,1954,21,1055,383,245310,916,0,0,0
41,1666,std_binary,0,0,0,0,0,0,0,0,0,0,0,0,0,0,0,0,0,0
41,1666,binary,4191,4191,71479,856,7862,0,0,0,4190,260,0,3931,0,0,0,0,0,0
41,1666,fourary,4191,4191,77122,856,7862,0,0,0,4190,260,0,3931,0,0,0,0,0,0
41,1666,mean_map,4140,4140,0,0,15767,0,0,0,4139,80,18,3947,113,3918,778,0,0,0
41,1666,mean_ring,4140,4140,0,0,15767,0,0,0,4139,80,18,3947,113,3918,778,0,0,0
41,1666,mean_degree,4158,4158,0,0,15732,0,0,0,4157,154,34,3938,66,5927,403,0,0,0
41,1666,max_maxdegree,4184,4184,0,0,15726,0,0,0,4183,205,73,3932,47,7084,192,0,0,0
41,1666,caliber,2791,2791,47382,856,7862,0,0,0,4247,317,0,3931,0,0,0,0,0,0
41,1666,degree4,4352,4352,78867,1229,7862,1836,3250,1838,4351,421,0,3931,0,0,0,8105,14758,18446744073709551615
41,1666,selected_grid,4761,4761,0,0,16330,0,0,0,4760,220,3,4227,314,0,2499,0,0,0
41,3333,std_binary,0,0,0,0,0,0,0,0,0,0,0,0,0,0,0,0,0,0
41,3333,binary,4205,4205,71834,872,7862,0,0,0,4204,274,0,3931,0,0,0,0,0,0
41,3333,fourary,4205,4205,77348,872,7862,0,0,0,4204,274,0,3931,0,0,0,0,0,0
41,3333,mean_map,4160,4160,0,0,15765,0,0,0,4159,87,19,3951,122,3918,804,0,0,0
41,3333,mean_ring,4160,4160,0,0,15765,0,0,0,4159,87,19,3951,122,3918,804,0,0,0
41,3333,mean_degree,4182,4182,0,0,15730,0,0,0,4181,163,37,3933,86,5927,409,0,0,0
41,3333,max_maxdegree,4199,4199,0,0,15724,0,0,0,4198,215,78,3931,53,7084,198,0,0,0
41,3333,caliber,2839,2839,48514,888,7862,0,0,0,4281,351,0,3931,0,0,0,0,0,0
41,3333,degree4,4392,4392,79751,1255,7862,1801,3193,1850,4391,461,0,3931,0,0,0,8105,14758,18446744073709551615
41,3333,selected_grid,4664,4664,0,0,16335,0,0,0,4663,90,3,4235,339,0,2872,0,0,0
42,1666,std_binary,0,0,0,0,0,0,0,0,0,0,0,0,0,0,0,0,0,0
42,1666,binary,6463,6463,133375,2746,19723,0,0,0,6462,1551,0,4912,0,0,0,0,0,0
42,1666,fourary,6463,6463,140389,2746,19723,0,0,0,6462,1551,0,4912,0,0,0,0,0,0
42,1666,mean_map,6187,6187,0,0,39988,0,0,0,6186,520,9,5042,625,9884,2193,0,0,0
42,1666,mean_ring,6187,6187,0,0,39988,0,0,0,6186,520,9,5042,625,9884,2193,0,0,0
42,1666,mean_degree,6428,6428,0,0,39483,0,0,0,6427,1265,31,4922,241,17375,603,0,0,0
42,1666,max_maxdegree,6468,6468,0,0,39466,0,0,0,6467,1372,46,4919,177,18224,398,0,0,0
42,1666,caliber,5009,5009,102404,2895,19723,0,0,0,6739,1828,0,4912,0,0,0,0,0,0
42,1666,degree4,6979,6979,148037,3392,19723,1181,3243,1477,6978,2067,0,4912,0,0,0,5347,14741,18446744073709551615
42,1666,selected_grid,7516,7516,0,0,42751,0,0,0,7515,160,3,5746,1610,0,4784,0,0,0
42,3333,std_binary,0,0,0,0,0,0,0,0,0,0,0,0,0,0,0,0,0,0
42,3333,binary,6463,6463,133461,2780,19723,0,0,0,6462,1551,0,4912,0,0,0,0,0,0
42,3333,fourary,6463,6463,140725,2780,19723,0,0,0,6462,1551,0,4912,0,0,0,0,0,0
42,3333,mean_map,6176,6176,0,0,39893,0,0,0,6175,493,8,5021,662,9884,2160,0,0,0
42,3333,mean_ring,6176,6176,0,0,39893,0,0,0,6175,493,8,5021,662,9884,2160,0,0,0
42,3333,mean_degree,6385,6385,0,0,39498,0,0,0,6384,1208,31,4924,253,17375,624,0,0,0
42,3333,max_maxdegree,6434,6434,0,0,39485,0,0,0,6433,1325,46,4920,189,18224,419,0,0,0
42,3333,caliber,5018,5018,102758,2930,19723,0,0,0,6713,1802,0,4912,0,0,0,0,0,0
42,3333,degree4,6986,6986,148403,3425,19723,1129,3142,1467,6985,2074,0,4912,0,0,0,5347,14741,18446744073709551615
42,3333,selected_grid,8489,8489,0,0,42429,0,0,0,8488,1461,2,5652,1376,0,3623,0,0,0
43,1666,std_binary,0,0,0,0,0,0,0,0,0,0,0,0,0,0,0,0,0,0
43,1666,binary,8846,8846,199279,5302,39961,0,0,0,8845,3847,0,4999,0,0,0,0,0,0
43,1666,fourary,8846,8846,204494,5302,39961,0,0,0,8845,3847,0,4999,0,0,0,0,0,0
43,1666,mean_map,8262,8262,0,0,83485,0,0,0,8261,1367,6,5436,1459,20013,3368,0,0,0
43,1666,mean_ring,8262,8262,0,0,83485,0,0,0,8261,1367,6,5436,1459,20013,3368,0,0,0
43,1666,mean_degree,8791,8791,0,0,79968,0,0,0,8790,3529,35,5005,257,37800,647,0,0,0
43,1666,max_maxdegree,8824,8824,0,0,79938,0,0,0,8823,3607,42,5001,216,38225,516,0,0,0
43,1666,caliber,7561,7561,168386,5513,39961,0,0,0,9204,4206,0,4999,0,0,0,0,0,0
43,1666,degree4,8870,8870,199943,5326,39961,31,104,37,8869,3871,0,4999,0,0,0,192,656,18446744073709551615
43,1666,selected_grid,12038,12038,0,0,98233,0,0,0,12037,2007,3,7276,2755,0,7069,0,0,0
43,3333,std_binary,0,0,0,0,0,0,0,0,0,0,0,0,0,0,0,0,0,0
43,3333,binary,8922,8922,201074,5286,39961,0,0,0,8921,3923,0,4999,0,0,0,0,0,0
43,3333,fourary,8922,8922,206385,5286,39961,0,0,0,8921,3923,0,4999,0,0,0,0,0,0
43,3333,mean_map,8363,8363,0,0,83862,0,0,0,8362,1246,5,5494,1623,20013,3833,0,0,0
43,3333,mean_ring,8363,8363,0,0,83862,0,0,0,8362,1246,5,5494,1623,20013,3833,0,0,0
43,3333,mean_degree,8788,8788,0,0,79973,0,0,0,8787,3492,34,5006,290,37800,620,0,0,0
43,3333,max_maxdegree,8813,8813,0,0,79928,0,0,0,8812,3586,39,5000,227,38225,520,0,0,0
43,3333,caliber,7576,7576,169015,5506,39961,0,0,0,9216,4218,0,4999,0,0,0,0,0,0
43,3333,degree4,8948,8948,201649,5313,39961,37,121,42,8947,3949,0,4999,0,0,0,192,656,18446744073709551615
43,3333,selected_grid,10116,10116,0,0,87121,0,0,0,10115,835,3,5894,3387,0,4450,0,0,0
44,1666,std_binary,0,0,0,0,0,0,0,0,0,0,0,0,0,0,0,0,0,0
44,1666,binary,11881,11881,281082,8322,80074,0,0,0,11880,6881,0,5000,0,0,0,0,0,0
44,1666,fourary,11881,11881,292825,8322,80074,0,0,0,11880,6881,0,5000,0,0,0,0,0,0
44,1666,mean_map,12258,12258,0,0,189984,0,0,0,12257,2264,3,6843,3151,40065,6487,0,0,0
44,1666,mean_ring,12258,12258,0,0,189984,0,0,0,12257,2264,3,6843,3151,40065,6487,0,0,0
44,1666,mean_degree,11806,11806,0,0,160161,0,0,0,11805,6494,49,5001,311,78337,584,0,0,0
44,1666,max_maxdegree,11827,11827,0,0,160203,0,0,0,11826,6524,51,5003,300,78438,573,0,0,0
44,1666,caliber,10507,10507,246534,8478,80074,0,0,0,12138,7139,0,5000,0,0,0,0,0,0
44,1666,degree4,11881,11881,281082,8322,80074,0,0,0,11880,6881,0,5000,0,0,0,0,0,18446744073709551615
44,1666,selected_grid,9864,9864,0,0,167997,0,0,0,9863,2974,7,5486,1404,60346,3804,0,0,0
44,3333,std_binary,0,0,0,0,0,0,0,0,0,0,0,0,0,0,0,0,0,0
44,3333,binary,11782,11782,277803,8241,80074,0,0,0,11781,6782,0,5000,0,0,0,0,0,0
44,3333,fourary,11782,11782,289374,8241,80074,0,0,0,11781,6782,0,5000,0,0,0,0,0,0
44,3333,mean_map,12007,12007,0,0,186899,0,0,0,12006,2080,3,6674,3253,40065,6234,0,0,0
44,3333,mean_ring,12007,12007,0,0,186899,0,0,0,12006,2080,3,6674,3253,40065,6234,0,0,0
44,3333,mean_degree,11624,11624,0,0,160202,0,0,0,11623,6347,52,5003,274,78337,589,0,0,0
44,3333,max_maxdegree,11674,11674,0,0,160205,0,0,0,11673,6391,53,5003,280,78438,588,0,0,0
44,3333,caliber,10473,10473,245155,8411,80074,0,0,0,12074,7075,0,5000,0,0,0,0,0,0
44,3333,degree4,11782,11782,277803,8241,80074,0,0,0,11781,6782,0,5000,0,0,0,0,0,18446744073709551615
44,3333,selected_grid,10010,10010,0,0,167688,0,0,0,10009,3134,7,5476,1400,60346,4018,0,0,0
45,1666,std_binary,0,0,0,0,0,0,0,0,0,0,0,0,0,0,0,0,0,0
45,1666,binary,14463,14463,355447,11023,160149,0,0,0,14462,9463,0,5000,0,0,0,0,0,0
45,1666,fourary,14463,14463,367302,11023,160149,0,0,0,14462,9463,0,5000,0,0,0,0,0,0
45,1666,mean_map,15798,15798,0,0,379975,0,0,0,15797,6776,2,6864,2158,80091,6450,0,0,0
45,1666,mean_ring,15798,15798,0,0,379975,0,0,0,15797,6776,2,6864,2158,80091,6450,0,0,0
45,1666,mean_degree,14492,14492,0,0,320298,0,0,0,14491,9219,80,5000,273,159187,552,0,0,0
45,1666,max_maxdegree,14422,14422,0,0,320298,0,0,0,14421,9078,69,5000,344,158782,646,0,0,0
45,1666,caliber,13354,13354,325984,11348,160149,0,0,0,14881,9882,0,5000,0,0,0,0,0,0
45,1666,degree4,14463,14463,355447,11023,160149,0,0,0,14462,9463,0,5000,0,0,0,0,0,18446744073709551615
45,1666,selected_grid,15798,15798,0,0,379975,0,0,0,15797,6776,2,6864,2158,80091,6450,0,0,0
45,3333,std_binary,0,0,0,0,0,0,0,0,0,0,0,0,0,0,0,0,0,0
45,3333,binary,14723,14723,362316,11249,160149,0,0,0,14722,9723,0,5000,0,0,0,0,0,0
45,3333,fourary,14723,14723,374246,11249,160149,0,0,0,14722,9723,0,5000,0,0,0,0,0,0
45,3333,mean_map,15665,15665,0,0,372254,0,0,0,15664,6490,2,6619,2556,80091,5937,0,0,0
45,3333,mean_ring,15665,15665,0,0,372254,0,0,0,15664,6490,2,6619,2556,80091,5937,0,0,0
45,3333,mean_degree,14710,14710,0,0,320298,0,0,0,14709,9384,81,5000,326,159187,581,0,0,0
45,3333,max_maxdegree,14677,14677,0,0,320322,0,0,0,14676,9312,71,5001,364,158782,670,0,0,0
45,3333,caliber,13501,13501,330486,11514,160149,0,0,0,15072,10073,0,5000,0,0,0,0,0,0
45,3333,degree4,14723,14723,362316,11249,160149,0,0,0,14722,9723,0,5000,0,0,0,0,0,18446744073709551615
45,3333,selected_grid,15665,15665,0,0,372254,0,0,0,15664,6490,2,6619,2556,80091,5937,0,0,0
46,1666,std_binary,0,0,0,0,0,0,0,0,0,0,0,0,0,0,0,0,0,0
46,1666,binary,17656,17656,445400,14370,320601,0,0,0,17655,12656,0,5000,0,0,0,0,0,0
46,1666,fourary,17656,17656,457455,14370,320601,0,0,0,17655,12656,0,5000,0,0,0,0,0,0
46,1666,mean_map,25475,25475,0,0,993757,0,0,0,25474,4652,2,10507,10316,160202,10507,0,0,0
46,1666,mean_ring,25475,25475,0,0,993757,0,0,0,25474,4652,2,10507,10316,160202,10507,0,0,0
46,1666,mean_degree,17636,17636,0,0,641202,0,0,0,17635,12415,144,5000,221,320601,481,0,0,0
46,1666,max_maxdegree,17684,17684,0,0,641202,0,0,0,17683,12346,108,5000,338,320478,656,0,0,0
46,1666,caliber,16502,16502,414401,14609,320601,0,0,0,17951,12952,0,5000,0,0,0,0,0,0
46,1666,degree4,17656,17656,445400,14370,320601,0,0,0,17655,12656,0,5000,0,0,0,0,0,18446744073709551615
46,1666,selected_grid,14145,14145,0,0,697361,0,0,0,14144,6317,9,5876,1952,283106,5361,0,0,0
46,3333,std_binary,0,0,0,0,0,0,0,0,0,0,0,0,0,0,0,0,0,0
46,3333,binary,17410,17410,438458,14177,320601,0,0,0,17409,12410,0,5000,0,0,0,0,0,0
46,3333,fourary,17410,17410,450738,14177,320601,0,0,0,17409,12410,0,5000,0,0,0,0,0,0
46,3333,mean_map,23110,23110,0,0,939569,0,0,0,23109,4062,2,9637,9411,160202,9637,0,0,0
46,3333,mean_ring,23110,23110,0,0,939569,0,0,0,23109,4062,2,9637,9411,160202,9637,0,0,0
46,3333,mean_degree,17404,17404,0,0,641202,0,0,0,17403,12153,143,5000,251,320601,497,0,0,0
46,3333,max_maxdegree,17448,17448,0,0,641202,0,0,0,17447,12085,109,5000,363,320478,640,0,0,0
46,3333,caliber,16229,16229,406682,14373,320601,0,0,0,17749,12750,0,5000,0,0,0,0,0,0
46,3333,degree4,17410,17410,438458,14177,320601,0,0,0,17409,12410,0,5000,0,0,0,0,0,18446744073709551615
46,3333,selected_grid,12393,12393,0,0,685500,0,0,0,12392,4774,9,5689,1930,283106,4740,0,0,0
47,1666,std_binary,0,0,0,0,0,0,0,0,0,0,0,0,0,0,0,0,0,0
47,1666,binary,20106,20106,515186,17126,640503,0,0,0,20105,15106,0,5000,0,0,0,0,0,0
47,1666,fourary,20106,20106,525646,17126,640503,0,0,0,20105,15106,0,5000,0,0,0,0,0,0
47,1666,mean_map,27967,27967,0,0,1931943,0,0,0,27966,2827,2,10083,15057,320255,10083,0,0,0
47,1666,mean_ring,27967,27967,0,0,1931943,0,0,0,27966,2827,2,10083,15057,320255,10083,0,0,0
47,1666,mean_degree,20154,20154,0,0,1281006,0,0,0,20153,14930,270,5000,224,640503,416,0,0,0
47,1666,max_maxdegree,20181,20181,0,0,1281006,0,0,0,20180,14879,179,5000,302,640503,629,0,0,0
47,1666,caliber,18991,18991,485341,17190,640503,0,0,0,20329,15330,0,5000,0,0,0,0,0,0
47,1666,degree4,20106,20106,515186,17126,640503,0,0,0,20105,15106,0,5000,0,0,0,0,0,18446744073709551615
47,1666,selected_grid,11953,11953,0,0,1319901,0,0,0,11952,2292,7,5305,4356,565543,2755,0,0,0
47,3333,std_binary,0,0,0,0,0,0,0,0,0,0,0,0,0,0,0,0,0,0
47,3333,binary,19979,19979,511454,16951,640503,0,0,0,19978,14979,0,5000,0,0,0,0,0,0
47,3333,fourary,19979,19979,522445,16951,640503,0,0,0,19978,14979,0,5000,0,0,0,0,0,0
47,3333,mean_map,28391,28391,0,0,1930401,0,0,0,28390,3180,2,10072,15139,320255,10072,0,0,0
47,3333,mean_ring,28391,28391,0,0,1930401,0,0,0,28390,3180,2,10072,15139,320255,10072,0,0,0
47,3333,mean_degree,19962,19962,0,0,1281006,0,0,0,19961,14744,271,5000,218,640503,424,0,0,0
47,3333,max_maxdegree,20010,20010,0,0,1281006,0,0,0,20009,14685,180,5000,325,640503,635,0,0,0
47,3333,caliber,18959,18959,484216,17116,640503,0,0,0,20316,15317,0,5000,0,0,0,0,0,0
47,3333,degree4,19979,19979,511454,16951,640503,0,0,0,19978,14979,0,5000,0,0,0,0,0,18446744073709551615
47,3333,selected_grid,12108,12108,0,0,1373988,0,0,0,12107,1450,9,5726,4932,565543,4764,0,0,0
48,1666,std_binary,0,0,0,0,0,0,0,0,0,0,0,0,0,0,0,0,0,0
48,1666,binary,22370,22370,585252,19796,1279610,0,0,0,22369,17370,0,5000,0,0,0,0,0,0
48,1666,fourary,22370,22370,589080,19796,1279610,0,0,0,22369,17370,0,5000,0,0,0,0,0,0
48,1666,mean_map,30174,30174,0,0,3693952,0,0,0,30173,1641,2,9427,19106,639860,9427,0,0,0
48,1666,mean_ring,30174,30174,0,0,3693952,0,0,0,30173,1641,2,9427,19106,639860,9427,0,0,0
48,1666,mean_degree,22339,22339,0,0,2559220,0,0,0,22338,17160,520,5000,179,1279610,318,0,0,0
48,1666,max_maxdegree,22349,22349,0,0,2559220,0,0,0,22348,17062,321,5000,287,1279610,512,0,0,0
48,1666,caliber,21872,21872,571504,20222,1279610,0,0,0,23013,18014,0,5000,0,0,0,0,0,0
48,1666,degree4,22370,22370,585252,19796,1279610,0,0,0,22369,17370,0,5000,0,0,0,0,0,18446744073709551615
48,1666,selected_grid,21408,21408,0,0,2560479,0,0,0,21407,15229,67,5005,1174,1272082,1949,0,0,0
48,3333,std_binary,0,0,0,0,0,0,0,0,0,0,0,0,0,0,0,0,0,0
48,3333,binary,21965,21965,572177,19383,1279610,0,0,0,21964,16965,0,5000,0,0,0,0,0,0
48,3333,fourary,21965,21965,577465,19383,1279610,0,0,0,21964,16965,0,5000,0,0,0,0,0,0
48,3333,mean_map,30399,30399,0,0,3647656,0,0,0,30398,1659,2,9261,19479,639860,9261,0,0,0
48,3333,mean_ring,30399,30399,0,0,3647656,0,0,0,30398,1659,2,9261,19479,639860,9261,0,0,0
48,3333,mean_degree,22024,22024,0,0,2559220,0,0,0,22023,16853,520,5000,171,1279610,335,0,0,0
48,3333,max_maxdegree,22077,22077,0,0,2559220,0,0,0,22076,16799,320,5000,278,1279610,515,0,0,0
48,3333,caliber,21345,21345,555529,19703,1279610,0,0,0,22498,17499,0,5000,0,0,0,0,0,0
48,3333,degree4,21965,21965,572177,19383,1279610,0,0,0,21964,16965,0,5000,0,0,0,0,0,18446744073709551615
48,3333,selected_grid,21145,21145,0,0,2559708,0,0,0,21144,14973,67,5002,1170,1272082,2139,0,0,0
