family,n,m,class,arm,admitted,pushes,pops,scouts,scout_scans,comparisons
sparse,1000,4571,live,never,0,1397,1397,0,0,23131
sparse,1000,4571,live,always,4571,1695,1695,634,2965,30145
sparse,1000,4571,live,degree4,568,1445,1445,135,348,24297
sparse,1000,4571,live,high_high,1787,1623,1623,294,1950,28321
sparse,1000,4571,live,complement,4003,1698,1698,563,2853,30204
sparse,1000,4571,live,random_exact,568,1494,1494,143,645,25470
sparse,1000,4571,live,adaptive,261,1414,1414,63,130,23509
dense,1000,99482,dead,never,0,3812,3812,0,0,79677
dense,1000,99482,dead,always,99482,4940,4940,803,79782,107762
dense,1000,99482,dead,degree4,0,3812,3812,0,0,79677
dense,1000,99482,dead,high_high,99482,4940,4940,803,79782,107762
dense,1000,99482,dead,complement,99482,4940,4940,803,79782,107762
dense,1000,99482,dead,random_exact,0,3812,3812,0,0,79677
dense,1000,99482,dead,adaptive,0,3812,3812,0,0,79677
grid,1000,3870,saturated,never,0,1241,1241,0,0,11902
grid,1000,3870,saturated,always,3870,1360,1360,621,2404,14903
grid,1000,3870,saturated,degree4,3870,1360,1360,621,2404,14903
grid,1000,3870,saturated,high_high,0,1241,1241,0,0,11902
grid,1000,3870,saturated,complement,0,1241,1241,0,0,11902
grid,1000,3870,saturated,random_exact,3870,1360,1360,621,2404,14903
grid,1000,3870,saturated,adaptive,252,1262,1262,58,174,12327
clustered,1000,25061,dead,never,0,2412,2412,0,0,39306
clustered,1000,25061,dead,always,25061,3230,3230,661,16590,60829
clustered,1000,25061,dead,degree4,0,2412,2412,0,0,39306
clustered,1000,25061,dead,high_high,25061,3230,3230,661,16590,60829
clustered,1000,25061,dead,complement,25061,3230,3230,661,16590,60829
clustered,1000,25061,dead,random_exact,0,2412,2412,0,0,39306
clustered,1000,25061,dead,adaptive,0,2412,2412,0,0,39306
roadlike,1000,6000,dead,never,0,1404,1404,0,0,13825
roadlike,1000,6000,dead,always,6000,1741,1741,568,3408,20603
roadlike,1000,6000,dead,degree4,0,1404,1404,0,0,13825
roadlike,1000,6000,dead,high_high,6000,1741,1741,568,3408,20603
roadlike,1000,6000,dead,complement,6000,1741,1741,568,3408,20603
roadlike,1000,6000,dead,random_exact,0,1404,1404,0,0,13825
roadlike,1000,6000,dead,adaptive,0,1404,1404,0,0,13825
sparse,2000,9049,live,never,0,2697,2697,0,0,49332
sparse,2000,9049,live,always,9049,3264,3264,1201,5440,63710
sparse,2000,9049,live,degree4,1212,2796,2796,277,670,52069
sparse,2000,9049,live,high_high,3381,3156,3156,544,3532,60778
sparse,2000,9049,live,complement,7837,3202,3202,1028,5047,62242
sparse,2000,9049,live,random_exact,1212,2937,2937,323,1446,55603
sparse,2000,9049,live,adaptive,563,2744,2744,141,288,50692
dense,2000,399506,dead,never,0,8555,8555,0,0,198795
dense,2000,399506,dead,always,399506,11286,11286,1592,318144,275201
dense,2000,399506,dead,degree4,0,8555,8555,0,0,198795
dense,2000,399506,dead,high_high,399506,11286,11286,1592,318144,275201
dense,2000,399506,dead,complement,399506,11286,11286,1592,318144,275201
dense,2000,399506,dead,random_exact,0,8555,8555,0,0,198795
dense,2000,399506,dead,adaptive,0,8555,8555,0,0,198795
grid,2000,7820,saturated,never,0,2506,2506,0,0,26954
grid,2000,7820,saturated,always,7820,2761,2761,1244,4867,33692
grid,2000,7820,saturated,degree4,7820,2761,2761,1244,4867,33692
grid,2000,7820,saturated,high_high,0,2506,2506,0,0,26954
grid,2000,7820,saturated,complement,0,2506,2506,0,0,26954
grid,2000,7820,saturated,random_exact,7820,2761,2761,1244,4867,33692
grid,2000,7820,saturated,adaptive,352,2526,2526,82,245,27528
clustered,2000,51918,dead,never,0,5247,5247,0,0,100376
clustered,2000,51918,dead,always,51918,6660,6660,1485,38669,138722
clustered,2000,51918,dead,degree4,0,5247,5247,0,0,100376
clustered,2000,51918,dead,high_high,51918,6660,6660,1485,38669,138722
clustered,2000,51918,dead,complement,51918,6660,6660,1485,38669,138722
clustered,2000,51918,dead,random_exact,0,5247,5247,0,0,100376
clustered,2000,51918,dead,adaptive,0,5247,5247,0,0,100376
roadlike,2000,12000,dead,never,0,2790,2790,0,0,30634
roadlike,2000,12000,dead,always,12000,3545,3545,1169,7014,46090
roadlike,2000,12000,dead,degree4,0,2790,2790,0,0,30634
roadlike,2000,12000,dead,high_high,12000,3545,3545,1169,7014,46090
roadlike,2000,12000,dead,complement,12000,3545,3545,1169,7014,46090
roadlike,2000,12000,dead,random_exact,0,2790,2790,0,0,30634
roadlike,2000,12000,dead,adaptive,0,2790,2790,0,0,30634
sparse,5000,22746,live,never,0,6879,6879,0,0,144514
sparse,5000,22746,live,always,22746,8326,8326,3064,13851,186140
sparse,5000,22746,live,degree4,3070,7210,7210,702,1778,153897
sparse,5000,22746,live,high_high,8466,8026,8026,1357,8817,176857
sparse,5000,22746,live,complement,19676,8276,8276,2689,13225,184424
sparse,5000,22746,live,random_exact,3070,7482,7482,813,3815,161039
sparse,5000,22746,live,adaptive,1463,7035,7035,375,783,148964
dense,5000,2499352,dead,never,0,24020,24020,0,0,633974
dense,5000,2499352,dead,always,2499352,31686,31686,3631,1815871,864484
dense,5000,2499352,dead,degree4,0,24020,24020,0,0,633974
dense,5000,2499352,dead,high_high,2499352,31686,31686,3631,1815871,864484
dense,5000,2499352,dead,complement,2499352,31686,31686,3631,1815871,864484
dense,5000,2499352,dead,random_exact,0,24020,24020,0,0,633974
dense,5000,2499352,dead,adaptive,0,24020,24020,0,0,633974
grid,5000,19700,saturated,never,0,6320,6320,0,0,74282
grid,5000,19700,saturated,always,19700,6983,6983,3164,12465,92508
grid,5000,19700,saturated,degree4,19700,6983,6983,3164,12465,92508
grid,5000,19700,saturated,high_high,0,6320,6320,0,0,74282
grid,5000,19700,saturated,complement,0,6320,6320,0,0,74282
grid,5000,19700,saturated,random_exact,19700,6983,6983,3164,12465,92508
grid,5000,19700,saturated,adaptive,592,6360,6360,134,400,75154
clustered,5000,142318,dead,never,0,15349,15349,0,0,353297
clustered,5000,142318,dead,always,142318,18825,18825,3710,106228,447668
clustered,5000,142318,dead,degree4,0,15349,15349,0,0,353297
clustered,5000,142318,dead,high_high,142318,18825,18825,3710,106228,447668
clustered,5000,142318,dead,complement,142318,18825,18825,3710,106228,447668
clustered,5000,142318,dead,random_exact,0,15349,15349,0,0,353297
clustered,5000,142318,dead,adaptive,0,15349,15349,0,0,353297
roadlike,5000,30000,dead,never,0,7001,7001,0,0,86902
roadlike,5000,30000,dead,always,30000,8793,8793,2917,17502,126474
roadlike,5000,30000,dead,degree4,0,7001,7001,0,0,86902
roadlike,5000,30000,dead,high_high,30000,8793,8793,2917,17502,126474
roadlike,5000,30000,dead,complement,30000,8793,8793,2917,17502,126474
roadlike,5000,30000,dead,random_exact,0,7001,7001,0,0,86902
roadlike,5000,30000,dead,adaptive,0,7001,7001,0,0,86902
sparse,10000,45188,live,never,0,13603,13603,0,0,311994
sparse,10000,45188,live,always,45188,16343,16343,6032,27422,395922
sparse,10000,45188,live,degree4,6150,14195,14195,1431,3553,330090
sparse,10000,45188,live,high_high,16524,15700,15700,2692,17399,374997
sparse,10000,45188,live,complement,39038,16270,16270,5269,26021,393461
sparse,10000,45188,live,random_exact,6150,14681,14681,1564,6938,344120
sparse,10000,45188,live,adaptive,2806,13861,13861,736,1450,319841
dense,10000,9998123,dead,never,0,51130,51130,0,0,1463240
dense,10000,9998123,dead,always,9998123,65879,65879,5987,5987828,1933899
dense,10000,9998123,dead,degree4,0,51130,51130,0,0,1463240
dense,10000,9998123,dead,high_high,9998123,65879,65879,5987,5987828,1933899
dense,10000,9998123,dead,complement,9998123,65879,65879,5987,5987828,1933899
dense,10000,9998123,dead,random_exact,0,51130,51130,0,0,1463240
dense,10000,9998123,dead,adaptive,0,51130,51130,0,0,1463240
grid,10000,39600,saturated,never,0,12688,12688,0,0,167649
grid,10000,39600,saturated,always,39600,14031,14031,6320,25029,206488
grid,10000,39600,saturated,degree4,39600,14031,14031,6320,25029,206488
grid,10000,39600,saturated,high_high,0,12688,12688,0,0,167649
grid,10000,39600,saturated,complement,0,12688,12688,0,0,167649
grid,10000,39600,saturated,random_exact,39600,14031,14031,6320,25029,206488
grid,10000,39600,saturated,adaptive,792,12736,12736,171,513,168855
clustered,10000,324486,dead,never,0,34037,34037,0,0,858309
clustered,10000,324486,dead,always,324486,39885,39885,7669,249954,1048571
clustered,10000,324486,dead,degree4,0,34037,34037,0,0,858309
clustered,10000,324486,dead,high_high,324486,39885,39885,7669,249954,1048571
clustered,10000,324486,dead,complement,324486,39885,39885,7669,249954,1048571
clustered,10000,324486,dead,random_exact,0,34037,34037,0,0,858309
clustered,10000,324486,dead,adaptive,0,34037,34037,0,0,858309
roadlike,10000,60000,dead,never,0,13926,13926,0,0,186756
roadlike,10000,60000,dead,always,60000,17888,17888,5872,35232,277123
roadlike,10000,60000,dead,degree4,0,13926,13926,0,0,186756
roadlike,10000,60000,dead,high_high,60000,17888,17888,5872,35232,277123
roadlike,10000,60000,dead,complement,60000,17888,17888,5872,35232,277123
roadlike,10000,60000,dead,random_exact,0,13926,13926,0,0,186756
roadlike,10000,60000,dead,adaptive,0,13926,13926,0,0,186756
