key,panel,family,n,seed,source,fourary,mean_degree,mean_map,mean_ring,degree,feature_ns,chosen,policy_ns,best_ns,fixed_ns,split
core:1,core,sparse,1000,42,333,253750.0,190950.0,171150.0,165900.0,4.571,356600,mean_ring,165900.0,165900.0,165900.0,train
core:1,core,sparse,1000,42,666,252650.0,212600.0,159750.0,160000.0,4.571,356600,mean_ring,160000.0,159750.0,160000.0,train
core:10,core,dense,2000,42,666,2066350.0,2844000.0,3097250.0,3164650.0,199.753,20304900,fourary,2066350.0,2066350.0,3164650.0,train
core:10,core,dense,2000,42,1333,2119750.0,3073800.0,3606300.0,3604800.0,199.753,20304900,fourary,2119750.0,2119750.0,3604800.0,train
core:11,core,dense,5000,42,1666,9203150.0,16910650.0,19940400.0,20757950.0,499.8704,146838000,fourary,9203150.0,9203150.0,20757950.0,train
core:11,core,dense,5000,42,3333,9590300.0,16860500.0,19142900.0,19658650.0,499.8704,146838000,fourary,9590300.0,9590300.0,19658650.0,train
core:12,core,grid,1000,42,333,136100.0,150400.0,129650.0,126050.0,3.87,168600,mean_ring,126050.0,126050.0,126050.0,train
core:12,core,grid,1000,42,666,132000.0,144200.0,126400.0,122750.0,3.87,168600,mean_ring,122750.0,122750.0,122750.0,train
core:13,core,grid,2000,42,666,267600.0,282500.0,248250.0,223450.0,3.91,413000,mean_ring,223450.0,223450.0,223450.0,train
core:13,core,grid,2000,42,1333,277550.0,286050.0,230100.0,219300.0,3.91,413000,mean_ring,219300.0,219300.0,219300.0,train
core:14,core,grid,5000,42,1666,753800.0,660950.0,575150.0,534600.0,3.94,1277200,mean_ring,534600.0,534600.0,534600.0,train
core:14,core,grid,5000,42,3333,734400.0,695900.0,600300.0,544650.0,3.94,1277200,mean_ring,544650.0,544650.0,544650.0,train
core:15,core,grid,10000,42,3333,1683750.0,1210750.0,1060700.0,1014050.0,3.96,2562200,mean_ring,1014050.0,1014050.0,1014050.0,train
core:15,core,grid,10000,42,6666,1503200.0,1169300.0,1025700.0,969750.0,3.96,2562200,mean_ring,969750.0,969750.0,969750.0,train
core:16,core,roadlike,1000,42,333,144150.0,185650.0,153850.0,152250.0,6.0,330300,mean_ring,152250.0,144150.0,152250.0,train
core:16,core,roadlike,1000,42,666,131300.0,178900.0,152200.0,150950.0,6.0,330300,mean_ring,150950.0,131300.0,150950.0,train
core:17,core,roadlike,2000,42,666,294400.0,347000.0,298350.0,279300.0,6.0,530700,mean_ring,279300.0,279300.0,279300.0,train
core:17,core,roadlike,2000,42,1333,296750.0,340000.0,291150.0,278300.0,6.0,530700,mean_ring,278300.0,278300.0,278300.0,train
core:18,core,roadlike,5000,42,1666,818650.0,859850.0,752500.0,692150.0,6.0,1303600,mean_ring,692150.0,692150.0,692150.0,train
core:18,core,roadlike,5000,42,3333,835550.0,869250.0,737200.0,715000.0,6.0,1303600,mean_ring,715000.0,715000.0,715000.0,train
core:19,core,sparse,1000,1729,333,190900.0,154500.0,126650.0,119350.0,4.493,195800,mean_ring,119350.0,119350.0,119350.0,holdout
core:19,core,sparse,1000,1729,666,195700.0,155100.0,131850.0,119650.0,4.493,195800,mean_ring,119650.0,119650.0,119650.0,holdout
core:2,core,sparse,2000,42,666,490050.0,369900.0,290550.0,264450.0,4.5245,449400,mean_ring,264450.0,264450.0,264450.0,train
core:2,core,sparse,2000,42,1333,465600.0,353000.0,278200.0,269800.0,4.5245,449400,mean_ring,269800.0,269800.0,269800.0,train
core:20,core,sparse,2000,1729,666,415900.0,296550.0,237450.0,224350.0,4.5075,392700,mean_ring,224350.0,224350.0,224350.0,holdout
core:20,core,sparse,2000,1729,1333,414100.0,299300.0,239550.0,228450.0,4.5075,392700,mean_ring,228450.0,228450.0,228450.0,holdout
core:21,core,sparse,5000,1729,1666,1095000.0,683750.0,590050.0,566500.0,4.4844,934700,mean_ring,566500.0,566500.0,566500.0,holdout
core:21,core,sparse,5000,1729,3333,1111300.0,712050.0,594050.0,575950.0,4.4844,934700,mean_ring,575950.0,575950.0,575950.0,holdout
core:22,core,sparse,10000,1729,3333,2469500.0,1422550.0,1307050.0,1233250.0,4.4726,2112100,mean_ring,1233250.0,1233250.0,1233250.0,holdout
core:22,core,sparse,10000,1729,6666,2525500.0,1435300.0,1370700.0,1320700.0,4.4726,2112100,mean_ring,1320700.0,1320700.0,1320700.0,holdout
core:23,core,clustered,1000,1729,333,322250.0,426400.0,268750.0,248300.0,25.303,1142700,mean_ring,248300.0,248300.0,248300.0,holdout
core:23,core,clustered,1000,1729,666,325450.0,423850.0,286150.0,260700.0,25.303,1142700,mean_ring,260700.0,260700.0,260700.0,holdout
core:24,core,clustered,2000,1729,666,786200.0,842400.0,537150.0,507950.0,26.096,2228800,mean_ring,507950.0,507950.0,507950.0,holdout
core:24,core,clustered,2000,1729,1333,795800.0,830150.0,532850.0,520900.0,26.096,2228800,mean_ring,520900.0,520900.0,520900.0,holdout
core:25,core,clustered,5000,1729,1666,2788050.0,1984000.0,1544900.0,1437650.0,28.4594,6694300,mean_ring,1437650.0,1437650.0,1437650.0,holdout
core:25,core,clustered,5000,1729,3333,2600050.0,1959650.0,1527450.0,1393550.0,28.4594,6694300,mean_ring,1393550.0,1393550.0,1393550.0,holdout
core:26,core,clustered,10000,1729,3333,8120450.0,5384150.0,4790600.0,4431700.0,32.513,15315600,mean_ring,4431700.0,4431700.0,4431700.0,holdout
core:26,core,clustered,10000,1729,6666,7583200.0,4796900.0,4270950.0,4114650.0,32.513,15315600,mean_ring,4114650.0,4114650.0,4114650.0,holdout
core:27,core,dense,1000,1729,333,709450.0,931100.0,978850.0,958850.0,100.295,4736500,fourary,709450.0,709450.0,958850.0,holdout
core:27,core,dense,1000,1729,666,689100.0,943750.0,985250.0,955050.0,100.295,4736500,fourary,689100.0,689100.0,955050.0,holdout
core:28,core,dense,2000,1729,666,1962400.0,3133250.0,3288000.0,3447900.0,200.2735,20810100,fourary,1962400.0,1962400.0,3447900.0,holdout
core:28,core,dense,2000,1729,1333,2177050.0,3018050.0,3895300.0,3965450.0,200.2735,20810100,fourary,2177050.0,2177050.0,3965450.0,holdout
core:29,core,dense,5000,1729,1666,7320650.0,13019300.0,15282250.0,15406800.0,500.1296,162871800,fourary,7320650.0,7320650.0,15406800.0,holdout
core:29,core,dense,5000,1729,3333,7371250.0,13022900.0,15831350.0,16178650.0,500.1296,162871800,fourary,7371250.0,7371250.0,16178650.0,holdout
core:3,core,sparse,5000,42,1666,1327850.0,836000.0,745600.0,696100.0,4.5492,1343600,mean_ring,696100.0,696100.0,696100.0,train
core:3,core,sparse,5000,42,3333,1204100.0,753100.0,647800.0,647000.0,4.5492,1343600,mean_ring,647000.0,647000.0,647000.0,train
core:30,core,grid,1000,1729,333,101200.0,114400.0,99950.0,97200.0,3.87,121800,mean_ring,97200.0,97200.0,97200.0,holdout
core:30,core,grid,1000,1729,666,105300.0,115950.0,101400.0,98100.0,3.87,121800,mean_ring,98100.0,98100.0,98100.0,holdout
core:31,core,grid,2000,1729,666,214450.0,215900.0,187750.0,176800.0,3.91,256500,mean_ring,176800.0,176800.0,176800.0,holdout
core:31,core,grid,2000,1729,1333,221450.0,219950.0,189800.0,181550.0,3.91,256500,mean_ring,181550.0,181550.0,181550.0,holdout
core:32,core,grid,5000,1729,1666,598700.0,545850.0,464150.0,432350.0,3.94,711400,mean_ring,432350.0,432350.0,432350.0,holdout
core:32,core,grid,5000,1729,3333,589400.0,530250.0,453300.0,423700.0,3.94,711400,mean_ring,423700.0,423700.0,423700.0,holdout
core:33,core,grid,10000,1729,3333,1212600.0,948350.0,827350.0,780650.0,3.96,1552700,mean_ring,780650.0,780650.0,780650.0,holdout
core:33,core,grid,10000,1729,6666,1250300.0,964400.0,852950.0,800350.0,3.96,1552700,mean_ring,800350.0,800350.0,800350.0,holdout
core:34,core,roadlike,1000,1729,333,116950.0,142950.0,117550.0,115650.0,6.0,244100,mean_ring,115650.0,115650.0,115650.0,holdout
core:34,core,roadlike,1000,1729,666,118700.0,146500.0,118600.0,116800.0,6.0,244100,mean_ring,116800.0,116800.0,116800.0,holdout
core:35,core,roadlike,2000,1729,666,242350.0,272950.0,234450.0,225250.0,6.0,400800,mean_ring,225250.0,225250.0,225250.0,holdout
core:35,core,roadlike,2000,1729,1333,239400.0,267250.0,220800.0,216350.0,6.0,400800,mean_ring,216350.0,216350.0,216350.0,holdout
core:36,core,roadlike,5000,1729,1666,597500.0,645150.0,547900.0,519500.0,6.0,995800,mean_ring,519500.0,519500.0,519500.0,holdout
core:36,core,roadlike,5000,1729,3333,619150.0,620850.0,531500.0,506950.0,6.0,995800,mean_ring,506950.0,506950.0,506950.0,holdout
core:37,core,sparse,1000,2026,333,141300.0,118750.0,91350.0,88350.0,4.561,144100,mean_ring,88350.0,88350.0,88350.0,holdout
core:37,core,sparse,1000,2026,666,148100.0,116400.0,94100.0,88150.0,4.561,144100,mean_ring,88150.0,88150.0,88150.0,holdout
core:38,core,sparse,2000,2026,666,321950.0,218550.0,181400.0,169300.0,4.4765,294600,mean_ring,169300.0,169300.0,169300.0,holdout
core:38,core,sparse,2000,2026,1333,314500.0,220850.0,182450.0,168800.0,4.4765,294600,mean_ring,168800.0,168800.0,168800.0,holdout
core:39,core,sparse,5000,2026,1666,855700.0,537800.0,463900.0,429700.0,4.4678,765700,mean_ring,429700.0,429700.0,429700.0,holdout
core:39,core,sparse,5000,2026,3333,858500.0,547600.0,462850.0,431100.0,4.4678,765700,mean_ring,431100.0,431100.0,431100.0,holdout
core:4,core,sparse,10000,42,3333,2589450.0,1496350.0,1410600.0,1383750.0,4.5188,1770600,mean_ring,1383750.0,1383750.0,1383750.0,train
core:4,core,sparse,10000,42,6666,2626800.0,1515700.0,1560200.0,1421500.0,4.5188,1770600,mean_ring,1421500.0,1421500.0,1421500.0,train
core:40,core,sparse,10000,2026,3333,1935300.0,1106850.0,1017750.0,945150.0,4.4873,1590300,mean_ring,945150.0,945150.0,945150.0,holdout
core:40,core,sparse,10000,2026,6666,1927900.0,1103950.0,1011800.0,967200.0,4.4873,1590300,mean_ring,967200.0,967200.0,967200.0,holdout
core:41,core,clustered,1000,2026,333,245000.0,327250.0,209050.0,195750.0,25.331,850800,mean_ring,195750.0,195750.0,195750.0,holdout
core:41,core,clustered,1000,2026,666,256500.0,312450.0,200650.0,188450.0,25.331,850800,mean_ring,188450.0,188450.0,188450.0,holdout
core:42,core,clustered,2000,2026,666,609650.0,608050.0,400300.0,382450.0,26.1505,1716700,mean_ring,382450.0,382450.0,382450.0,holdout
core:42,core,clustered,2000,2026,1333,612750.0,606450.0,400950.0,384950.0,26.1505,1716700,mean_ring,384950.0,384950.0,384950.0,holdout
core:43,core,clustered,5000,2026,1666,1965550.0,1464550.0,1085300.0,1044400.0,28.5478,5469200,mean_ring,1044400.0,1044400.0,1044400.0,holdout
core:43,core,clustered,5000,2026,3333,2052100.0,1502600.0,1103700.0,1044100.0,28.5478,5469200,mean_ring,1044100.0,1044100.0,1044100.0,holdout
core:44,core,clustered,10000,2026,3333,5663850.0,3629250.0,2947600.0,2910400.0,32.4846,11700800,mean_ring,2910400.0,2910400.0,2910400.0,holdout
core:44,core,clustered,10000,2026,6666,5401450.0,3444400.0,3056550.0,2868150.0,32.4846,11700800,mean_ring,2868150.0,2868150.0,2868150.0,holdout
core:45,core,dense,1000,2026,333,515300.0,664850.0,644350.0,642300.0,99.88,3538400,fourary,515300.0,515300.0,642300.0,holdout
core:45,core,dense,1000,2026,666,520300.0,678800.0,668900.0,674050.0,99.88,3538400,fourary,520300.0,520300.0,674050.0,holdout
core:46,core,dense,2000,2026,666,1483600.0,2221250.0,2507550.0,2563850.0,199.921,15426900,fourary,1483600.0,1483600.0,2563850.0,holdout
core:46,core,dense,2000,2026,1333,1582200.0,2251400.0,2701950.0,2553500.0,199.921,15426900,fourary,1582200.0,1582200.0,2553500.0,holdout
core:47,core,dense,5000,2026,1666,7449300.0,13020900.0,16072150.0,15726950.0,499.5508,141569700,fourary,7449300.0,7449300.0,15726950.0,holdout
core:47,core,dense,5000,2026,3333,8514850.0,14690700.0,17178450.0,17802800.0,499.5508,141569700,fourary,8514850.0,8514850.0,17802800.0,holdout
core:48,core,grid,1000,2026,333,109900.0,122450.0,103600.0,101750.0,3.87,155800,mean_ring,101750.0,101750.0,101750.0,holdout
core:48,core,grid,1000,2026,666,112400.0,124800.0,102800.0,102000.0,3.87,155800,mean_ring,102000.0,102000.0,102000.0,holdout
core:49,core,grid,2000,2026,666,224650.0,234250.0,191900.0,189450.0,3.91,242700,mean_ring,189450.0,189450.0,189450.0,holdout
core:49,core,grid,2000,2026,1333,223700.0,230550.0,192850.0,184350.0,3.91,242700,mean_ring,184350.0,184350.0,184350.0,holdout
core:5,core,clustered,1000,42,333,341700.0,444600.0,284400.0,262550.0,25.061,1142700,mean_ring,262550.0,262550.0,262550.0,train
core:5,core,clustered,1000,42,666,329550.0,456600.0,280950.0,266600.0,25.061,1142700,mean_ring,266600.0,266600.0,266600.0,train
core:50,core,grid,5000,2026,1666,614750.0,541650.0,474100.0,445500.0,3.94,589800,mean_ring,445500.0,445500.0,445500.0,holdout
core:50,core,grid,5000,2026,3333,594200.0,546050.0,476850.0,442150.0,3.94,589800,mean_ring,442150.0,442150.0,442150.0,holdout
core:51,core,grid,10000,2026,3333,1300650.0,992800.0,880150.0,825800.0,3.96,1344500,mean_ring,825800.0,825800.0,825800.0,holdout
core:51,core,grid,10000,2026,6666,1270250.0,973100.0,864750.0,802950.0,3.96,1344500,mean_ring,802950.0,802950.0,802950.0,holdout
core:52,core,roadlike,1000,2026,333,112050.0,147200.0,124600.0,121200.0,6.0,214500,mean_ring,121200.0,112050.0,121200.0,holdout
core:52,core,roadlike,1000,2026,666,110900.0,148950.0,126800.0,129150.0,6.0,214500,mean_ring,129150.0,110900.0,129150.0,holdout
core:53,core,roadlike,2000,2026,666,228300.0,274250.0,225750.0,222250.0,6.0,445000,mean_ring,222250.0,222250.0,222250.0,holdout
core:53,core,roadlike,2000,2026,1333,237500.0,259450.0,219750.0,212250.0,6.0,445000,mean_ring,212250.0,212250.0,212250.0,holdout
core:54,core,roadlike,5000,2026,1666,611150.0,637050.0,540250.0,519700.0,6.0,914700,mean_ring,519700.0,519700.0,519700.0,holdout
core:54,core,roadlike,5000,2026,3333,615150.0,635700.0,542350.0,527500.0,6.0,914700,mean_ring,527500.0,527500.0,527500.0,holdout
core:6,core,clustered,2000,42,666,877200.0,842250.0,556750.0,528150.0,25.959,2451100,mean_ring,528150.0,528150.0,528150.0,train
core:6,core,clustered,2000,42,1333,834300.0,833150.0,546050.0,544350.0,25.959,2451100,mean_ring,544350.0,544350.0,544350.0,train
core:7,core,clustered,5000,42,1666,2677700.0,2096350.0,1594350.0,1524750.0,28.4636,7022300,mean_ring,1524750.0,1524750.0,1524750.0,train
core:7,core,clustered,5000,42,3333,2680550.0,1980450.0,1493600.0,1396900.0,28.4636,7022300,mean_ring,1396900.0,1396900.0,1396900.0,train
core:8,core,clustered,10000,42,3333,7354050.0,4686100.0,3958950.0,3883700.0,32.4486,18029800,mean_ring,3883700.0,3883700.0,3883700.0,train
core:8,core,clustered,10000,42,6666,7517650.0,4922750.0,4002250.0,3897950.0,32.4486,18029800,mean_ring,3897950.0,3897950.0,3897950.0,train
core:9,core,dense,1000,42,333,684900.0,879050.0,843950.0,893100.0,99.482,4703500,fourary,684900.0,684900.0,893100.0,train
core:9,core,dense,1000,42,666,650300.0,845000.0,854450.0,853650.0,99.482,4703500,fourary,650300.0,650300.0,853650.0,train
density:1,density,er_d2,1000,42,333,74600.0,76150.0,67400.0,61250.0,2.008,86600,mean_ring,61250.0,61250.0,61250.0,train
density:1,density,er_d2,1000,42,666,75550.0,78300.0,68550.0,62950.0,2.008,86600,mean_ring,62950.0,62950.0,62950.0,train
density:10,density,er_d4,5000,42,1666,1862600.0,1279250.0,1237000.0,1016350.0,4.0466,2384700,mean_ring,1016350.0,1016350.0,1016350.0,train
density:10,density,er_d4,5000,42,3333,1813100.0,924450.0,1018900.0,788500.0,4.0466,2384700,mean_ring,788500.0,788500.0,788500.0,train
density:11,density,er_d8,5000,42,1666,2234300.0,1239600.0,1297200.0,1106750.0,8.0244,3871500,mean_ring,1106750.0,1106750.0,1106750.0,train
density:11,density,er_d8,5000,42,3333,2450900.0,1622800.0,1581100.0,1269250.0,8.0244,3871500,mean_ring,1269250.0,1269250.0,1269250.0,train
density:12,density,er_d16,5000,42,1666,2455050.0,1676150.0,1559350.0,1522400.0,16.0538,4531000,mean_ring,1522400.0,1522400.0,1522400.0,train
density:12,density,er_d16,5000,42,3333,2522300.0,1653300.0,1521000.0,1387050.0,16.0538,4531000,mean_ring,1387050.0,1387050.0,1387050.0,train
density:13,density,er_d32,5000,42,1666,2834750.0,2138800.0,2403800.0,2211200.0,32.103,7312000,mean_ring,2211200.0,2138800.0,2211200.0,train
density:13,density,er_d32,5000,42,3333,2872700.0,2250250.0,2155150.0,2019350.0,32.103,7312000,mean_ring,2019350.0,2019350.0,2019350.0,train
density:14,density,er_d64,5000,42,1666,3798850.0,3422850.0,4512800.0,4168150.0,64.0504,15781700,fourary,3798850.0,3422850.0,4168150.0,train
density:14,density,er_d64,5000,42,3333,3729750.0,3357250.0,4234400.0,4406850.0,64.0504,15781700,fourary,3729750.0,3357250.0,4406850.0,train
density:15,density,er_d128,5000,42,1666,5006250.0,5692500.0,7133000.0,7231450.0,128.1482,34352100,fourary,5006250.0,5006250.0,7231450.0,train
density:15,density,er_d128,5000,42,3333,5227900.0,5820050.0,7615450.0,7431850.0,128.1482,34352100,fourary,5227900.0,5227900.0,7431850.0,train
density:16,density,er_d256,5000,42,1666,7214750.0,9765550.0,13077800.0,13025600.0,256.3082,79241100,fourary,7214750.0,7214750.0,13025600.0,train
density:16,density,er_d256,5000,42,3333,6682050.0,9671850.0,11861250.0,12039350.0,256.3082,79241100,fourary,6682050.0,6682050.0,12039350.0,train
density:17,density,er_d2,1000,1729,333,550.0,1200.0,1200.0,1200.0,1.976,123100,mean_ring,1200.0,550.0,1200.0,holdout
density:17,density,er_d2,1000,1729,666,92600.0,95550.0,84850.0,77900.0,1.976,123100,mean_ring,77900.0,77900.0,77900.0,holdout
density:18,density,er_d4,1000,1729,333,165050.0,137450.0,115900.0,106200.0,4.011,183000,mean_ring,106200.0,106200.0,106200.0,holdout
density:18,density,er_d4,1000,1729,666,176800.0,142100.0,121550.0,112050.0,4.011,183000,mean_ring,112050.0,112050.0,112050.0,holdout
density:19,density,er_d8,1000,1729,333,257950.0,204850.0,151250.0,144450.0,7.985,346500,mean_ring,144450.0,144450.0,144450.0,holdout
density:19,density,er_d8,1000,1729,666,255250.0,199800.0,158950.0,147500.0,7.985,346500,mean_ring,147500.0,147500.0,147500.0,holdout
density:2,density,er_d4,1000,42,333,141000.0,120850.0,99050.0,89500.0,3.958,135300,mean_ring,89500.0,89500.0,89500.0,train
density:2,density,er_d4,1000,42,666,153850.0,128450.0,105050.0,99600.0,3.958,135300,mean_ring,99600.0,99600.0,99600.0,train
density:20,density,er_d16,1000,1729,333,357450.0,274500.0,222150.0,206000.0,16.166,915900,mean_ring,206000.0,206000.0,206000.0,holdout
density:20,density,er_d16,1000,1729,666,333350.0,283350.0,220850.0,210800.0,16.166,915900,mean_ring,210800.0,210800.0,210800.0,holdout
density:21,density,er_d32,1000,1729,333,445750.0,416600.0,363500.0,369250.0,32.24,1453600,mean_ring,369250.0,363500.0,369250.0,holdout
density:21,density,er_d32,1000,1729,666,439300.0,405800.0,373950.0,383250.0,32.24,1453600,mean_ring,383250.0,373950.0,383250.0,holdout
density:22,density,er_d64,1000,1729,333,613050.0,632300.0,666400.0,677300.0,64.155,3013900,fourary,613050.0,613050.0,677300.0,holdout
density:22,density,er_d64,1000,1729,666,622100.0,717050.0,696700.0,656400.0,64.155,3013900,fourary,622100.0,622100.0,656400.0,holdout
density:23,density,er_d128,1000,1729,333,787200.0,1110050.0,1165200.0,1176650.0,128.619,6629300,fourary,787200.0,787200.0,1176650.0,holdout
density:23,density,er_d128,1000,1729,666,920000.0,1095250.0,1116150.0,1094300.0,128.619,6629300,fourary,920000.0,920000.0,1094300.0,holdout
density:24,density,er_d256,1000,1729,333,1062550.0,1810250.0,1873050.0,1898550.0,256.574,15952200,fourary,1062550.0,1062550.0,1898550.0,holdout
density:24,density,er_d256,1000,1729,666,984100.0,1895450.0,1906950.0,1944000.0,256.574,15952200,fourary,984100.0,984100.0,1944000.0,holdout
density:25,density,er_d2,5000,1729,1666,618900.0,411050.0,395400.0,360800.0,2.0338,522400,mean_ring,360800.0,360800.0,360800.0,holdout
density:25,density,er_d2,5000,1729,3333,622700.0,427000.0,394200.0,346150.0,2.0338,522400,mean_ring,346150.0,346150.0,346150.0,holdout
density:26,density,er_d4,5000,1729,1666,1047900.0,683650.0,594250.0,559800.0,4.0576,943200,mean_ring,559800.0,559800.0,559800.0,holdout
density:26,density,er_d4,5000,1729,3333,1038200.0,704350.0,602900.0,567350.0,4.0576,943200,mean_ring,567350.0,567350.0,567350.0,holdout
density:27,density,er_d8,5000,1729,1666,1543800.0,1014900.0,859150.0,932350.0,8.071,1827300,mean_ring,932350.0,859150.0,932350.0,holdout
density:27,density,er_d8,5000,1729,3333,1658700.0,909150.0,838450.0,762400.0,8.071,1827300,mean_ring,762400.0,762400.0,762400.0,holdout
density:28,density,er_d16,5000,1729,1666,2133600.0,1344950.0,1150050.0,1172400.0,16.1108,3808100,mean_ring,1172400.0,1150050.0,1172400.0,holdout
density:28,density,er_d16,5000,1729,3333,2051950.0,1295150.0,1166400.0,1169650.0,16.1108,3808100,mean_ring,1169650.0,1166400.0,1169650.0,holdout
density:29,density,er_d32,5000,1729,1666,2795150.0,2129250.0,2034400.0,1983550.0,32.1674,7519000,mean_ring,1983550.0,1983550.0,1983550.0,holdout
density:29,density,er_d32,5000,1729,3333,2771100.0,2068050.0,2203700.0,2263550.0,32.1674,7519000,mean_ring,2263550.0,2068050.0,2263550.0,holdout
density:3,density,er_d8,1000,42,333,204950.0,162750.0,132200.0,119300.0,8.002,282000,mean_ring,119300.0,119300.0,119300.0,train
density:3,density,er_d8,1000,42,666,206200.0,173650.0,128650.0,122250.0,8.002,282000,mean_ring,122250.0,122250.0,122250.0,train
density:30,density,er_d64,5000,1729,1666,3977350.0,3294050.0,3896150.0,4040300.0,64.3086,15846700,fourary,3977350.0,3294050.0,4040300.0,holdout
density:30,density,er_d64,5000,1729,3333,3854550.0,3367350.0,4058600.0,4022000.0,64.3086,15846700,fourary,3854550.0,3367350.0,4022000.0,holdout
density:31,density,er_d128,5000,1729,1666,5554300.0,6076550.0,7551750.0,7665450.0,128.4562,34684000,fourary,5554300.0,5554300.0,7665450.0,holdout
density:31,density,er_d128,5000,1729,3333,5482000.0,6220050.0,7580550.0,7730400.0,128.4562,34684000,fourary,5482000.0,5482000.0,7730400.0,holdout
density:32,density,er_d256,5000,1729,1666,7626050.0,10663800.0,12104950.0,12573500.0,256.4054,76497800,fourary,7626050.0,7626050.0,12573500.0,holdout
density:32,density,er_d256,5000,1729,3333,7358650.0,10061000.0,13067850.0,12898550.0,256.4054,76497800,fourary,7358650.0,7358650.0,12898550.0,holdout
density:33,density,er_d2,1000,2026,333,94850.0,91750.0,84950.0,81300.0,2.014,85100,mean_ring,81300.0,81300.0,81300.0,holdout
density:33,density,er_d2,1000,2026,666,94750.0,93050.0,84900.0,77750.0,2.014,85100,mean_ring,77750.0,77750.0,77750.0,holdout
density:34,density,er_d4,1000,2026,333,170600.0,142600.0,118850.0,113000.0,4.062,174100,mean_ring,113000.0,113000.0,113000.0,holdout
density:34,density,er_d4,1000,2026,666,180450.0,140550.0,131700.0,112550.0,4.062,174100,mean_ring,112550.0,112550.0,112550.0,holdout
density:35,density,er_d8,1000,2026,333,254900.0,205850.0,161350.0,155750.0,8.079,407300,mean_ring,155750.0,155750.0,155750.0,holdout
density:35,density,er_d8,1000,2026,666,258900.0,219050.0,171050.0,155450.0,8.079,407300,mean_ring,155450.0,155450.0,155450.0,holdout
density:36,density,er_d16,1000,2026,333,340150.0,282300.0,208850.0,203600.0,16.075,778000,mean_ring,203600.0,203600.0,203600.0,holdout
density:36,density,er_d16,1000,2026,666,337550.0,272950.0,207300.0,197450.0,16.075,778000,mean_ring,197450.0,197450.0,197450.0,holdout
density:37,density,er_d32,1000,2026,333,429150.0,414900.0,342000.0,333900.0,32.044,1411100,mean_ring,333900.0,333900.0,333900.0,holdout
density:37,density,er_d32,1000,2026,666,432000.0,412550.0,413200.0,397950.0,32.044,1411100,mean_ring,397950.0,397950.0,397950.0,holdout
density:38,density,er_d64,1000,2026,333,591300.0,697700.0,675850.0,653100.0,63.889,3097800,fourary,591300.0,591300.0,653100.0,holdout
density:38,density,er_d64,1000,2026,666,650850.0,725400.0,690400.0,643100.0,63.889,3097800,fourary,650850.0,643100.0,643100.0,holdout
density:39,density,er_d128,1000,2026,333,719800.0,1050700.0,991900.0,989100.0,127.918,7317200,fourary,719800.0,719800.0,989100.0,holdout
density:39,density,er_d128,1000,2026,666,717500.0,1005750.0,1064300.0,1075350.0,127.918,7317200,fourary,717500.0,717500.0,1075350.0,holdout
density:4,density,er_d16,1000,42,333,268950.0,232650.0,176200.0,165700.0,15.852,563800,mean_ring,165700.0,165700.0,165700.0,train
density:4,density,er_d16,1000,42,666,283250.0,245950.0,177800.0,168800.0,15.852,563800,mean_ring,168800.0,168800.0,168800.0,train
density:40,density,er_d256,1000,2026,333,922650.0,1729900.0,1705100.0,1754700.0,255.736,13366500,fourary,922650.0,922650.0,1754700.0,holdout
density:40,density,er_d256,1000,2026,666,952400.0,1701350.0,1720300.0,1836350.0,255.736,13366500,fourary,952400.0,952400.0,1836350.0,holdout
density:41,density,er_d2,5000,2026,1666,562050.0,389600.0,367000.0,329450.0,2.0146,500600,mean_ring,329450.0,329450.0,329450.0,holdout
density:41,density,er_d2,5000,2026,3333,626450.0,398950.0,415550.0,346500.0,2.0146,500600,mean_ring,346500.0,346500.0,346500.0,holdout
density:42,density,er_d4,5000,2026,1666,1004950.0,646100.0,566350.0,516350.0,4.019,874600,mean_ring,516350.0,516350.0,516350.0,holdout
density:42,density,er_d4,5000,2026,3333,1021450.0,651350.0,555200.0,519500.0,4.019,874600,mean_ring,519500.0,519500.0,519500.0,holdout
density:43,density,er_d8,5000,2026,1666,1570150.0,942600.0,944300.0,767800.0,7.9934,2107300,mean_ring,767800.0,767800.0,767800.0,holdout
density:43,density,er_d8,5000,2026,3333,1562800.0,973550.0,821750.0,773000.0,7.9934,2107300,mean_ring,773000.0,773000.0,773000.0,holdout
density:44,density,er_d16,5000,2026,1666,2144300.0,1394300.0,1313350.0,1398950.0,16.0148,5332300,mean_ring,1398950.0,1313350.0,1398950.0,holdout
density:44,density,er_d16,5000,2026,3333,2153550.0,1370550.0,1288600.0,1330050.0,16.0148,5332300,mean_ring,1330050.0,1288600.0,1330050.0,holdout
density:45,density,er_d32,5000,2026,1666,2901150.0,2056150.0,1972250.0,1870750.0,32.0298,7250000,mean_ring,1870750.0,1870750.0,1870750.0,holdout
density:45,density,er_d32,5000,2026,3333,2997000.0,1977250.0,1882700.0,1809300.0,32.0298,7250000,mean_ring,1809300.0,1809300.0,1809300.0,holdout
density:46,density,er_d64,5000,2026,1666,3812250.0,3407100.0,4079750.0,4073500.0,64.1202,15843200,fourary,3812250.0,3407100.0,4073500.0,holdout
density:46,density,er_d64,5000,2026,3333,3702450.0,3548150.0,3950700.0,4048400.0,64.1202,15843200,fourary,3702450.0,3548150.0,4048400.0,holdout
density:47,density,er_d128,5000,2026,1666,7589750.0,8536650.0,10101800.0,9764100.0,128.1006,35084800,fourary,7589750.0,7589750.0,9764100.0,holdout
density:47,density,er_d128,5000,2026,3333,6053750.0,6653150.0,8235750.0,8391150.0,128.1006,35084800,fourary,6053750.0,6053750.0,8391150.0,holdout
density:48,density,er_d256,5000,2026,1666,7089800.0,9871850.0,12463050.0,12353250.0,255.922,78904200,fourary,7089800.0,7089800.0,12353250.0,holdout
density:48,density,er_d256,5000,2026,3333,7089450.0,9990700.0,12505750.0,12837500.0,255.922,78904200,fourary,7089450.0,7089450.0,12837500.0,holdout
density:5,density,er_d32,1000,42,333,359350.0,337950.0,302950.0,297950.0,31.685,1300800,mean_ring,297950.0,297950.0,297950.0,train
density:5,density,er_d32,1000,42,666,377250.0,337000.0,311150.0,314350.0,31.685,1300800,mean_ring,314350.0,311150.0,314350.0,train
density:6,density,er_d64,1000,42,333,496000.0,569700.0,525650.0,517050.0,63.664,2775400,fourary,496000.0,496000.0,517050.0,train
density:6,density,er_d64,1000,42,666,506250.0,566350.0,549700.0,551500.0,63.664,2775400,fourary,506250.0,506250.0,551500.0,train
density:7,density,er_d128,1000,42,333,602200.0,851200.0,903750.0,901950.0,127.491,6116900,fourary,602200.0,602200.0,901950.0,train
density:7,density,er_d128,1000,42,666,570850.0,838400.0,813100.0,814400.0,127.491,6116900,fourary,570850.0,570850.0,814400.0,train
density:8,density,er_d256,1000,42,333,774750.0,1438850.0,1448950.0,1480300.0,255.852,10333400,fourary,774750.0,774750.0,1480300.0,train
density:8,density,er_d256,1000,42,666,791600.0,1499150.0,1528250.0,1540050.0,255.852,10333400,fourary,791600.0,791600.0,1540050.0,train
density:9,density,er_d2,5000,42,1666,6900.0,8350.0,66500.0,8350.0,2.0152,696400,mean_ring,8350.0,6900.0,8350.0,train
density:9,density,er_d2,5000,42,3333,4250.0,7900.0,9100.0,67500.0,2.0152,696400,mean_ring,67500.0,4250.0,67500.0,train
laws:1,laws,sparse_uniform,2000,42,667,440300.0,291550.0,251900.0,227950.0,4.5245,410900,mean_ring,227950.0,227950.0,227950.0,train
laws:1,laws,sparse_uniform,2000,42,1333,414650.0,300550.0,251750.0,228500.0,4.5245,410900,mean_ring,228500.0,228500.0,228500.0,train
laws:10,laws,clustered_near,2000,42,667,408050.0,372750.0,427950.0,420050.0,25.959,2423200,mean_ring,420050.0,372750.0,420050.0,train
laws:10,laws,clustered_near,2000,42,1333,420450.0,371500.0,420600.0,411900.0,25.959,2423200,mean_ring,411900.0,371500.0,411900.0,train
laws:11,laws,clustered_skew,2000,42,667,559500.0,540300.0,455600.0,453200.0,25.959,2336100,mean_ring,453200.0,453200.0,453200.0,train
laws:11,laws,clustered_skew,2000,42,1333,550100.0,547050.0,471250.0,482250.0,25.959,2336100,mean_ring,482250.0,471250.0,482250.0,train
laws:12,laws,clustered_bimodal,2000,42,667,456000.0,352450.0,377050.0,386000.0,25.959,646800,mean_ring,386000.0,352450.0,386000.0,train
laws:12,laws,clustered_bimodal,2000,42,1333,429950.0,363800.0,366200.0,366000.0,25.959,646800,mean_ring,366000.0,363800.0,366000.0,train
laws:13,laws,clustered_zero,2000,42,667,878500.0,441600.0,529500.0,533500.0,25.959,1777100,mean_ring,533500.0,441600.0,533500.0,train
laws:13,laws,clustered_zero,2000,42,1333,923500.0,414100.0,554300.0,571250.0,25.959,1777100,mean_ring,571250.0,414100.0,571250.0,train
laws:14,laws,clustered_integer,2000,42,667,1214250.0,733750.0,597650.0,601000.0,25.959,1175500,mean_ring,601000.0,597650.0,601000.0,train
laws:14,laws,clustered_integer,2000,42,1333,1295900.0,744400.0,579200.0,567650.0,25.959,1175500,mean_ring,567650.0,567650.0,567650.0,train
laws:15,laws,clustered_shuffle,2000,42,667,721950.0,631250.0,505250.0,502650.0,25.959,2651700,mean_ring,502650.0,502650.0,502650.0,train
laws:15,laws,clustered_shuffle,2000,42,1333,757550.0,657100.0,508950.0,490550.0,25.959,2651700,mean_ring,490550.0,490550.0,490550.0,train
laws:16,laws,clustered_scale,2000,42,667,820650.0,843800.0,545400.0,518700.0,25.959,2245000,mean_ring,518700.0,518700.0,518700.0,train
laws:16,laws,clustered_scale,2000,42,1333,826800.0,828900.0,585850.0,552500.0,25.959,2245000,mean_ring,552500.0,552500.0,552500.0,train
laws:17,laws,sparse_uniform,2000,1729,667,420400.0,313450.0,258250.0,243250.0,4.5075,395900,mean_ring,243250.0,243250.0,243250.0,holdout
laws:17,laws,sparse_uniform,2000,1729,1333,427900.0,312300.0,262550.0,244350.0,4.5075,395900,mean_ring,244350.0,244350.0,244350.0,holdout
laws:18,laws,sparse_near,2000,1729,667,300650.0,182400.0,231500.0,218650.0,4.5075,554200,mean_ring,218650.0,182400.0,218650.0,holdout
laws:18,laws,sparse_near,2000,1729,1333,296100.0,190350.0,226050.0,218000.0,4.5075,554200,mean_ring,218000.0,190350.0,218000.0,holdout
laws:19,laws,sparse_skew,2000,1729,667,414450.0,283000.0,245000.0,233000.0,4.5075,481900,mean_ring,233000.0,233000.0,233000.0,holdout
laws:19,laws,sparse_skew,2000,1729,1333,439000.0,279550.0,258500.0,244300.0,4.5075,481900,mean_ring,244300.0,244300.0,244300.0,holdout
laws:2,laws,sparse_near,2000,42,667,298400.0,173850.0,229950.0,211600.0,4.5245,400500,mean_ring,211600.0,173850.0,211600.0,train
laws:2,laws,sparse_near,2000,42,1333,312400.0,166150.0,237900.0,236750.0,4.5245,400500,mean_ring,236750.0,166150.0,236750.0,train
laws:20,laws,sparse_bimodal,2000,1729,667,453400.0,191450.0,184450.0,191450.0,4.5075,161300,mean_ring,191450.0,184450.0,191450.0,holdout
laws:20,laws,sparse_bimodal,2000,1729,1333,463300.0,185250.0,182050.0,188750.0,4.5075,161300,mean_ring,188750.0,182050.0,188750.0,holdout
laws:21,laws,sparse_zero,2000,1729,667,536700.0,368400.0,424300.0,359100.0,4.5075,380100,mean_ring,359100.0,359100.0,359100.0,holdout
laws:21,laws,sparse_zero,2000,1729,1333,567050.0,401250.0,479700.0,478100.0,4.5075,380100,mean_ring,478100.0,401250.0,478100.0,holdout
laws:22,laws,sparse_integer,2000,1729,667,563600.0,314850.0,264950.0,253650.0,4.5075,279400,mean_ring,253650.0,253650.0,253650.0,holdout
laws:22,laws,sparse_integer,2000,1729,1333,638750.0,318000.0,271050.0,244700.0,4.5075,279400,mean_ring,244700.0,244700.0,244700.0,holdout
laws:23,laws,sparse_shuffle,2000,1729,667,440950.0,362650.0,258700.0,248100.0,4.5075,407200,mean_ring,248100.0,248100.0,248100.0,holdout
laws:23,laws,sparse_shuffle,2000,1729,1333,429000.0,316300.0,263350.0,238200.0,4.5075,407200,mean_ring,238200.0,238200.0,238200.0,holdout
laws:24,laws,sparse_scale,2000,1729,667,414800.0,307250.0,258400.0,248250.0,4.5075,451000,mean_ring,248250.0,248250.0,248250.0,holdout
laws:24,laws,sparse_scale,2000,1729,1333,410000.0,295900.0,316500.0,245500.0,4.5075,451000,mean_ring,245500.0,245500.0,245500.0,holdout
laws:25,laws,clustered_uniform,2000,1729,667,831550.0,801750.0,554750.0,506300.0,26.096,2230000,mean_ring,506300.0,506300.0,506300.0,holdout
laws:25,laws,clustered_uniform,2000,1729,1333,834050.0,817600.0,569050.0,520400.0,26.096,2230000,mean_ring,520400.0,520400.0,520400.0,holdout
laws:26,laws,clustered_near,2000,1729,667,431450.0,430450.0,446700.0,445850.0,26.096,2069800,mean_ring,445850.0,430450.0,445850.0,holdout
laws:26,laws,clustered_near,2000,1729,1333,458400.0,377250.0,442350.0,435950.0,26.096,2069800,mean_ring,435950.0,377250.0,435950.0,holdout
laws:27,laws,clustered_skew,2000,1729,667,561850.0,588150.0,491450.0,471150.0,26.096,2087200,mean_ring,471150.0,471150.0,471150.0,holdout
laws:27,laws,clustered_skew,2000,1729,1333,587650.0,631650.0,500050.0,488650.0,26.096,2087200,mean_ring,488650.0,488650.0,488650.0,holdout
laws:28,laws,clustered_bimodal,2000,1729,667,597750.0,488450.0,518000.0,463900.0,26.096,990300,mean_ring,463900.0,463900.0,463900.0,holdout
laws:28,laws,clustered_bimodal,2000,1729,1333,573850.0,471300.0,473700.0,466700.0,26.096,990300,mean_ring,466700.0,466700.0,466700.0,holdout
laws:29,laws,clustered_zero,2000,1729,667,1012600.0,484450.0,608350.0,644550.0,26.096,2287300,mean_ring,644550.0,484450.0,644550.0,holdout
laws:29,laws,clustered_zero,2000,1729,1333,1043300.0,464250.0,620450.0,613100.0,26.096,2287300,mean_ring,613100.0,464250.0,613100.0,holdout
laws:3,laws,sparse_skew,2000,42,667,481200.0,305050.0,247900.0,250050.0,4.5245,449200,mean_ring,250050.0,247900.0,250050.0,train
laws:3,laws,sparse_skew,2000,42,1333,433850.0,285700.0,237050.0,227400.0,4.5245,449200,mean_ring,227400.0,227400.0,227400.0,train
laws:30,laws,clustered_integer,2000,1729,667,1411300.0,866650.0,756100.0,677600.0,26.096,1045000,mean_ring,677600.0,677600.0,677600.0,holdout
laws:30,laws,clustered_integer,2000,1729,1333,1453150.0,800850.0,654250.0,606350.0,26.096,1045000,mean_ring,606350.0,606350.0,606350.0,holdout
laws:31,laws,clustered_shuffle,2000,1729,667,834250.0,709400.0,595150.0,551650.0,26.096,2355500,mean_ring,551650.0,551650.0,551650.0,holdout
laws:31,laws,clustered_shuffle,2000,1729,1333,779300.0,701450.0,555650.0,573750.0,26.096,2355500,mean_ring,573750.0,555650.0,573750.0,holdout
laws:32,laws,clustered_scale,2000,1729,667,879300.0,842250.0,568500.0,540200.0,26.096,2262000,mean_ring,540200.0,540200.0,540200.0,holdout
laws:32,laws,clustered_scale,2000,1729,1333,947550.0,968450.0,675150.0,634900.0,26.096,2262000,mean_ring,634900.0,634900.0,634900.0,holdout
laws:33,laws,sparse_uniform,2000,2026,667,453900.0,319450.0,274800.0,254850.0,4.4765,402200,mean_ring,254850.0,254850.0,254850.0,holdout
laws:33,laws,sparse_uniform,2000,2026,1333,461200.0,326300.0,273650.0,254600.0,4.4765,402200,mean_ring,254600.0,254600.0,254600.0,holdout
laws:34,laws,sparse_near,2000,2026,667,333300.0,178450.0,248200.0,230800.0,4.4765,401000,mean_ring,230800.0,178450.0,230800.0,holdout
laws:34,laws,sparse_near,2000,2026,1333,351450.0,185600.0,253900.0,245300.0,4.4765,401000,mean_ring,245300.0,185600.0,245300.0,holdout
laws:35,laws,sparse_skew,2000,2026,667,531100.0,318750.0,255950.0,246900.0,4.4765,415500,mean_ring,246900.0,246900.0,246900.0,holdout
laws:35,laws,sparse_skew,2000,2026,1333,473300.0,300000.0,270000.0,248850.0,4.4765,415500,mean_ring,248850.0,248850.0,248850.0,holdout
laws:36,laws,sparse_bimodal,2000,2026,667,487800.0,187150.0,185550.0,188300.0,4.4765,184200,mean_ring,188300.0,185550.0,188300.0,holdout
laws:36,laws,sparse_bimodal,2000,2026,1333,480450.0,190550.0,194350.0,194500.0,4.4765,184200,mean_ring,194500.0,190550.0,194500.0,holdout
laws:37,laws,sparse_zero,2000,2026,667,690600.0,392850.0,551650.0,496850.0,4.4765,415900,mean_ring,496850.0,392850.0,496850.0,holdout
laws:37,laws,sparse_zero,2000,2026,1333,623200.0,392650.0,521450.0,517150.0,4.4765,415900,mean_ring,517150.0,392650.0,517150.0,holdout
laws:38,laws,sparse_integer,2000,2026,667,671350.0,329850.0,290500.0,279200.0,4.4765,273800,mean_ring,279200.0,279200.0,279200.0,holdout
laws:38,laws,sparse_integer,2000,2026,1333,621550.0,325950.0,274650.0,257150.0,4.4765,273800,mean_ring,257150.0,257150.0,257150.0,holdout
laws:39,laws,sparse_shuffle,2000,2026,667,437650.0,318850.0,267100.0,243450.0,4.4765,411600,mean_ring,243450.0,243450.0,243450.0,holdout
laws:39,laws,sparse_shuffle,2000,2026,1333,449000.0,319650.0,258850.0,252050.0,4.4765,411600,mean_ring,252050.0,252050.0,252050.0,holdout
laws:4,laws,sparse_bimodal,2000,42,667,496500.0,176100.0,172300.0,186650.0,4.5245,238900,mean_ring,186650.0,172300.0,186650.0,train
laws:4,laws,sparse_bimodal,2000,42,1333,486250.0,184350.0,168850.0,169350.0,4.5245,238900,mean_ring,169350.0,168850.0,169350.0,train
laws:40,laws,sparse_scale,2000,2026,667,443850.0,341750.0,293450.0,246000.0,4.4765,381400,mean_ring,246000.0,246000.0,246000.0,holdout
laws:40,laws,sparse_scale,2000,2026,1333,471100.0,319400.0,279400.0,257400.0,4.4765,381400,mean_ring,257400.0,257400.0,257400.0,holdout
laws:41,laws,clustered_uniform,2000,2026,667,923250.0,916100.0,610650.0,611000.0,26.1505,2553000,mean_ring,611000.0,610650.0,611000.0,holdout
laws:41,laws,clustered_uniform,2000,2026,1333,913550.0,934200.0,622200.0,616000.0,26.1505,2553000,mean_ring,616000.0,616000.0,616000.0,holdout
laws:42,laws,clustered_near,2000,2026,667,475500.0,434850.0,483450.0,472550.0,26.1505,2512700,mean_ring,472550.0,434850.0,472550.0,holdout
laws:42,laws,clustered_near,2000,2026,1333,482400.0,436850.0,510550.0,492150.0,26.1505,2512700,mean_ring,492150.0,436850.0,492150.0,holdout
laws:43,laws,clustered_skew,2000,2026,667,674350.0,613900.0,504400.0,504200.0,26.1505,2547900,mean_ring,504200.0,504200.0,504200.0,holdout
laws:43,laws,clustered_skew,2000,2026,1333,611200.0,622750.0,536000.0,498550.0,26.1505,2547900,mean_ring,498550.0,498550.0,498550.0,holdout
laws:44,laws,clustered_bimodal,2000,2026,667,513800.0,392500.0,409550.0,409500.0,26.1505,579400,mean_ring,409500.0,392500.0,409500.0,holdout
laws:44,laws,clustered_bimodal,2000,2026,1333,480950.0,424550.0,427250.0,418150.0,26.1505,579400,mean_ring,418150.0,418150.0,418150.0,holdout
laws:45,laws,clustered_zero,2000,2026,667,1014300.0,443200.0,586000.0,590100.0,26.1505,2040700,mean_ring,590100.0,443200.0,590100.0,holdout
laws:45,laws,clustered_zero,2000,2026,1333,1041200.0,447750.0,589950.0,587400.0,26.1505,2040700,mean_ring,587400.0,447750.0,587400.0,holdout
laws:46,laws,clustered_integer,2000,2026,667,1450850.0,858100.0,660250.0,729550.0,26.1505,934200,mean_ring,729550.0,660250.0,729550.0,holdout
laws:46,laws,clustered_integer,2000,2026,1333,1422250.0,852250.0,689700.0,632250.0,26.1505,934200,mean_ring,632250.0,632250.0,632250.0,holdout
laws:47,laws,clustered_shuffle,2000,2026,667,758850.0,678450.0,547300.0,519200.0,26.1505,2139700,mean_ring,519200.0,519200.0,519200.0,holdout
laws:47,laws,clustered_shuffle,2000,2026,1333,747950.0,648750.0,556000.0,538550.0,26.1505,2139700,mean_ring,538550.0,538550.0,538550.0,holdout
laws:48,laws,clustered_scale,2000,2026,667,850100.0,873450.0,560100.0,532450.0,26.1505,2170100,mean_ring,532450.0,532450.0,532450.0,holdout
laws:48,laws,clustered_scale,2000,2026,1333,867050.0,872000.0,575250.0,535550.0,26.1505,2170100,mean_ring,535550.0,535550.0,535550.0,holdout
laws:5,laws,sparse_zero,2000,42,667,574800.0,340250.0,567100.0,526150.0,4.5245,342900,mean_ring,526150.0,340250.0,526150.0,train
laws:5,laws,sparse_zero,2000,42,1333,565200.0,345200.0,378450.0,369700.0,4.5245,342900,mean_ring,369700.0,345200.0,369700.0,train
laws:6,laws,sparse_integer,2000,42,667,528950.0,279000.0,238550.0,237900.0,4.5245,228900,mean_ring,237900.0,237900.0,237900.0,train
laws:6,laws,sparse_integer,2000,42,1333,640750.0,287700.0,235050.0,219750.0,4.5245,228900,mean_ring,219750.0,219750.0,219750.0,train
laws:7,laws,sparse_shuffle,2000,42,667,403750.0,278300.0,278850.0,225450.0,4.5245,492200,mean_ring,225450.0,225450.0,225450.0,train
laws:7,laws,sparse_shuffle,2000,42,1333,421700.0,282150.0,238100.0,227450.0,4.5245,492200,mean_ring,227450.0,227450.0,227450.0,train
laws:8,laws,sparse_scale,2000,42,667,391850.0,280700.0,237250.0,227500.0,4.5245,448400,mean_ring,227500.0,227500.0,227500.0,train
laws:8,laws,sparse_scale,2000,42,1333,426450.0,288600.0,252500.0,226300.0,4.5245,448400,mean_ring,226300.0,226300.0,226300.0,train
laws:9,laws,clustered_uniform,2000,42,667,816750.0,818350.0,540250.0,523450.0,25.959,1971100,mean_ring,523450.0,523450.0,523450.0,train
laws:9,laws,clustered_uniform,2000,42,1333,874550.0,788750.0,527250.0,518700.0,25.959,1971100,mean_ring,518700.0,518700.0,518700.0,train
layout:1,layout,weight,5000,42,1666,1103150.0,675450.0,633650.0,543050.0,4.5324,1001300,mean_ring,543050.0,543050.0,543050.0,train
layout:1,layout,weight,5000,42,3333,1169050.0,692750.0,596700.0,555850.0,4.5324,1001300,mean_ring,555850.0,555850.0,555850.0,train
layout:10,layout,rcm,100000,42,77462,52922850.0,27792700.0,29451950.0,28221400.0,4.50557,25667000,mean_ring,28221400.0,27792700.0,28221400.0,train
layout:10,layout,rcm,100000,42,96072,49836750.0,25996050.0,27667900.0,28178000.0,4.50557,25667000,mean_ring,28178000.0,25996050.0,28178000.0,train
layout:11,layout,weight,5000,1729,1666,1156550.0,735650.0,617150.0,550850.0,4.4894,1354100,mean_ring,550850.0,550850.0,550850.0,holdout
layout:11,layout,weight,5000,1729,3333,1099950.0,693700.0,690100.0,608900.0,4.4894,1354100,mean_ring,608900.0,608900.0,608900.0,holdout
layout:12,layout,destination,5000,1729,1666,1090650.0,726500.0,777750.0,736200.0,4.4894,1174500,mean_ring,736200.0,726500.0,736200.0,holdout
layout:12,layout,destination,5000,1729,3333,1153850.0,714850.0,790500.0,714050.0,4.4894,1174500,mean_ring,714050.0,714050.0,714050.0,holdout
layout:13,layout,random,5000,1729,1666,1103250.0,690000.0,778900.0,713300.0,4.4894,1104700,mean_ring,713300.0,690000.0,713300.0,holdout
layout:13,layout,random,5000,1729,3333,1104350.0,701700.0,769700.0,697350.0,4.4894,1104700,mean_ring,697350.0,697350.0,697350.0,holdout
layout:14,layout,bfs,5000,1729,1989,1219250.0,708750.0,612450.0,561950.0,4.4894,1135000,mean_ring,561950.0,561950.0,561950.0,holdout
layout:14,layout,bfs,5000,1729,2419,1143550.0,767750.0,628450.0,588100.0,4.4894,1135000,mean_ring,588100.0,588100.0,588100.0,holdout
layout:15,layout,rcm,5000,1729,2580,1144600.0,690750.0,629000.0,592400.0,4.4894,1156700,mean_ring,592400.0,592400.0,592400.0,holdout
layout:15,layout,rcm,5000,1729,3010,1132950.0,692900.0,630100.0,649600.0,4.4894,1156700,mean_ring,649600.0,630100.0,649600.0,holdout
layout:16,layout,weight,100000,1729,33333,49274500.0,26223950.0,26718850.0,26686950.0,4.48748,21451100,mean_ring,26686950.0,26223950.0,26686950.0,holdout
layout:16,layout,weight,100000,1729,66666,50691600.0,26733250.0,27309300.0,26570500.0,4.48748,21451100,mean_ring,26570500.0,26570500.0,26570500.0,holdout
layout:17,layout,destination,100000,1729,33333,50950700.0,27621050.0,32676650.0,31977250.0,4.48748,24280200,mean_ring,31977250.0,27621050.0,31977250.0,holdout
layout:17,layout,destination,100000,1729,66666,48750650.0,26490500.0,32103700.0,29356050.0,4.48748,24280200,mean_ring,29356050.0,26490500.0,29356050.0,holdout
layout:18,layout,random,100000,1729,33333,47371800.0,25444950.0,32255300.0,29509300.0,4.48748,21693100,mean_ring,29509300.0,25444950.0,29509300.0,holdout
layout:18,layout,random,100000,1729,66666,47677700.0,24981600.0,29592100.0,29125300.0,4.48748,21693100,mean_ring,29125300.0,24981600.0,29125300.0,holdout
layout:19,layout,bfs,100000,1729,30541,48547250.0,26106150.0,26083000.0,26063850.0,4.48748,22847000,mean_ring,26063850.0,26063850.0,26063850.0,holdout
layout:19,layout,bfs,100000,1729,97704,48157500.0,25838950.0,26279950.0,25482700.0,4.48748,22847000,mean_ring,25482700.0,25482700.0,25482700.0,holdout
layout:2,layout,destination,5000,42,1666,1096950.0,704450.0,779700.0,740800.0,4.5324,982200,mean_ring,740800.0,704450.0,740800.0,train
layout:2,layout,destination,5000,42,3333,1077800.0,684200.0,736900.0,694050.0,4.5324,982200,mean_ring,694050.0,684200.0,694050.0,train
layout:20,layout,rcm,100000,1729,2295,48088650.0,25533250.0,26283400.0,26797200.0,4.48748,24352900,mean_ring,26797200.0,25533250.0,26797200.0,holdout
layout:20,layout,rcm,100000,1729,69458,47943400.0,24217600.0,26974900.0,26500800.0,4.48748,24352900,mean_ring,26500800.0,24217600.0,26500800.0,holdout
layout:21,layout,weight,5000,2026,1666,1186700.0,687400.0,589100.0,560950.0,4.5234,986600,mean_ring,560950.0,560950.0,560950.0,holdout
layout:21,layout,weight,5000,2026,3333,1170350.0,723650.0,599650.0,556600.0,4.5234,986600,mean_ring,556600.0,556600.0,556600.0,holdout
layout:22,layout,destination,5000,2026,1666,1164600.0,695950.0,790650.0,724150.0,4.5234,967200,mean_ring,724150.0,695950.0,724150.0,holdout
layout:22,layout,destination,5000,2026,3333,1154350.0,712550.0,784350.0,739850.0,4.5234,967200,mean_ring,739850.0,712550.0,739850.0,holdout
layout:23,layout,random,5000,2026,1666,1089050.0,699050.0,767450.0,713750.0,4.5234,953800,mean_ring,713750.0,699050.0,713750.0,holdout
layout:23,layout,random,5000,2026,3333,1164900.0,698750.0,778800.0,716250.0,4.5234,953800,mean_ring,716250.0,698750.0,716250.0,holdout
layout:24,layout,bfs,5000,2026,289,1084200.0,695250.0,599400.0,564850.0,4.5234,992800,mean_ring,564850.0,564850.0,564850.0,holdout
layout:24,layout,bfs,5000,2026,4813,1112000.0,680300.0,592800.0,561850.0,4.5234,992800,mean_ring,561850.0,561850.0,561850.0,holdout
layout:25,layout,rcm,5000,2026,186,1146300.0,747550.0,660350.0,577100.0,4.5234,983000,mean_ring,577100.0,577100.0,577100.0,holdout
layout:25,layout,rcm,5000,2026,4710,1143800.0,711150.0,610900.0,596950.0,4.5234,983000,mean_ring,596950.0,596950.0,596950.0,holdout
layout:26,layout,weight,100000,2026,33333,46065350.0,23659050.0,25211550.0,24423300.0,4.4926,22462800,mean_ring,24423300.0,23659050.0,24423300.0,holdout
layout:26,layout,weight,100000,2026,66666,46986550.0,24847600.0,25372750.0,24282650.0,4.4926,22462800,mean_ring,24282650.0,24282650.0,24282650.0,holdout
layout:27,layout,destination,100000,2026,33333,51427900.0,25308350.0,31947900.0,30381850.0,4.4926,22876800,mean_ring,30381850.0,25308350.0,30381850.0,holdout
layout:27,layout,destination,100000,2026,66666,52993650.0,27313300.0,33440650.0,31552850.0,4.4926,22876800,mean_ring,31552850.0,27313300.0,31552850.0,holdout
layout:28,layout,random,100000,2026,33333,49837400.0,25728950.0,31183650.0,29009600.0,4.4926,28867600,mean_ring,29009600.0,25728950.0,29009600.0,holdout
layout:28,layout,random,100000,2026,66666,49166800.0,26014950.0,29656050.0,29940650.0,4.4926,28867600,mean_ring,29940650.0,26014950.0,29940650.0,holdout
layout:29,layout,bfs,100000,2026,12031,47639850.0,26592100.0,28508050.0,26080500.0,4.4926,25548600,mean_ring,26080500.0,26080500.0,26080500.0,holdout
layout:29,layout,bfs,100000,2026,93579,65247250.0,33403450.0,32389200.0,33123300.0,4.4926,25548600,mean_ring,33123300.0,32389200.0,33123300.0,holdout
layout:3,layout,random,5000,42,1666,1176500.0,677950.0,735600.0,678000.0,4.5324,1341400,mean_ring,678000.0,677950.0,678000.0,train
layout:3,layout,random,5000,42,3333,1186500.0,666400.0,750950.0,679450.0,4.5324,1341400,mean_ring,679450.0,666400.0,679450.0,train
layout:30,layout,rcm,100000,2026,6420,51983900.0,27939550.0,28438000.0,27057750.0,4.4926,57630600,mean_ring,27057750.0,27057750.0,27057750.0,holdout
layout:30,layout,rcm,100000,2026,87968,51237500.0,27816650.0,30266700.0,27601000.0,4.4926,57630600,mean_ring,27601000.0,27601000.0,27601000.0,holdout
layout:4,layout,bfs,5000,42,623,1079900.0,695850.0,623100.0,563450.0,4.5324,1121900,mean_ring,563450.0,563450.0,563450.0,train
layout:4,layout,bfs,5000,42,4621,1116500.0,747600.0,703150.0,557450.0,4.5324,1121900,mean_ring,557450.0,557450.0,557450.0,train
layout:5,layout,rcm,5000,42,378,1066100.0,672100.0,596050.0,530850.0,4.5324,1060300,mean_ring,530850.0,530850.0,530850.0,train
layout:5,layout,rcm,5000,42,4376,1076050.0,727000.0,659050.0,581650.0,4.5324,1060300,mean_ring,581650.0,581650.0,581650.0,train
layout:6,layout,weight,100000,42,33333,46354200.0,23869200.0,24560850.0,23717950.0,4.50557,25107700,mean_ring,23717950.0,23717950.0,23717950.0,train
layout:6,layout,weight,100000,42,66666,46192150.0,23969500.0,25264850.0,24194050.0,4.50557,25107700,mean_ring,24194050.0,23969500.0,24194050.0,train
layout:7,layout,destination,100000,42,33333,46769850.0,24457500.0,31352850.0,29443400.0,4.50557,22228600,mean_ring,29443400.0,24457500.0,29443400.0,train
layout:7,layout,destination,100000,42,66666,46070150.0,24255850.0,29837350.0,29192450.0,4.50557,22228600,mean_ring,29192450.0,24255850.0,29192450.0,train
layout:8,layout,random,100000,42,33333,47796350.0,24409050.0,30558350.0,28723200.0,4.50557,25969700,mean_ring,28723200.0,24409050.0,28723200.0,train
layout:8,layout,random,100000,42,66666,49490050.0,26470250.0,31637300.0,30311850.0,4.50557,25969700,mean_ring,30311850.0,26470250.0,30311850.0,train
layout:9,layout,bfs,100000,42,3927,48386850.0,25672550.0,26083650.0,25854400.0,4.50557,26428000,mean_ring,25854400.0,25672550.0,25854400.0,train
layout:9,layout,bfs,100000,42,22537,49472650.0,26043650.0,27087250.0,25508100.0,4.50557,26428000,mean_ring,25508100.0,25508100.0,25508100.0,train
roads:1,roads,NY,264346,0,37763,60382500.0,40213400.0,38977400.0,34770450.0,2.776081348,36498100,mean_ring,34770450.0,34770450.0,34770450.0,holdout
roads:1,roads,NY,264346,0,75527,50871850.0,35791950.0,33899850.0,30612800.0,2.776081348,36498100,mean_ring,30612800.0,30612800.0,30612800.0,holdout
roads:1,roads,NY,264346,0,113291,54996250.0,36538300.0,34389300.0,31415450.0,2.776081348,36498100,mean_ring,31415450.0,31415450.0,31415450.0,holdout
roads:1,roads,NY,264346,0,151054,54432850.0,34948550.0,33564050.0,31159900.0,2.776081348,36498100,mean_ring,31159900.0,31159900.0,31159900.0,holdout
roads:1,roads,NY,264346,0,188818,55205750.0,35946650.0,35143750.0,31587900.0,2.776081348,36498100,mean_ring,31587900.0,31587900.0,31587900.0,holdout
roads:1,roads,NY,264346,0,226582,52760000.0,34292000.0,33586550.0,30235100.0,2.776081348,36498100,mean_ring,30235100.0,30235100.0,30235100.0,holdout
roads:2,roads,BAY,321270,0,45895,60046900.0,45053200.0,41004550.0,36364300.0,2.490652722,27391900,mean_ring,36364300.0,36364300.0,36364300.0,holdout
roads:2,roads,BAY,321270,0,91791,57661750.0,44410800.0,39989150.0,36664050.0,2.490652722,27391900,mean_ring,36664050.0,36664050.0,36664050.0,holdout
roads:2,roads,BAY,321270,0,137687,59289750.0,43648850.0,41614000.0,36863600.0,2.490652722,27391900,mean_ring,36863600.0,36863600.0,36863600.0,holdout
roads:2,roads,BAY,321270,0,183582,60600550.0,43057650.0,41756250.0,37954700.0,2.490652722,27391900,mean_ring,37954700.0,37954700.0,37954700.0,holdout
roads:2,roads,BAY,321270,0,229478,56055100.0,44252500.0,40991650.0,36034800.0,2.490652722,27391900,mean_ring,36034800.0,36034800.0,36034800.0,holdout
roads:2,roads,BAY,321270,0,275374,60902350.0,42352350.0,42008400.0,35492750.0,2.490652722,27391900,mean_ring,35492750.0,35492750.0,35492750.0,holdout
roads:3,roads,COL,435666,0,62238,78886400.0,61204450.0,55651500.0,48840000.0,2.426321999,43954700,mean_ring,48840000.0,48840000.0,48840000.0,holdout
roads:3,roads,COL,435666,0,124476,79354050.0,62161100.0,56034450.0,48644350.0,2.426321999,43954700,mean_ring,48644350.0,48644350.0,48644350.0,holdout
roads:3,roads,COL,435666,0,186714,79551750.0,62014700.0,55312500.0,48989800.0,2.426321999,43954700,mean_ring,48989800.0,48989800.0,48989800.0,holdout
roads:3,roads,COL,435666,0,248952,77985800.0,63769300.0,56932000.0,48532150.0,2.426321999,43954700,mean_ring,48532150.0,48532150.0,48532150.0,holdout
roads:3,roads,COL,435666,0,311190,79888200.0,62351750.0,55952250.0,50161200.0,2.426321999,43954700,mean_ring,50161200.0,50161200.0,50161200.0,holdout
roads:3,roads,COL,435666,0,373428,80918200.0,64280600.0,59460950.0,49973650.0,2.426321999,43954700,mean_ring,49973650.0,49973650.0,49973650.0,holdout
scale:1,scale,sparse_fast,10000,42,3333,3179150.0,1741350.0,2089500.0,1672250.0,4.5135,2388100,mean_ring,1672250.0,1672250.0,1672250.0,train
scale:1,scale,sparse_fast,10000,42,6666,3130950.0,1687350.0,1835200.0,1650100.0,4.5135,2388100,mean_ring,1650100.0,1650100.0,1650100.0,train
scale:2,scale,sparse_fast,100000,42,33333,50720350.0,26680100.0,28275400.0,27178750.0,4.50557,27546400,mean_ring,27178750.0,26680100.0,27178750.0,train
scale:2,scale,sparse_fast,100000,42,66666,51580500.0,27897350.0,28544250.0,28063400.0,4.50557,27546400,mean_ring,28063400.0,27897350.0,28063400.0,train
scale:3,scale,sparse_fast,1000000,42,333333,772534150.0,464813800.0,455073550.0,438611250.0,4.501626,294752700,mean_ring,438611250.0,438611250.0,438611250.0,train
scale:3,scale,sparse_fast,1000000,42,666666,892353400.0,498710850.0,496863500.0,509092750.0,4.501626,294752700,mean_ring,509092750.0,496863500.0,509092750.0,train
scale:4,scale,sparse_fast,10000,1729,3333,2985900.0,1709300.0,1944700.0,1384500.0,4.455,2555800,mean_ring,1384500.0,1384500.0,1384500.0,holdout
scale:4,scale,sparse_fast,10000,1729,6666,2759850.0,1854500.0,1792950.0,1764750.0,4.455,2555800,mean_ring,1764750.0,1764750.0,1764750.0,holdout
scale:5,scale,sparse_fast,100000,1729,33333,51600450.0,28665850.0,29799050.0,29315450.0,4.48748,27773000,mean_ring,29315450.0,28665850.0,29315450.0,holdout
scale:5,scale,sparse_fast,100000,1729,66666,52888850.0,28454450.0,29710400.0,29231850.0,4.48748,27773000,mean_ring,29231850.0,28454450.0,29231850.0,holdout
scale:6,scale,sparse_fast,1000000,1729,333333,764675250.0,434295950.0,426888250.0,422245200.0,4.498706,332439300,mean_ring,422245200.0,422245200.0,422245200.0,holdout
scale:6,scale,sparse_fast,1000000,1729,666666,829467000.0,436345450.0,455914950.0,451859200.0,4.498706,332439300,mean_ring,451859200.0,436345450.0,451859200.0,holdout
scale:7,scale,sparse_fast,10000,2026,3333,2942550.0,2085500.0,1582650.0,1473650.0,4.4758,2247600,mean_ring,1473650.0,1473650.0,1473650.0,holdout
scale:7,scale,sparse_fast,10000,2026,6666,2888350.0,1689100.0,1578250.0,1596600.0,4.4758,2247600,mean_ring,1596600.0,1578250.0,1596600.0,holdout
scale:8,scale,sparse_fast,100000,2026,33333,47895450.0,24127250.0,25204600.0,25453750.0,4.4926,26652800,mean_ring,25453750.0,24127250.0,25453750.0,holdout
scale:8,scale,sparse_fast,100000,2026,66666,44340600.0,24333250.0,24637200.0,24461050.0,4.4926,26652800,mean_ring,24461050.0,24333250.0,24461050.0,holdout
scale:9,scale,sparse_fast,1000000,2026,333333,851492950.0,515711450.0,443641800.0,468930500.0,4.498579,263993300,mean_ring,468930500.0,443641800.0,468930500.0,holdout
scale:9,scale,sparse_fast,1000000,2026,666666,750786800.0,424712150.0,425298200.0,424805350.0,4.498579,263993300,mean_ring,424805350.0,424712150.0,424805350.0,holdout
